"TIMESTAMP","EQ_NAME","ATTR","VALUE","CALC_PROC"
"Feb  5 2015  9:37AM","DP","SCANNINGON2","","PHD.KS_20_0104D_"
"Feb 20 2015  5:41PM","CL_TB_D","EQUIPMENT_NAME","D",""
"Feb 20 2015  5:41PM","CL_TB_D","EQUIPMENT_DESC","Cluster D - Troll B",""
"Feb 20 2015  5:41PM","CL_TB_D","QOIL","","PHD.OFI_18_6196A"
"Feb 20 2015  5:41PM","CL_TB_D","QWAT","","PHD.OFI_18_6196B"
"Feb 20 2015  5:41PM","CL_TB_D","QLIQ","","PHD.OFI_18_6196C"
"Feb 20 2015  5:41PM","CL_TB_D","QGAS","","PHD.OFI_18_6196D"
"Feb 20 2015  5:41PM","CL_TB_D","WC","","PHD.OFFI_18_6196A"
"Feb 20 2015  5:41PM","CL_TB_D","GOR","","PHD.OFFI_18_6196B"
"Feb 20 2015  5:41PM","CL_TB_D","ROUTING","",""
"Feb 20 2015  5:41PM","CL_TB_E","EQUIPMENT_NAME","E",""
"Feb 20 2015  5:41PM","CL_TB_E","EQUIPMENT_DESC","Cluster E - Troll B",""
"Feb 20 2015  5:41PM","CL_TB_E","QOIL","","PHD.OFI_18_6296A"
"Feb 20 2015  5:41PM","CL_TB_E","QWAT","","PHD.OFI_18_6296B"
"Feb 20 2015  5:41PM","CL_TB_E","QLIQ","","PHD.OFI_18_6296C"
"Feb 20 2015  5:41PM","CL_TB_E","QGAS","","PHD.OFI_18_6296D"
"Feb 20 2015  5:41PM","CL_TB_E","WC","","PHD.OFFI_18_6296A"
"Feb 20 2015  5:41PM","CL_TB_E","GOR","","PHD.OFFI_18_6296B"
"Feb 20 2015  5:41PM","CL_TB_E","ROUTING","",""
"Feb 20 2015  5:41PM","CL_TB_F","EQUIPMENT_NAME","F",""
"Feb 20 2015  5:41PM","CL_TB_F","EQUIPMENT_DESC","Cluster F - Troll B",""
"Feb 20 2015  5:41PM","CL_TB_F","QOIL","","PHD.OFI_18_6396A"
"Feb 20 2015  5:41PM","CL_TB_F","QWAT","","PHD.OFI_18_6396B"
"Feb 20 2015  5:41PM","CL_TB_F","QLIQ","","PHD.OFI_18_6396C"
"Feb 20 2015  5:41PM","CL_TB_F","QGAS","","PHD.OFI_18_6396D"
"Feb 20 2015  5:41PM","CL_TB_F","WC","","PHD.OFFI_18_6396A"
"Feb 20 2015  5:41PM","CL_TB_F","GOR","","PHD.OFFI_18_6396B"
"Feb 20 2015  5:41PM","CL_TB_F","ROUTING","",""
"Feb 20 2015  5:41PM","CL_TB_G","EQUIPMENT_NAME","G",""
"Feb 20 2015  5:41PM","CL_TB_G","EQUIPMENT_DESC","Cluster G - Troll B",""
"Feb 20 2015  5:41PM","CL_TB_G","QOIL","","PHD.OFI_18_6496A"
"Feb 20 2015  5:41PM","CL_TB_G","QWAT","","PHD.OFI_18_6496B"
"Feb 20 2015  5:41PM","CL_TB_G","QLIQ","","PHD.OFI_18_6496C"
"Feb 20 2015  5:41PM","CL_TB_G","QGAS","","PHD.OFI_18_6496D"
"Feb 20 2015  5:41PM","CL_TB_G","WC","","PHD.OFFI_18_6496A"
"Feb 20 2015  5:41PM","CL_TB_G","GOR","","PHD.OFFI_18_6496B"
"Feb 20 2015  5:41PM","CL_TB_G","ROUTING","",""
"Feb 20 2015  5:41PM","CL_TB_H","EQUIPMENT_NAME","H",""
"Feb 20 2015  5:41PM","CL_TB_H","EQUIPMENT_DESC","Cluster H - Troll B",""
"Feb 20 2015  5:41PM","CL_TB_H","QOIL","","PHD.OFI_18_6796A"
"Feb 20 2015  5:41PM","CL_TB_H","QWAT","","PHD.OFI_18_6796B"
"Feb 20 2015  5:41PM","CL_TB_H","QLIQ","","PHD.OFI_18_6796C"
"Feb 20 2015  5:41PM","CL_TB_H","QGAS","","PHD.OFI_18_6796D"
"Feb 20 2015  5:41PM","CL_TB_H","WC","","PHD.OFFI_18_6796A"
"Feb 20 2015  5:41PM","CL_TB_H","GOR","","PHD.OFFI_18_6796B"
"Feb 20 2015  5:41PM","CL_TB_H","ROUTING","",""
"Feb 20 2015  5:41PM","CL_TB_I","EQUIPMENT_NAME","I",""
"Feb 20 2015  5:41PM","CL_TB_I","EQUIPMENT_DESC","Cluster I - Troll B",""
"Feb 20 2015  5:41PM","CL_TB_I","QOIL","","PHD.OFI_18_6896A"
"Feb 20 2015  5:41PM","CL_TB_I","QWAT","","PHD.OFI_18_6896B"
"Feb 20 2015  5:41PM","CL_TB_I","QLIQ","","PHD.OFI_18_6896C"
"Feb 20 2015  5:41PM","CL_TB_I","QGAS","","PHD.OFI_18_6896D"
"Feb 20 2015  5:41PM","CL_TB_I","WC","","PHD.OFFI_18_6896A"
"Feb 20 2015  5:41PM","CL_TB_I","GOR","","PHD.OFFI_18_6896B"
"Feb 20 2015  5:41PM","CL_TB_I","ROUTING","",""
"Feb 20 2015  5:41PM","CL_TB_J","EQUIPMENT_NAME","J",""
"Feb 20 2015  5:41PM","CL_TB_J","EQUIPMENT_DESC","Cluster J - Troll B",""
"Feb 20 2015  5:41PM","CL_TB_J","QOIL","","PHD.OFI_18_6996A"
"Feb 20 2015  5:41PM","CL_TB_J","QWAT","","PHD.OFI_18_6996B"
"Feb 20 2015  5:41PM","CL_TB_J","QLIQ","","PHD.OFI_18_6996C"
"Feb 20 2015  5:41PM","CL_TB_J","QGAS","","PHD.OFI_18_6996D"
"Feb 20 2015  5:41PM","CL_TB_J","WC","","PHD.OFFI_18_6996A"
"Feb 20 2015  5:41PM","CL_TB_J","GOR","","PHD.OFFI_18_6996B"
"Feb 20 2015  5:41PM","CL_TB_J","ROUTING","",""
"Feb 20 2015  5:41PM","CL_TB_K","EQUIPMENT_NAME","K",""
"Feb 20 2015  5:41PM","CL_TB_K","EQUIPMENT_DESC","Cluster K - Troll B",""
"Feb 20 2015  5:41PM","CL_TB_K","QOIL","","PHD.OFI_18_7096A"
"Feb 20 2015  5:41PM","CL_TB_K","QWAT","","PHD.OFI_18_7096B"
"Feb 20 2015  5:41PM","CL_TB_K","QLIQ","","PHD.OFI_18_7096C"
"Feb 20 2015  5:41PM","CL_TB_K","QGAS","","PHD.OFI_18_7096D"
"Feb 20 2015  5:41PM","CL_TB_K","WC","","PHD.OFFI_18_7096A"
"Feb 20 2015  5:41PM","CL_TB_K","GOR","","PHD.OFFI_18_7096B"
"Feb 20 2015  5:41PM","CL_TB_K","ROUTING","",""
"Feb 20 2015  5:41PM","CL_TB_L","EQUIPMENT_NAME","L",""
"Feb 20 2015  5:41PM","CL_TB_L","EQUIPMENT_DESC","Cluster L - Troll B",""
"Feb 20 2015  5:41PM","CL_TB_L","QOIL","","PHD.OFI_18_7196A"
"Feb 20 2015  5:41PM","CL_TB_L","QWAT","","PHD.OFI_18_7196B"
"Feb 20 2015  5:41PM","CL_TB_L","QLIQ","","PHD.OFI_18_7196C"
"Feb 20 2015  5:41PM","CL_TB_L","QGAS","","PHD.OFI_18_7196D"
"Feb 20 2015  5:41PM","CL_TB_L","WC","","PHD.OFFI_18_7196A"
"Feb 20 2015  5:41PM","CL_TB_L","GOR","","PHD.OFFI_18_7196B"
"Feb 20 2015  5:41PM","CL_TB_L","ROUTING","",""
"Feb 20 2015  5:41PM","F_TROLL","EQUIPMENT_NAME","F_TROLL",""
"Feb 20 2015  5:41PM","F_TROLL","EQUIPMENT_DESC","F_TROLL",""
"Feb 20 2015  5:41PM","OL","EQUIPMENT_NAME","OL",""
"Feb 20 2015  5:41PM","OL","EQUIPMENT_DESC","OL",""
"Feb 20 2015  5:41PM","OSL_ALL_FIELDS","EQUIPMENT_NAME","OSL_ALL_FIELDS",""
"Feb 20 2015  5:41PM","OSL_ALL_FIELDS","EQUIPMENT_DESC","OSL_ALL_FIELDS",""
"Feb 20 2015  5:41PM","P_TB","EQUIPMENT_NAME","TB",""
"Feb 20 2015  5:41PM","P_TB","EQUIPMENT_DESC","TB",""
"Feb 20 2015  5:41PM","PL_TB_D_P","EQUIPMENT_NAME","D_P",""
"Feb 20 2015  5:41PM","PL_TB_D_P","EQUIPMENT_DESC","D Prod - Troll B",""
"Feb 20 2015  5:41PM","PL_TB_D_P","QOIL","","PHD.OFI_18_6196PA"
"Feb 20 2015  5:41PM","PL_TB_D_P","QWAT","","PHD.OFI_18_6196PB"
"Feb 20 2015  5:41PM","PL_TB_D_P","QLIQ","","PHD.OFI_18_6196PC"
"Feb 20 2015  5:41PM","PL_TB_D_P","QGAS","","PHD.OFI_18_6196PD"
"Feb 20 2015  5:41PM","PL_TB_D_P","WC","","PHD.OFFI_18_6196PA"
"Feb 20 2015  5:41PM","PL_TB_D_P","GOR","","PHD.OFFI_18_6196PB"
"Feb 20 2015  5:41PM","PL_TB_D_P","UCP","","PHD.PZTI_16_0012"
"Feb 20 2015  5:41PM","PL_TB_D_P","UCT","","PHD.TT_16_0011"
"Feb 20 2015  5:41PM","PL_TB_D_P","DCP","","PHD.PZTI_16_0013"
"Feb 20 2015  5:41PM","PL_TB_D_P","DP","","PHD.PDI_16_0010"
"Feb 20 2015  5:41PM","PL_TB_D_P","CHOKE","","PHD.HC_16_0008"
"Feb 20 2015  5:41PM","PL_TB_D_P","ROUTING","","PHD.HY_16_0030"
"Feb 20 2015  5:41PM","PL_TB_D_P","PMFLD","",""
"Feb 20 2015  5:41PM","PL_TB_D_P","GASLIFT","","PHD.FIC_23_0251"
"Feb 20 2015  5:41PM","PL_TB_D_P","GROUP","",""
"Feb 20 2015  5:41PM","PL_TB_D_P","CLUSTER","",""
"Feb 20 2015  5:41PM","PL_TB_D_T","EQUIPMENT_NAME","D_T",""
"Feb 20 2015  5:41PM","PL_TB_D_T","EQUIPMENT_DESC","D Test - Troll B",""
"Feb 20 2015  5:41PM","PL_TB_D_T","QOIL","","PHD.OFI_18_6196TA"
"Feb 20 2015  5:41PM","PL_TB_D_T","QWAT","","PHD.OFI_18_6196TB"
"Feb 20 2015  5:41PM","PL_TB_D_T","QLIQ","","PHD.OFI_18_6196TC"
"Feb 20 2015  5:41PM","PL_TB_D_T","QGAS","","PHD.OFI_18_6196TD"
"Feb 20 2015  5:41PM","PL_TB_D_T","WC","","PHD.OFFI_18_6196TA"
"Feb 20 2015  5:41PM","PL_TB_D_T","GOR","","PHD.OFFI_18_6196TB"
"Feb 20 2015  5:41PM","PL_TB_D_T","UCP","","PHD.PZTI_16_0062"
"Feb 20 2015  5:41PM","PL_TB_D_T","UCT","","PHD.TT_16_0061"
"Feb 20 2015  5:41PM","PL_TB_D_T","DCP","","PHD.PZTI_16_0063"
"Feb 20 2015  5:41PM","PL_TB_D_T","DP","","PHD.PDI_16_0060"
"Feb 20 2015  5:41PM","PL_TB_D_T","CHOKE","","PHD.HC_16_0058"
"Feb 20 2015  5:41PM","PL_TB_D_T","ROUTING","","PHD.HY_16_0080"
"Feb 20 2015  5:41PM","PL_TB_D_T","PMFLD","",""
"Feb 20 2015  5:41PM","PL_TB_D_T","GASLIFT","","PHD.FIC_23_0751"
"Feb 20 2015  5:41PM","PL_TB_D_T","GROUP","",""
"Feb 20 2015  5:41PM","PL_TB_D_T","CLUSTER","",""
"Feb 20 2015  5:41PM","PL_TB_E_P","EQUIPMENT_NAME","E_P",""
"Feb 20 2015  5:41PM","PL_TB_E_P","EQUIPMENT_DESC","E Prod - Troll B",""
"Feb 20 2015  5:41PM","PL_TB_E_P","QOIL","","PHD.OFI_18_6296PA"
"Feb 20 2015  5:41PM","PL_TB_E_P","QWAT","","PHD.OFI_18_6296PB"
"Feb 20 2015  5:41PM","PL_TB_E_P","QLIQ","","PHD.OFI_18_6296PC"
"Feb 20 2015  5:41PM","PL_TB_E_P","QGAS","","PHD.OFI_18_6296PD"
"Feb 20 2015  5:41PM","PL_TB_E_P","WC","","PHD.OFFI_18_6296PA"
"Feb 20 2015  5:41PM","PL_TB_E_P","GOR","","PHD.OFFI_18_6296PB"
"Feb 20 2015  5:41PM","PL_TB_E_P","UCP","","PHD.PZTI_16_0112"
"Feb 20 2015  5:41PM","PL_TB_E_P","UCT","","PHD.TT_16_0111"
"Feb 20 2015  5:41PM","PL_TB_E_P","DCP","","PHD.PZTI_16_0113"
"Feb 20 2015  5:41PM","PL_TB_E_P","DP","","PHD.PDI_16_0110"
"Feb 20 2015  5:41PM","PL_TB_E_P","CHOKE","","PHD.HC_16_0108"
"Feb 20 2015  5:41PM","PL_TB_E_P","ROUTING","","PHD.HY_16_0130"
"Feb 20 2015  5:41PM","PL_TB_E_P","PMFLD","",""
"Feb 20 2015  5:41PM","PL_TB_E_P","GASLIFT","","PHD.FIC_23_0256"
"Feb 20 2015  5:41PM","PL_TB_E_P","GROUP","",""
"Feb 20 2015  5:41PM","PL_TB_E_P","CLUSTER","",""
"Feb 20 2015  5:41PM","PL_TB_E_T","EQUIPMENT_NAME","E_T",""
"Feb 20 2015  5:41PM","PL_TB_E_T","EQUIPMENT_DESC","E Test - Troll B",""
"Feb 20 2015  5:41PM","PL_TB_E_T","QOIL","","PHD.OFI_18_6296TA"
"Feb 20 2015  5:41PM","PL_TB_E_T","QWAT","","PHD.OFI_18_6296TB"
"Feb 20 2015  5:41PM","PL_TB_E_T","QLIQ","","PHD.OFI_18_6296TC"
"Feb 20 2015  5:41PM","PL_TB_E_T","QGAS","","PHD.OFI_18_6296TD"
"Feb 20 2015  5:41PM","PL_TB_E_T","WC","","PHD.OFFI_18_6296TA"
"Feb 20 2015  5:41PM","PL_TB_E_T","GOR","","PHD.OFFI_18_6296TB"
"Feb 20 2015  5:41PM","PL_TB_E_T","UCP","","PHD.PZTI_16_0162"
"Feb 20 2015  5:41PM","PL_TB_E_T","UCT","","PHD.TT_16_0161"
"Feb 20 2015  5:41PM","PL_TB_E_T","DCP","","PHD.PZTI_16_0163"
"Feb 20 2015  5:41PM","PL_TB_E_T","DP","","PHD.PDI_16_0160"
"Feb 20 2015  5:41PM","PL_TB_E_T","CHOKE","","PHD.HC_16_0158"
"Feb 20 2015  5:41PM","PL_TB_E_T","ROUTING","","PHD.HY_16_0180"
"Feb 20 2015  5:41PM","PL_TB_E_T","PMFLD","",""
"Feb 20 2015  5:41PM","PL_TB_E_T","GASLIFT","","PHD.FIC_23_0756"
"Feb 20 2015  5:41PM","PL_TB_E_T","GROUP","",""
"Feb 20 2015  5:41PM","PL_TB_E_T","CLUSTER","",""
"Feb 20 2015  5:41PM","PL_TB_F_P","EQUIPMENT_NAME","F_P",""
"Feb 20 2015  5:41PM","PL_TB_F_P","EQUIPMENT_DESC","F Prod - Troll B",""
"Feb 20 2015  5:41PM","PL_TB_F_P","QOIL","","PHD.OFI_18_6396PA"
"Feb 20 2015  5:41PM","PL_TB_F_P","QWAT","","PHD.OFI_18_6396PB"
"Feb 20 2015  5:41PM","PL_TB_F_P","QLIQ","","PHD.OFI_18_6396PC"
"Feb 20 2015  5:41PM","PL_TB_F_P","QGAS","","PHD.OFI_18_6396PD"
"Feb 20 2015  5:41PM","PL_TB_F_P","WC","","PHD.OFFI_18_6396PA"
"Feb 20 2015  5:41PM","PL_TB_F_P","GOR","","PHD.OFFI_18_6396PB"
"Feb 20 2015  5:41PM","PL_TB_F_P","UCP","","PHD.PZTI_16_0212"
"Feb 20 2015  5:41PM","PL_TB_F_P","UCT","","PHD.TT_16_0211"
"Feb 20 2015  5:41PM","PL_TB_F_P","DCP","","PHD.PZTI_16_0213"
"Feb 20 2015  5:41PM","PL_TB_F_P","DP","","PHD.PDI_16_0210"
"Feb 20 2015  5:41PM","PL_TB_F_P","CHOKE","","PHD.HC_16_0208"
"Feb 20 2015  5:41PM","PL_TB_F_P","ROUTING","","PHD.HY_16_0230"
"Feb 20 2015  5:41PM","PL_TB_F_P","PMFLD","",""
"Feb 20 2015  5:41PM","PL_TB_F_P","GASLIFT","","PHD.FIC_23_0261"
"Feb 20 2015  5:41PM","PL_TB_F_P","GROUP","",""
"Feb 20 2015  5:41PM","PL_TB_F_P","CLUSTER","",""
"Feb 20 2015  5:41PM","PL_TB_F_T","EQUIPMENT_NAME","F_T",""
"Feb 20 2015  5:41PM","PL_TB_F_T","EQUIPMENT_DESC","F Test - Troll B",""
"Feb 20 2015  5:41PM","PL_TB_F_T","QOIL","","PHD.OFI_18_6396TA"
"Feb 20 2015  5:41PM","PL_TB_F_T","QWAT","","PHD.OFI_18_6396TB"
"Feb 20 2015  5:41PM","PL_TB_F_T","QLIQ","","PHD.OFI_18_6396TC"
"Feb 20 2015  5:41PM","PL_TB_F_T","QGAS","","PHD.OFI_18_6396TD"
"Feb 20 2015  5:41PM","PL_TB_F_T","WC","","PHD.OFFI_18_6396TA"
"Feb 20 2015  5:41PM","PL_TB_F_T","GOR","","PHD.OFFI_18_6396TB"
"Feb 20 2015  5:41PM","PL_TB_F_T","UCP","","PHD.PZTI_16_0262"
"Feb 20 2015  5:41PM","PL_TB_F_T","UCT","","PHD.TT_16_0261"
"Feb 20 2015  5:41PM","PL_TB_F_T","DCP","","PHD.PZTI_16_0263"
"Feb 20 2015  5:41PM","PL_TB_F_T","DP","","PHD.PDI_16_0260"
"Feb 20 2015  5:41PM","PL_TB_F_T","CHOKE","","PHD.HC_16_0258"
"Feb 20 2015  5:41PM","PL_TB_F_T","ROUTING","","PHD.HY_16_0280"
"Feb 20 2015  5:41PM","PL_TB_F_T","PMFLD","",""
"Feb 20 2015  5:41PM","PL_TB_F_T","GASLIFT","","PHD.FIC_23_0761"
"Feb 20 2015  5:41PM","PL_TB_F_T","GROUP","",""
"Feb 20 2015  5:41PM","PL_TB_F_T","CLUSTER","",""
"Feb 20 2015  5:41PM","PL_TB_G_P","EQUIPMENT_NAME","G_P",""
"Feb 20 2015  5:41PM","PL_TB_G_P","EQUIPMENT_DESC","G Prod - Troll B",""
"Feb 20 2015  5:41PM","PL_TB_G_P","QOIL","","PHD.OFI_18_6496PA"
"Feb 20 2015  5:41PM","PL_TB_G_P","QWAT","","PHD.OFI_18_6496PB"
"Feb 20 2015  5:41PM","PL_TB_G_P","QLIQ","","PHD.OFI_18_6496PC"
"Feb 20 2015  5:41PM","PL_TB_G_P","QGAS","","PHD.OFI_18_6496PD"
"Feb 20 2015  5:41PM","PL_TB_G_P","WC","","PHD.OFFI_18_6496PA"
"Feb 20 2015  5:41PM","PL_TB_G_P","GOR","","PHD.OFFI_18_6496PB"
"Feb 20 2015  5:41PM","PL_TB_G_P","UCP","","PHD.PZTI_16_0312"
"Feb 20 2015  5:41PM","PL_TB_G_P","UCT","","PHD.TT_16_0311"
"Feb 20 2015  5:41PM","PL_TB_G_P","DCP","","PHD.PZTI_16_0313"
"Feb 20 2015  5:41PM","PL_TB_G_P","DP","","PHD.PDI_16_0310"
"Feb 20 2015  5:41PM","PL_TB_G_P","CHOKE","","PHD.HC_16_0308"
"Feb 20 2015  5:41PM","PL_TB_G_P","ROUTING","","PHD.HY_16_0330"
"Feb 20 2015  5:41PM","PL_TB_G_P","PMFLD","",""
"Feb 20 2015  5:41PM","PL_TB_G_P","GASLIFT","","PHD.FIC_23_0266"
"Feb 20 2015  5:41PM","PL_TB_G_P","GROUP","",""
"Feb 20 2015  5:41PM","PL_TB_G_P","CLUSTER","",""
"Feb 20 2015  5:41PM","PL_TB_G_T","EQUIPMENT_NAME","G_T",""
"Feb 20 2015  5:41PM","PL_TB_G_T","EQUIPMENT_DESC","G Test - Troll B",""
"Feb 20 2015  5:41PM","PL_TB_G_T","QOIL","","PHD.OFI_18_6496TA"
"Feb 20 2015  5:41PM","PL_TB_G_T","QWAT","","PHD.OFI_18_6496TB"
"Feb 20 2015  5:41PM","PL_TB_G_T","QLIQ","","PHD.OFI_18_6496TC"
"Feb 20 2015  5:41PM","PL_TB_G_T","QGAS","","PHD.OFI_18_6496TD"
"Feb 20 2015  5:41PM","PL_TB_G_T","WC","","PHD.OFFI_18_6496TA"
"Feb 20 2015  5:41PM","PL_TB_G_T","GOR","","PHD.OFFI_18_6496TB"
"Feb 20 2015  5:41PM","PL_TB_G_T","UCP","","PHD.PZTI_16_0362"
"Feb 20 2015  5:41PM","PL_TB_G_T","UCT","","PHD.TT_16_0361"
"Feb 20 2015  5:41PM","PL_TB_G_T","DCP","","PHD.PZTI_16_0363"
"Feb 20 2015  5:41PM","PL_TB_G_T","DP","","PHD.PDI_16_0360"
"Feb 20 2015  5:41PM","PL_TB_G_T","CHOKE","","PHD.HC_16_0358"
"Feb 20 2015  5:41PM","PL_TB_G_T","ROUTING","","PHD.HY_16_0380"
"Feb 20 2015  5:41PM","PL_TB_G_T","PMFLD","",""
"Feb 20 2015  5:41PM","PL_TB_G_T","GASLIFT","","PHD.FIC_23_0766"
"Feb 20 2015  5:41PM","PL_TB_G_T","GROUP","",""
"Feb 20 2015  5:41PM","PL_TB_G_T","CLUSTER","",""
"Feb 20 2015  5:41PM","PL_TB_H_P","EQUIPMENT_NAME","H_P",""
"Feb 20 2015  5:41PM","PL_TB_H_P","EQUIPMENT_DESC","H Prod - Troll B",""
"Feb 20 2015  5:41PM","PL_TB_H_P","QOIL","","PHD.OFI_18_6796PA"
"Feb 20 2015  5:41PM","PL_TB_H_P","QWAT","","PHD.OFI_18_6796PB"
"Feb 20 2015  5:41PM","PL_TB_H_P","QLIQ","","PHD.OFI_18_6796PC"
"Feb 20 2015  5:41PM","PL_TB_H_P","QGAS","","PHD.OFI_18_6796PD"
"Feb 20 2015  5:41PM","PL_TB_H_P","WC","","PHD.OFFI_18_6796PA"
"Feb 20 2015  5:41PM","PL_TB_H_P","GOR","","PHD.OFFI_18_6796PB"
"Feb 20 2015  5:41PM","PL_TB_H_P","UCP","","PHD.PZTI_16_0612"
"Feb 20 2015  5:41PM","PL_TB_H_P","UCT","","PHD.TT_16_0611"
"Feb 20 2015  5:41PM","PL_TB_H_P","DCP","","PHD.PZTI_16_0613"
"Feb 20 2015  5:41PM","PL_TB_H_P","DP","","PHD.PDI_16_0610"
"Feb 20 2015  5:41PM","PL_TB_H_P","CHOKE","","PHD.HC_16_0608"
"Feb 20 2015  5:41PM","PL_TB_H_P","ROUTING","","PHD.HY_16_0630"
"Feb 20 2015  5:41PM","PL_TB_H_P","PMFLD","","PHD.PI_18_6701P"
"Feb 20 2015  5:41PM","PL_TB_H_P","GASLIFT","","PHD.FIC_23_0281"
"Feb 20 2015  5:41PM","PL_TB_H_P","GROUP","",""
"Feb 20 2015  5:41PM","PL_TB_H_P","CLUSTER","",""
"Feb 20 2015  5:41PM","PL_TB_H_T","EQUIPMENT_NAME","H_T",""
"Feb 20 2015  5:41PM","PL_TB_H_T","EQUIPMENT_DESC","H Test - Troll B",""
"Feb 20 2015  5:41PM","PL_TB_H_T","QOIL","","PHD.OFI_18_6796TA"
"Feb 20 2015  5:41PM","PL_TB_H_T","QWAT","","PHD.OFI_18_6796TB"
"Feb 20 2015  5:41PM","PL_TB_H_T","QLIQ","","PHD.OFI_18_6796TC"
"Feb 20 2015  5:41PM","PL_TB_H_T","QGAS","","PHD.OFI_18_6796TD"
"Feb 20 2015  5:41PM","PL_TB_H_T","WC","","PHD.OFFI_18_6796TA"
"Feb 20 2015  5:41PM","PL_TB_H_T","GOR","","PHD.OFFI_18_6796TB"
"Feb 20 2015  5:41PM","PL_TB_H_T","UCP","","PHD.PZTI_16_0662"
"Feb 20 2015  5:41PM","PL_TB_H_T","UCT","","PHD.TT_16_0661"
"Feb 20 2015  5:41PM","PL_TB_H_T","DCP","","PHD.PZTI_16_0663"
"Feb 20 2015  5:41PM","PL_TB_H_T","DP","","PHD.PDI_16_0660"
"Feb 20 2015  5:41PM","PL_TB_H_T","CHOKE","","PHD.HC_16_0658"
"Feb 20 2015  5:41PM","PL_TB_H_T","ROUTING","","PHD.HY_16_0680"
"Feb 20 2015  5:41PM","PL_TB_H_T","PMFLD","","PHD.PI_18_6701T"
"Feb 20 2015  5:41PM","PL_TB_H_T","GASLIFT","","PHD.FIC_23_0781"
"Feb 20 2015  5:41PM","PL_TB_H_T","GROUP","",""
"Feb 20 2015  5:41PM","PL_TB_H_T","CLUSTER","",""
"Feb 20 2015  5:41PM","PL_TB_I_P","EQUIPMENT_NAME","I_P",""
"Feb 20 2015  5:41PM","PL_TB_I_P","EQUIPMENT_DESC","I Prod - Troll B",""
"Feb 20 2015  5:41PM","PL_TB_I_P","QOIL","","PHD.OFI_18_6896PA"
"Feb 20 2015  5:41PM","PL_TB_I_P","QWAT","","PHD.OFI_18_6896PB"
"Feb 20 2015  5:41PM","PL_TB_I_P","QLIQ","","PHD.OFI_18_6896PC"
"Feb 20 2015  5:41PM","PL_TB_I_P","QGAS","","PHD.OFI_18_6896PD"
"Feb 20 2015  5:41PM","PL_TB_I_P","WC","","PHD.OFFI_18_6896PA"
"Feb 20 2015  5:41PM","PL_TB_I_P","GOR","","PHD.OFFI_18_6896PB"
"Feb 20 2015  5:41PM","PL_TB_I_P","UCP","","PHD.PZTI_16_0712"
"Feb 20 2015  5:41PM","PL_TB_I_P","UCT","","PHD.TT_16_0711"
"Feb 20 2015  5:41PM","PL_TB_I_P","DCP","","PHD.PZTI_16_0713"
"Feb 20 2015  5:41PM","PL_TB_I_P","DP","","PHD.PDI_16_0710"
"Feb 20 2015  5:41PM","PL_TB_I_P","CHOKE","","PHD.HC_16_0708"
"Feb 20 2015  5:41PM","PL_TB_I_P","ROUTING","","PHD.HY_16_0730"
"Feb 20 2015  5:41PM","PL_TB_I_P","PMFLD","","PHD.PI_18_6801P"
"Feb 20 2015  5:41PM","PL_TB_I_P","GASLIFT","","PHD.FIC_23_0286"
"Feb 20 2015  5:41PM","PL_TB_I_P","GROUP","",""
"Feb 20 2015  5:41PM","PL_TB_I_P","CLUSTER","",""
"Feb 20 2015  5:41PM","PL_TB_I_T","EQUIPMENT_NAME","I_T",""
"Feb 20 2015  5:41PM","PL_TB_I_T","EQUIPMENT_DESC","I Test - Troll B",""
"Feb 20 2015  5:41PM","PL_TB_I_T","QOIL","","PHD.OFI_18_6896TA"
"Feb 20 2015  5:41PM","PL_TB_I_T","QWAT","","PHD.OFI_18_6896TB"
"Feb 20 2015  5:41PM","PL_TB_I_T","QLIQ","","PHD.OFI_18_6896TC"
"Feb 20 2015  5:41PM","PL_TB_I_T","QGAS","","PHD.OFI_18_6896TD"
"Feb 20 2015  5:41PM","PL_TB_I_T","WC","","PHD.OFFI_18_6896TA"
"Feb 20 2015  5:41PM","PL_TB_I_T","GOR","","PHD.OFFI_18_6896TB"
"Feb 20 2015  5:41PM","PL_TB_I_T","UCP","","PHD.PZTI_16_0762"
"Feb 20 2015  5:41PM","PL_TB_I_T","UCT","","PHD.TT_16_0761"
"Feb 20 2015  5:41PM","PL_TB_I_T","DCP","","PHD.PZTI_16_0763"
"Feb 20 2015  5:41PM","PL_TB_I_T","DP","","PHD.PDI_16_0760"
"Feb 20 2015  5:41PM","PL_TB_I_T","CHOKE","","PHD.HC_16_0758"
"Feb 20 2015  5:41PM","PL_TB_I_T","ROUTING","","PHD.HY_16_0780"
"Feb 20 2015  5:41PM","PL_TB_I_T","PMFLD","","PHD.PI_18_6801T"
"Feb 20 2015  5:41PM","PL_TB_I_T","GASLIFT","","PHD.FIC_23_0786"
"Feb 20 2015  5:41PM","PL_TB_I_T","GROUP","",""
"Feb 20 2015  5:41PM","PL_TB_I_T","CLUSTER","",""
"Feb 20 2015  5:41PM","PL_TB_J_P","EQUIPMENT_NAME","J_P",""
"Feb 20 2015  5:41PM","PL_TB_J_P","EQUIPMENT_DESC","J Prod - Troll B",""
"Feb 20 2015  5:41PM","PL_TB_J_P","QOIL","","PHD.OFI_18_6996PA"
"Feb 20 2015  5:41PM","PL_TB_J_P","QWAT","","PHD.OFI_18_6996PB"
"Feb 20 2015  5:41PM","PL_TB_J_P","QLIQ","","PHD.OFI_18_6996PC"
"Feb 20 2015  5:41PM","PL_TB_J_P","QGAS","","PHD.OFI_18_6996PD"
"Feb 20 2015  5:41PM","PL_TB_J_P","WC","","PHD.OFFI_18_6996PA"
"Feb 20 2015  5:41PM","PL_TB_J_P","GOR","","PHD.OFFI_18_6996PB"
"Feb 20 2015  5:41PM","PL_TB_J_P","UCP","","PHD.PZTI_16_0812"
"Feb 20 2015  5:41PM","PL_TB_J_P","UCT","","PHD.TT_16_0811"
"Feb 20 2015  5:41PM","PL_TB_J_P","DCP","","PHD.PZTI_16_0813"
"Feb 20 2015  5:41PM","PL_TB_J_P","DP","","PHD.PDI_16_0810"
"Feb 20 2015  5:41PM","PL_TB_J_P","CHOKE","","PHD.HC_16_0808"
"Feb 20 2015  5:41PM","PL_TB_J_P","ROUTING","","PHD.HY_16_0830"
"Feb 20 2015  5:41PM","PL_TB_J_P","PMFLD","","PHD.PI_18_6901P"
"Feb 20 2015  5:41PM","PL_TB_J_P","GASLIFT","","PHD.FIC_23_0291"
"Feb 20 2015  5:41PM","PL_TB_J_P","GROUP","",""
"Feb 20 2015  5:41PM","PL_TB_J_P","CLUSTER","",""
"Feb 20 2015  5:41PM","PL_TB_J_T","EQUIPMENT_NAME","J_T",""
"Feb 20 2015  5:41PM","PL_TB_J_T","EQUIPMENT_DESC","J Test - Troll B",""
"Feb 20 2015  5:41PM","PL_TB_J_T","QOIL","","PHD.OFI_18_6996TA"
"Feb 20 2015  5:41PM","PL_TB_J_T","QWAT","","PHD.OFI_18_6996TB"
"Feb 20 2015  5:41PM","PL_TB_J_T","QLIQ","","PHD.OFI_18_6996TC"
"Feb 20 2015  5:41PM","PL_TB_J_T","QGAS","","PHD.OFI_18_6996TD"
"Feb 20 2015  5:41PM","PL_TB_J_T","WC","","PHD.OFFI_18_6996TA"
"Feb 20 2015  5:41PM","PL_TB_J_T","GOR","","PHD.OFFI_18_6996TB"
"Feb 20 2015  5:41PM","PL_TB_J_T","UCP","","PHD.PZTI_16_0862"
"Feb 20 2015  5:41PM","PL_TB_J_T","UCT","","PHD.TT_16_0861"
"Feb 20 2015  5:41PM","PL_TB_J_T","DCP","","PHD.PZTI_16_0863"
"Feb 20 2015  5:41PM","PL_TB_J_T","DP","","PHD.PDI_16_0860"
"Feb 20 2015  5:41PM","PL_TB_J_T","CHOKE","","PHD.HC_16_0858"
"Feb 20 2015  5:41PM","PL_TB_J_T","ROUTING","","PHD.HY_16_0880"
"Feb 20 2015  5:41PM","PL_TB_J_T","PMFLD","","PHD.PI_18_6901T"
"Feb 20 2015  5:41PM","PL_TB_J_T","GASLIFT","","PHD.FIC_23_0791"
"Feb 20 2015  5:41PM","PL_TB_J_T","GROUP","",""
"Feb 20 2015  5:41PM","PL_TB_J_T","CLUSTER","",""
"Feb 20 2015  5:41PM","PL_TB_K_P","EQUIPMENT_NAME","K_P",""
"Feb 20 2015  5:41PM","PL_TB_K_P","EQUIPMENT_DESC","K Prod - Troll B",""
"Feb 20 2015  5:41PM","PL_TB_K_P","QOIL","","PHD.OFI_18_7096PA"
"Feb 20 2015  5:41PM","PL_TB_K_P","QWAT","","PHD.OFI_18_7096PB"
"Feb 20 2015  5:41PM","PL_TB_K_P","QLIQ","","PHD.OFI_18_7096PC"
"Feb 20 2015  5:41PM","PL_TB_K_P","QGAS","","PHD.OFI_18_7096PD"
"Feb 20 2015  5:41PM","PL_TB_K_P","WC","","PHD.OFFI_18_7096PA"
"Feb 20 2015  5:41PM","PL_TB_K_P","GOR","","PHD.OFFI_18_7096PB"
"Feb 20 2015  5:41PM","PL_TB_K_P","UCP","","PHD.PZTI_16_0512"
"Feb 20 2015  5:41PM","PL_TB_K_P","UCT","","PHD.TT_16_0511"
"Feb 20 2015  5:41PM","PL_TB_K_P","DCP","","PHD.PZTI_16_0513"
"Feb 20 2015  5:41PM","PL_TB_K_P","DP","","PHD.PDI_16_0510"
"Feb 20 2015  5:41PM","PL_TB_K_P","CHOKE","","PHD.HC_16_0508"
"Feb 20 2015  5:41PM","PL_TB_K_P","ROUTING","","PHD.HY_16_0530"
"Feb 20 2015  5:41PM","PL_TB_K_P","PMFLD","","PHD.PI_18_7001P"
"Feb 20 2015  5:41PM","PL_TB_K_P","GASLIFT","","PHD.FIC_23_0276"
"Feb 20 2015  5:41PM","PL_TB_K_P","GROUP","",""
"Feb 20 2015  5:41PM","PL_TB_K_P","CLUSTER","",""
"Feb 20 2015  5:41PM","PL_TB_K_T","EQUIPMENT_NAME","K_T",""
"Feb 20 2015  5:41PM","PL_TB_K_T","EQUIPMENT_DESC","K Test - Troll B",""
"Feb 20 2015  5:41PM","PL_TB_K_T","QOIL","","PHD.OFI_18_7096TA"
"Feb 20 2015  5:41PM","PL_TB_K_T","QWAT","","PHD.OFI_18_7096TB"
"Feb 20 2015  5:41PM","PL_TB_K_T","QLIQ","","PHD.OFI_18_7096TC"
"Feb 20 2015  5:41PM","PL_TB_K_T","QGAS","","PHD.OFI_18_7096TD"
"Feb 20 2015  5:41PM","PL_TB_K_T","WC","","PHD.OFFI_18_7096TA"
"Feb 20 2015  5:41PM","PL_TB_K_T","GOR","","PHD.OFFI_18_7096TB"
"Feb 20 2015  5:41PM","PL_TB_K_T","UCP","","PHD.PZTI_16_0562"
"Feb 20 2015  5:41PM","PL_TB_K_T","UCT","","PHD.TT_16_0561"
"Feb 20 2015  5:41PM","PL_TB_K_T","DCP","","PHD.PZTI_16_0563"
"Feb 20 2015  5:41PM","PL_TB_K_T","DP","","PHD.PDI_16_0560"
"Feb 20 2015  5:41PM","PL_TB_K_T","CHOKE","","PHD.HC_16_0558"
"Feb 20 2015  5:41PM","PL_TB_K_T","ROUTING","","PHD.HY_16_0580"
"Feb 20 2015  5:41PM","PL_TB_K_T","PMFLD","","PHD.PI_18_7001T"
"Feb 20 2015  5:41PM","PL_TB_K_T","GASLIFT","","PHD.FIC_23_0776"
"Feb 20 2015  5:41PM","PL_TB_K_T","GROUP","",""
"Feb 20 2015  5:41PM","PL_TB_K_T","CLUSTER","",""
"Feb 20 2015  5:41PM","PL_TB_L_P","EQUIPMENT_NAME","L_P",""
"Feb 20 2015  5:41PM","PL_TB_L_P","EQUIPMENT_DESC","L Prod - Troll B",""
"Feb 20 2015  5:41PM","PL_TB_L_P","QOIL","","PHD.OFI_18_7196PA"
"Feb 20 2015  5:41PM","PL_TB_L_P","QWAT","","PHD.OFI_18_7196PB"
"Feb 20 2015  5:41PM","PL_TB_L_P","QLIQ","","PHD.OFI_18_7196PC"
"Feb 20 2015  5:41PM","PL_TB_L_P","QGAS","","PHD.OFI_18_7196PD"
"Feb 20 2015  5:41PM","PL_TB_L_P","WC","","PHD.OFFI_18_7196PA"
"Feb 20 2015  5:41PM","PL_TB_L_P","GOR","","PHD.OFFI_18_7196PB"
"Feb 20 2015  5:41PM","PL_TB_L_P","UCP","","PHD.PZTI_16_0412"
"Feb 20 2015  5:41PM","PL_TB_L_P","UCT","","PHD.TT_16_0411"
"Feb 20 2015  5:41PM","PL_TB_L_P","DCP","","PHD.PZTI_16_0413"
"Feb 20 2015  5:41PM","PL_TB_L_P","DP","","PHD.PDI_16_0410"
"Feb 20 2015  5:41PM","PL_TB_L_P","CHOKE","","PHD.HC_16_0408"
"Feb 20 2015  5:41PM","PL_TB_L_P","ROUTING","","PHD.HY_16_0430"
"Feb 20 2015  5:41PM","PL_TB_L_P","PMFLD","","PHD.PI_18_7101P"
"Feb 20 2015  5:41PM","PL_TB_L_P","GASLIFT","","PHD.FIC_23_0271"
"Feb 20 2015  5:41PM","PL_TB_L_P","GROUP","",""
"Feb 20 2015  5:41PM","PL_TB_L_P","CLUSTER","",""
"Feb 20 2015  5:41PM","PL_TB_L_T","EQUIPMENT_NAME","L_T",""
"Feb 20 2015  5:41PM","PL_TB_L_T","EQUIPMENT_DESC","L Test - Troll B",""
"Feb 20 2015  5:41PM","PL_TB_L_T","QOIL","","PHD.OFI_18_7196TA"
"Feb 20 2015  5:41PM","PL_TB_L_T","QWAT","","PHD.OFI_18_7196TB"
"Feb 20 2015  5:41PM","PL_TB_L_T","QLIQ","","PHD.OFI_18_7196TC"
"Feb 20 2015  5:41PM","PL_TB_L_T","QGAS","","PHD.OFI_18_7196TD"
"Feb 20 2015  5:41PM","PL_TB_L_T","WC","","PHD.OFFI_18_7196TA"
"Feb 20 2015  5:41PM","PL_TB_L_T","GOR","","PHD.OFFI_18_7196TB"
"Feb 20 2015  5:41PM","PL_TB_L_T","UCP","","PHD.PZTI_16_0462"
"Feb 20 2015  5:41PM","PL_TB_L_T","UCT","","PHD.TT_16_0461"
"Feb 20 2015  5:41PM","PL_TB_L_T","DCP","","PHD.PZTI_16_0463"
"Feb 20 2015  5:41PM","PL_TB_L_T","DP","","PHD.PDI_16_0460"
"Feb 20 2015  5:41PM","PL_TB_L_T","CHOKE","","PHD.HC_16_0458"
"Feb 20 2015  5:41PM","PL_TB_L_T","ROUTING","","PHD.HY_16_0480"
"Feb 20 2015  5:41PM","PL_TB_L_T","PMFLD","","PHD.PI_18_7101T"
"Feb 20 2015  5:41PM","PL_TB_L_T","GASLIFT","","PHD.FIC_23_0771"
"Feb 20 2015  5:41PM","PL_TB_L_T","GROUP","",""
"Feb 20 2015  5:41PM","PL_TB_L_T","CLUSTER","",""
"Feb 20 2015  5:41PM","ROOT","EQUIPMENT_NAME","ROOT",""
"Feb 20 2015  5:41PM","ROOT","EQUIPMENT_DESC","ROOT",""
"Feb 20 2015  5:41PM","W_TB_D_01","EQUIPMENT_NAME","D1",""
"Feb 20 2015  5:41PM","W_TB_D_01","EQUIPMENT_DESC","D1- Troll B",""
"Feb 20 2015  5:41PM","W_TB_D_01","QOIL","","PHD.OFI_18_0196A"
"Feb 20 2015  5:41PM","W_TB_D_01","QWAT","","PHD.OFI_18_0196B"
"Feb 20 2015  5:41PM","W_TB_D_01","QLIQ","","PHD.OFI_18_0196C"
"Feb 20 2015  5:41PM","W_TB_D_01","QGAS","","PHD.OFI_18_0196D"
"Feb 20 2015  5:41PM","W_TB_D_01","WC","","PHD.OFFI_18_0196A"
"Feb 20 2015  5:41PM","W_TB_D_01","GOR","","PHD.OFFI_18_0196B"
"Feb 20 2015  5:41PM","W_TB_D_01","UCP","","PHD.PZI_18_0115"
"Feb 20 2015  5:41PM","W_TB_D_01","UCT","","PHD.TI_18_0123"
"Feb 20 2015  5:41PM","W_TB_D_01","DCP","","PHD.PZI_18_0117"
"Feb 20 2015  5:41PM","W_TB_D_01","DCT","","PHD.TI_18_0116"
"Feb 20 2015  5:41PM","W_TB_D_01","UCP_CALC","","PHD.NPY_18_0196B"
"Feb 20 2015  5:41PM","W_TB_D_01","UCT_CALC","","PHD.NTY_18_0196B"
"Feb 20 2015  5:41PM","W_TB_D_01","DCP_CALC","","PHD.NPY_18_0196C"
"Feb 20 2015  5:41PM","W_TB_D_01","DCT_CALC","","PHD.NTY_18_0196C"
"Feb 20 2015  5:41PM","W_TB_D_01","DP","","PHD.PDI_18_0106"
"Feb 20 2015  5:41PM","W_TB_D_01","CHOKE","","PHD.GI_18_0106A"
"Feb 20 2015  5:41PM","W_TB_D_01","CHOKE_CMD","","PHD.GI_18_0106B"
"Feb 20 2015  5:41PM","W_TB_D_01","CHOKE_CALC","","PHD.NGI_18_0106B"
"Feb 20 2015  5:41PM","W_TB_D_01","ERRF","","PHD.NFI_18_0196Z"
"Feb 20 2015  5:41PM","W_TB_D_01","MODUS","","PHD.HS_18_0106B"
"Feb 20 2015  5:41PM","W_TB_D_01","STATUS","","PHD.NI_18_0163"
"Feb 20 2015  5:41PM","W_TB_D_01","ROUTING","","PHD.GS_18_0109P"
"Feb 20 2015  5:41PM","W_TB_D_01","MeOH","","PHD.OFI_18_0196G"
"Feb 20 2015  5:41PM","W_TB_D_01","DHSVL","","PHD.GSH_18_0101"
"Feb 20 2015  5:41PM","W_TB_D_01","DHSVU","","PHD.GSH_18_0102"
"Feb 20 2015  5:41PM","W_TB_D_01","PMV","","PHD.GSH_18_0103"
"Feb 20 2015  5:41PM","W_TB_D_01","PWV","","PHD.GSH_18_0104"
"Feb 20 2015  5:41PM","W_TB_D_01","AMV","","PHD.GSH_18_0118"
"Feb 20 2015  5:41PM","W_TB_D_01","AWV","","PHD.GSH_18_0112"
"Feb 20 2015  5:41PM","W_TB_D_01","XOV","","PHD.GSH_18_0119"
"Feb 20 2015  5:41PM","W_TB_D_01","GLV","","PHD.NULL"
"Feb 20 2015  5:41PM","W_TB_D_01","PCV","","PHD.GSL_18_01_06"
"Feb 20 2015  5:41PM","W_TB_D_01","PFORM_CALC","","PHD.NPY_18_0196A"
"Feb 20 2015  5:41PM","W_TB_D_01","TFORM_CALC","","PHD.NTY_18_0196A"
"Feb 20 2015  5:41PM","W_TB_D_01","CHOKE_POS_PER","","PHD.GI_18_0106E"
"Feb 20 2015  5:41PM","W_TB_D_01","TAG_32","","PHD.OFC_18_0196A"
"Feb 20 2015  5:41PM","W_TB_D_01","TAG_33","","PHD.OFC_18_0196B"
"Feb 20 2015  5:41PM","W_TB_D_01","TAG_34","","PHD.OFC_18_0196C"
"Feb 20 2015  5:41PM","W_TB_D_01","TAG_35","","PHD.OFC_18_0196D"
"Feb 20 2015  5:41PM","W_TB_D_01","TAG_36","","PHD.OFFI_18_0196C"
"Feb 20 2015  5:41PM","W_TB_D_01","GROUP","",""
"Feb 20 2015  5:41PM","W_TB_D_01","CLUSTER","",""
"Feb 20 2015  5:41PM","W_TB_D_01","QOILTARGET","","PHD.UR_18_0101A_X"
"Feb 20 2015  5:41PM","W_TB_D_01","QOILMIN","","PHD.URL_18_0101A_X"
"Feb 20 2015  5:41PM","W_TB_D_01","QOILMAX","","PHD.URH_18_0101A_X"
"Feb 20 2015  5:41PM","W_TB_D_01","QLIQTARGET","","PHD.UR_18_0101C_X"
"Feb 20 2015  5:41PM","W_TB_D_01","LIQMIN","","PHD.URL_18_0101C_X"
"Feb 20 2015  5:41PM","W_TB_D_01","QLIQMAX","","PHD.URH_18_0101C_X"
"Feb 20 2015  5:41PM","W_TB_D_02","EQUIPMENT_NAME","D2",""
"Feb 20 2015  5:41PM","W_TB_D_02","EQUIPMENT_DESC","D2- Troll B",""
"Feb 20 2015  5:41PM","W_TB_D_02","QOIL","","PHD.OFI_18_0296A"
"Feb 20 2015  5:41PM","W_TB_D_02","QWAT","","PHD.OFI_18_0296B"
"Feb 20 2015  5:41PM","W_TB_D_02","QLIQ","","PHD.OFI_18_0296C"
"Feb 20 2015  5:41PM","W_TB_D_02","QGAS","","PHD.OFI_18_0296D"
"Feb 20 2015  5:41PM","W_TB_D_02","WC","","PHD.OFFI_18_0296A"
"Feb 20 2015  5:41PM","W_TB_D_02","GOR","","PHD.OFFI_18_0296B"
"Feb 20 2015  5:41PM","W_TB_D_02","UCP","","PHD.PZI_18_0215"
"Feb 20 2015  5:41PM","W_TB_D_02","UCT","","PHD.TI_18_0223"
"Feb 20 2015  5:41PM","W_TB_D_02","DCP","","PHD.PZI_18_0217"
"Feb 20 2015  5:41PM","W_TB_D_02","DCT","","PHD.TI_18_0216"
"Feb 20 2015  5:41PM","W_TB_D_02","UCP_CALC","","PHD.NPY_18_0296B"
"Feb 20 2015  5:41PM","W_TB_D_02","UCT_CALC","","PHD.NTY_18_0296B"
"Feb 20 2015  5:41PM","W_TB_D_02","DCP_CALC","","PHD.NPY_18_0296C"
"Feb 20 2015  5:41PM","W_TB_D_02","DCT_CALC","","PHD.NTY_18_0296C"
"Feb 20 2015  5:41PM","W_TB_D_02","DP","","PHD.PDI_18_0206"
"Feb 20 2015  5:41PM","W_TB_D_02","CHOKE","","PHD.GI_18_0206A"
"Feb 20 2015  5:41PM","W_TB_D_02","CHOKE_CMD","","PHD.GI_18_0206B"
"Feb 20 2015  5:41PM","W_TB_D_02","CHOKE_CALC","","PHD.NGI_18_0206B"
"Feb 20 2015  5:41PM","W_TB_D_02","ERRF","","PHD.NFI_18_0296Z"
"Feb 20 2015  5:41PM","W_TB_D_02","MODUS","","PHD.HS_18_0206B"
"Feb 20 2015  5:41PM","W_TB_D_02","STATUS","","PHD.NI_18_6363"
"Feb 20 2015  5:41PM","W_TB_D_02","ROUTING","","PHD.GS_18_0209P"
"Feb 20 2015  5:41PM","W_TB_D_02","MeOH","","PHD.OFI_18_0296G"
"Feb 20 2015  5:41PM","W_TB_D_02","DHSVL","","PHD.GSH_18_0201"
"Feb 20 2015  5:41PM","W_TB_D_02","DHSVU","","PHD.GSH_18_0202"
"Feb 20 2015  5:41PM","W_TB_D_02","PMV","","PHD.GSH_18_0203"
"Feb 20 2015  5:41PM","W_TB_D_02","PWV","","PHD.GSH_18_0204"
"Feb 20 2015  5:41PM","W_TB_D_02","AMV","","PHD.GSH_18_0218"
"Feb 20 2015  5:41PM","W_TB_D_02","AWV","","PHD.GSH_18_0212"
"Feb 20 2015  5:41PM","W_TB_D_02","XOV","","PHD.GSH_18_0219"
"Feb 20 2015  5:41PM","W_TB_D_02","GLV","","PHD.NULL"
"Feb 20 2015  5:41PM","W_TB_D_02","PCV","","PHD.GSL_18_02_06"
"Feb 20 2015  5:41PM","W_TB_D_02","PFORM_CALC","","PHD.NPY_18_0296A"
"Feb 20 2015  5:41PM","W_TB_D_02","TFORM_CALC","","PHD.NTY_18_0296A"
"Feb 20 2015  5:41PM","W_TB_D_02","CHOKE_POS_PER","","PHD.GI_18_0206E"
"Feb 20 2015  5:41PM","W_TB_D_02","TAG_32","","PHD.OFC_18_0296A"
"Feb 20 2015  5:41PM","W_TB_D_02","TAG_33","","PHD.OFC_18_0296B"
"Feb 20 2015  5:41PM","W_TB_D_02","TAG_34","","PHD.OFC_18_0296C"
"Feb 20 2015  5:41PM","W_TB_D_02","TAG_35","","PHD.OFC_18_0296D"
"Feb 20 2015  5:41PM","W_TB_D_02","TAG_36","","PHD.OFFI_18_0296C"
"Feb 20 2015  5:41PM","W_TB_D_02","GROUP","",""
"Feb 20 2015  5:41PM","W_TB_D_02","CLUSTER","",""
"Feb 20 2015  5:41PM","W_TB_D_02","QOILTARGET","","PHD.UR_18_0201A_X"
"Feb 20 2015  5:41PM","W_TB_D_02","QOILMIN","","PHD.URL_18_0201A_X"
"Feb 20 2015  5:41PM","W_TB_D_02","QOILMAX","","PHD.URH_18_0201A_X"
"Feb 20 2015  5:41PM","W_TB_D_02","QLIQTARGET","","PHD.UR_18_0201C_X"
"Feb 20 2015  5:41PM","W_TB_D_02","LIQMIN","","PHD.URL_18_0201C_X"
"Feb 20 2015  5:41PM","W_TB_D_02","QLIQMAX","","PHD.URH_18_0201C_X"
"Feb 20 2015  5:41PM","W_TB_D_03","EQUIPMENT_NAME","D3",""
"Feb 20 2015  5:41PM","W_TB_D_03","EQUIPMENT_DESC","D3- Troll B",""
"Feb 20 2015  5:41PM","W_TB_D_03","QOIL","","PHD.OFI_18_0396A"
"Feb 20 2015  5:41PM","W_TB_D_03","QWAT","","PHD.OFI_18_0396B"
"Feb 20 2015  5:41PM","W_TB_D_03","QLIQ","","PHD.OFI_18_0396C"
"Feb 20 2015  5:41PM","W_TB_D_03","QGAS","","PHD.OFI_18_0396D"
"Feb 20 2015  5:41PM","W_TB_D_03","WC","","PHD.OFFI_18_0396A"
"Feb 20 2015  5:41PM","W_TB_D_03","GOR","","PHD.OFFI_18_0396B"
"Feb 20 2015  5:41PM","W_TB_D_03","UCP","","PHD.PZI_18_0315"
"Feb 20 2015  5:41PM","W_TB_D_03","UCT","","PHD.TI_18_0323"
"Feb 20 2015  5:41PM","W_TB_D_03","DCP","","PHD.PZI_18_0317"
"Feb 20 2015  5:41PM","W_TB_D_03","DCT","","PHD.TI_18_0316"
"Feb 20 2015  5:41PM","W_TB_D_03","UCP_CALC","","PHD.NPY_18_0396B"
"Feb 20 2015  5:41PM","W_TB_D_03","UCT_CALC","","PHD.NTY_18_0396B"
"Feb 20 2015  5:41PM","W_TB_D_03","DCP_CALC","","PHD.NPY_18_0396C"
"Feb 20 2015  5:41PM","W_TB_D_03","DCT_CALC","","PHD.NTY_18_0396C"
"Feb 20 2015  5:41PM","W_TB_D_03","DP","","PHD.PDI_18_0306"
"Feb 20 2015  5:41PM","W_TB_D_03","CHOKE","","PHD.GI_18_0306A"
"Feb 20 2015  5:41PM","W_TB_D_03","CHOKE_CMD","","PHD.GI_18_0306B"
"Feb 20 2015  5:41PM","W_TB_D_03","CHOKE_CALC","","PHD.NGI_18_0306B"
"Feb 20 2015  5:41PM","W_TB_D_03","ERRF","","PHD.NFI_18_0396Z"
"Feb 20 2015  5:41PM","W_TB_D_03","MODUS","","PHD.HS_18_0306B"
"Feb 20 2015  5:41PM","W_TB_D_03","STATUS","","PHD.NI_18_0363"
"Feb 20 2015  5:41PM","W_TB_D_03","ROUTING","","PHD.GS_18_0309P"
"Feb 20 2015  5:41PM","W_TB_D_03","MeOH","","PHD.OFI_18_0396G"
"Feb 20 2015  5:41PM","W_TB_D_03","DHSVL","","PHD.GSH_18_0301"
"Feb 20 2015  5:41PM","W_TB_D_03","DHSVU","","PHD.GSH_18_0302"
"Feb 20 2015  5:41PM","W_TB_D_03","PMV","","PHD.GSH_18_0303"
"Feb 20 2015  5:41PM","W_TB_D_03","PWV","","PHD.GSH_18_0304"
"Feb 20 2015  5:41PM","W_TB_D_03","AMV","","PHD.GSH_18_0318"
"Feb 20 2015  5:41PM","W_TB_D_03","AWV","","PHD.GSH_18_0312"
"Feb 20 2015  5:41PM","W_TB_D_03","XOV","","PHD.GSH_18_0319"
"Feb 20 2015  5:41PM","W_TB_D_03","GLV","","PHD.NULL"
"Feb 20 2015  5:41PM","W_TB_D_03","PCV","","PHD.GSL_18_03_06"
"Feb 20 2015  5:41PM","W_TB_D_03","PFORM_CALC","","PHD.NPY_18_0396A"
"Feb 20 2015  5:41PM","W_TB_D_03","TFORM_CALC","","PHD.NTY_18_0396A"
"Feb 20 2015  5:41PM","W_TB_D_03","CHOKE_POS_PER","","PHD.GI_18_0306E"
"Feb 20 2015  5:41PM","W_TB_D_03","TAG_32","","PHD.OFC_18_0396A"
"Feb 20 2015  5:41PM","W_TB_D_03","TAG_33","","PHD.OFC_18_0396B"
"Feb 20 2015  5:41PM","W_TB_D_03","TAG_34","","PHD.OFC_18_0396C"
"Feb 20 2015  5:41PM","W_TB_D_03","TAG_35","","PHD.OFC_18_0396D"
"Feb 20 2015  5:41PM","W_TB_D_03","TAG_36","","PHD.OFFI_18_0396C"
"Feb 20 2015  5:41PM","W_TB_D_03","GROUP","",""
"Feb 20 2015  5:41PM","W_TB_D_03","CLUSTER","",""
"Feb 20 2015  5:41PM","W_TB_D_03","QOILTARGET","","PHD.UR_18_0301A_X"
"Feb 20 2015  5:41PM","W_TB_D_03","QOILMIN","","PHD.URL_18_0301A_X"
"Feb 20 2015  5:41PM","W_TB_D_03","QOILMAX","","PHD.URH_18_0301A_X"
"Feb 20 2015  5:41PM","W_TB_D_03","QLIQTARGET","","PHD.UR_18_0301C_X"
"Feb 20 2015  5:41PM","W_TB_D_03","LIQMIN","","PHD.URL_18_0301C_X"
"Feb 20 2015  5:41PM","W_TB_D_03","QLIQMAX","","PHD.URH_18_0301C_X"
"Feb 20 2015  5:41PM","W_TB_D_04","EQUIPMENT_NAME","D4",""
"Feb 20 2015  5:41PM","W_TB_D_04","EQUIPMENT_DESC","D4- Troll B",""
"Feb 20 2015  5:41PM","W_TB_D_04","QOIL","","PHD.OFI_18_0496A"
"Feb 20 2015  5:41PM","W_TB_D_04","QWAT","","PHD.OFI_18_0496B"
"Feb 20 2015  5:41PM","W_TB_D_04","QLIQ","","PHD.OFI_18_0496C"
"Feb 20 2015  5:41PM","W_TB_D_04","QGAS","","PHD.OFI_18_0496D"
"Feb 20 2015  5:41PM","W_TB_D_04","WC","","PHD.OFFI_18_0496A"
"Feb 20 2015  5:41PM","W_TB_D_04","GOR","","PHD.OFFI_18_0496B"
"Feb 20 2015  5:41PM","W_TB_D_04","UCP","","PHD.PZI_18_0415"
"Feb 20 2015  5:41PM","W_TB_D_04","UCT","","PHD.TI_18_0423"
"Feb 20 2015  5:41PM","W_TB_D_04","DCP","","PHD.PZI_18_0417"
"Feb 20 2015  5:41PM","W_TB_D_04","DCT","","PHD.TI_18_0416"
"Feb 20 2015  5:41PM","W_TB_D_04","UCP_CALC","","PHD.NPY_18_0496B"
"Feb 20 2015  5:41PM","W_TB_D_04","UCT_CALC","","PHD.NTY_18_0496B"
"Feb 20 2015  5:41PM","W_TB_D_04","DCP_CALC","","PHD.NPY_18_0496C"
"Feb 20 2015  5:41PM","W_TB_D_04","DCT_CALC","","PHD.NTY_18_0496C"
"Feb 20 2015  5:41PM","W_TB_D_04","DP","","PHD.PDI_18_0406"
"Feb 20 2015  5:41PM","W_TB_D_04","CHOKE","","PHD.GI_18_0406A"
"Feb 20 2015  5:41PM","W_TB_D_04","CHOKE_CMD","","PHD.GI_18_0406B"
"Feb 20 2015  5:41PM","W_TB_D_04","CHOKE_CALC","","PHD.NGI_18_0406B"
"Feb 20 2015  5:41PM","W_TB_D_04","ERRF","","PHD.NFI_18_0496Z"
"Feb 20 2015  5:41PM","W_TB_D_04","MODUS","","PHD.HS_18_0406B"
"Feb 20 2015  5:41PM","W_TB_D_04","STATUS","","PHD.NI_18_0463"
"Feb 20 2015  5:41PM","W_TB_D_04","ROUTING","","PHD.GS_18_0409P"
"Feb 20 2015  5:41PM","W_TB_D_04","MeOH","","PHD.OFI_18_0496G"
"Feb 20 2015  5:41PM","W_TB_D_04","DHSVL","","PHD.GSH_18_0401"
"Feb 20 2015  5:41PM","W_TB_D_04","DHSVU","","PHD.GSH_18_0402"
"Feb 20 2015  5:41PM","W_TB_D_04","PMV","","PHD.GSH_18_0403"
"Feb 20 2015  5:41PM","W_TB_D_04","PWV","","PHD.GSH_18_0404"
"Feb 20 2015  5:41PM","W_TB_D_04","AMV","","PHD.GSH_18_0418"
"Feb 20 2015  5:41PM","W_TB_D_04","AWV","","PHD.GSH_18_0412"
"Feb 20 2015  5:41PM","W_TB_D_04","XOV","","PHD.GSH_18_0419"
"Feb 20 2015  5:41PM","W_TB_D_04","GLV","","PHD.NULL"
"Feb 20 2015  5:41PM","W_TB_D_04","PCV","","PHD.GSL_18_04_06"
"Feb 20 2015  5:41PM","W_TB_D_04","PFORM_CALC","","PHD.NPY_18_0496A"
"Feb 20 2015  5:41PM","W_TB_D_04","TFORM_CALC","","PHD.NTY_18_0496A"
"Feb 20 2015  5:41PM","W_TB_D_04","CHOKE_POS_PER","","PHD.GI_18_0406E"
"Feb 20 2015  5:41PM","W_TB_D_04","TAG_32","","PHD.OFC_18_0496A"
"Feb 20 2015  5:41PM","W_TB_D_04","TAG_33","","PHD.OFC_18_0496B"
"Feb 20 2015  5:41PM","W_TB_D_04","TAG_34","","PHD.OFC_18_0496C"
"Feb 20 2015  5:41PM","W_TB_D_04","TAG_35","","PHD.OFC_18_0496D"
"Feb 20 2015  5:41PM","W_TB_D_04","TAG_36","","PHD.OFFI_18_0496C"
"Feb 20 2015  5:41PM","W_TB_D_04","GROUP","",""
"Feb 20 2015  5:41PM","W_TB_D_04","CLUSTER","",""
"Feb 20 2015  5:41PM","W_TB_D_04","QOILTARGET","","PHD.UR_18_0401A_X"
"Feb 20 2015  5:41PM","W_TB_D_04","QOILMIN","","PHD.URL_18_0401A_X"
"Feb 20 2015  5:41PM","W_TB_D_04","QOILMAX","","PHD.URH_18_0401A_X"
"Feb 20 2015  5:41PM","W_TB_D_04","QLIQTARGET","","PHD.UR_18_0401C_X"
"Feb 20 2015  5:41PM","W_TB_D_04","LIQMIN","","PHD.URL_18_0401C_X"
"Feb 20 2015  5:41PM","W_TB_D_04","QLIQMAX","","PHD.URH_18_0401C_X"
"Feb 20 2015  5:41PM","W_TB_D_05","EQUIPMENT_NAME","D5",""
"Feb 20 2015  5:41PM","W_TB_D_05","EQUIPMENT_DESC","D5- Troll B",""
"Feb 20 2015  5:41PM","W_TB_D_05","QOIL","","PHD.OFI_18_0596A"
"Feb 20 2015  5:41PM","W_TB_D_05","QWAT","","PHD.OFI_18_0596B"
"Feb 20 2015  5:41PM","W_TB_D_05","QLIQ","","PHD.OFI_18_0596C"
"Feb 20 2015  5:41PM","W_TB_D_05","QGAS","","PHD.OFI_18_0596D"
"Feb 20 2015  5:41PM","W_TB_D_05","WC","","PHD.OFFI_18_0596A"
"Feb 20 2015  5:41PM","W_TB_D_05","GOR","","PHD.OFFI_18_0596B"
"Feb 20 2015  5:41PM","W_TB_D_05","UCP","","PHD.PZI_18_0515"
"Feb 20 2015  5:41PM","W_TB_D_05","UCT","","PHD.TI_18_0523"
"Feb 20 2015  5:41PM","W_TB_D_05","DCP","","PHD.PZI_18_0517"
"Feb 20 2015  5:41PM","W_TB_D_05","DCT","","PHD.TI_18_0516"
"Feb 20 2015  5:41PM","W_TB_D_05","UCP_CALC","","PHD.NPY_18_0596B"
"Feb 20 2015  5:41PM","W_TB_D_05","UCT_CALC","","PHD.NTY_18_0596B"
"Feb 20 2015  5:41PM","W_TB_D_05","DCP_CALC","","PHD.NPY_18_0596C"
"Feb 20 2015  5:41PM","W_TB_D_05","DCT_CALC","","PHD.NTY_18_0596C"
"Feb 20 2015  5:41PM","W_TB_D_05","DP","","PHD.PDI_18_0506"
"Feb 20 2015  5:41PM","W_TB_D_05","CHOKE","","PHD.GI_18_0506A"
"Feb 20 2015  5:41PM","W_TB_D_05","CHOKE_CMD","","PHD.GI_18_0506B"
"Feb 20 2015  5:41PM","W_TB_D_05","CHOKE_CALC","","PHD.NGI_18_0506B"
"Feb 20 2015  5:41PM","W_TB_D_05","ERRF","","PHD.NFI_18_0596Z"
"Feb 20 2015  5:41PM","W_TB_D_05","MODUS","","PHD.HS_18_0506B"
"Feb 20 2015  5:41PM","W_TB_D_05","STATUS","","PHD.NI_18_0563"
"Feb 20 2015  5:41PM","W_TB_D_05","ROUTING","","PHD.GS_18_0509P"
"Feb 20 2015  5:41PM","W_TB_D_05","MeOH","","PHD.OFI_18_0596G"
"Feb 20 2015  5:41PM","W_TB_D_05","DHSVL","","PHD.GSH_18_0501"
"Feb 20 2015  5:41PM","W_TB_D_05","DHSVU","","PHD.GSH_18_0502"
"Feb 20 2015  5:41PM","W_TB_D_05","PMV","","PHD.GSH_18_0503"
"Feb 20 2015  5:41PM","W_TB_D_05","PWV","","PHD.GSH_18_0504"
"Feb 20 2015  5:41PM","W_TB_D_05","AMV","","PHD.GSH_18_0518"
"Feb 20 2015  5:41PM","W_TB_D_05","AWV","","PHD.GSH_18_0512"
"Feb 20 2015  5:41PM","W_TB_D_05","XOV","","PHD.GSH_18_0519"
"Feb 20 2015  5:41PM","W_TB_D_05","GLV","","PHD.NULL"
"Feb 20 2015  5:41PM","W_TB_D_05","PCV","","PHD.GSL_18_05_06"
"Feb 20 2015  5:41PM","W_TB_D_05","PFORM_CALC","","PHD.NPY_18_0596A"
"Feb 20 2015  5:41PM","W_TB_D_05","TFORM_CALC","","PHD.NTY_18_0596A"
"Feb 20 2015  5:41PM","W_TB_D_05","CHOKE_POS_PER","","PHD.GI_18_0506E"
"Feb 20 2015  5:41PM","W_TB_D_05","TAG_32","","PHD.OFC_18_0596A"
"Feb 20 2015  5:41PM","W_TB_D_05","TAG_33","","PHD.OFC_18_0596B"
"Feb 20 2015  5:41PM","W_TB_D_05","TAG_34","","PHD.OFC_18_0596C"
"Feb 20 2015  5:41PM","W_TB_D_05","TAG_35","","PHD.OFC_18_0596D"
"Feb 20 2015  5:41PM","W_TB_D_05","TAG_36","","PHD.OFFI_18_0596C"
"Feb 20 2015  5:41PM","W_TB_D_05","GROUP","",""
"Feb 20 2015  5:41PM","W_TB_D_05","CLUSTER","",""
"Feb 20 2015  5:41PM","W_TB_D_05","QOILTARGET","","PHD.UR_18_0501A_X"
"Feb 20 2015  5:41PM","W_TB_D_05","QOILMIN","","PHD.URL_18_0501A_X"
"Feb 20 2015  5:41PM","W_TB_D_05","QOILMAX","","PHD.URH_18_0501A_X"
"Feb 20 2015  5:41PM","W_TB_D_05","QLIQTARGET","","PHD.UR_18_0501C_X"
"Feb 20 2015  5:41PM","W_TB_D_05","LIQMIN","","PHD.URL_18_0501C_X"
"Feb 20 2015  5:41PM","W_TB_D_05","QLIQMAX","","PHD.URH_18_0501C_X"
"Feb 20 2015  5:41PM","W_TB_D_06","EQUIPMENT_NAME","D6",""
"Feb 20 2015  5:41PM","W_TB_D_06","EQUIPMENT_DESC","D6- Troll B",""
"Feb 20 2015  5:41PM","W_TB_D_06","QOIL","","PHD.OFI_18_0696A"
"Feb 20 2015  5:41PM","W_TB_D_06","QWAT","","PHD.OFI_18_0696B"
"Feb 20 2015  5:41PM","W_TB_D_06","QLIQ","","PHD.OFI_18_0696C"
"Feb 20 2015  5:41PM","W_TB_D_06","QGAS","","PHD.OFI_18_0696D"
"Feb 20 2015  5:41PM","W_TB_D_06","WC","","PHD.OFFI_18_0696A"
"Feb 20 2015  5:41PM","W_TB_D_06","GOR","","PHD.OFFI_18_0696B"
"Feb 20 2015  5:41PM","W_TB_D_06","UCP","","PHD.PZI_18_0615"
"Feb 20 2015  5:41PM","W_TB_D_06","UCT","","PHD.TI_18_0623"
"Feb 20 2015  5:41PM","W_TB_D_06","DCP","","PHD.PZI_18_0617"
"Feb 20 2015  5:41PM","W_TB_D_06","DCT","","PHD.TI_18_0616"
"Feb 20 2015  5:41PM","W_TB_D_06","UCP_CALC","","PHD.NPY_18_0696B"
"Feb 20 2015  5:41PM","W_TB_D_06","UCT_CALC","","PHD.NTY_18_0696B"
"Feb 20 2015  5:41PM","W_TB_D_06","DCP_CALC","","PHD.NPY_18_0696C"
"Feb 20 2015  5:41PM","W_TB_D_06","DCT_CALC","","PHD.NTY_18_0696C"
"Feb 20 2015  5:41PM","W_TB_D_06","DP","","PHD.PDI_18_0606"
"Feb 20 2015  5:41PM","W_TB_D_06","CHOKE","","PHD.GI_18_0606A"
"Feb 20 2015  5:41PM","W_TB_D_06","CHOKE_CMD","","PHD.GI_18_0606B"
"Feb 20 2015  5:41PM","W_TB_D_06","CHOKE_CALC","","PHD.NGI_18_0606B"
"Feb 20 2015  5:41PM","W_TB_D_06","ERRF","","PHD.NFI_18_0696Z"
"Feb 20 2015  5:41PM","W_TB_D_06","MODUS","","PHD.HS_18_0606B"
"Feb 20 2015  5:41PM","W_TB_D_06","STATUS","","PHD.NI_18_0663"
"Feb 20 2015  5:41PM","W_TB_D_06","ROUTING","","PHD.GS_18_0609P"
"Feb 20 2015  5:41PM","W_TB_D_06","MeOH","","PHD.OFI_18_0696G"
"Feb 20 2015  5:41PM","W_TB_D_06","DHSVL","","PHD.GSH_18_0601"
"Feb 20 2015  5:41PM","W_TB_D_06","DHSVU","","PHD.GSH_18_0602"
"Feb 20 2015  5:41PM","W_TB_D_06","PMV","","PHD.GSH_18_0603"
"Feb 20 2015  5:41PM","W_TB_D_06","PWV","","PHD.GSH_18_0604"
"Feb 20 2015  5:41PM","W_TB_D_06","AMV","","PHD.GSH_18_0618"
"Feb 20 2015  5:41PM","W_TB_D_06","AWV","","PHD.GSH_18_0612"
"Feb 20 2015  5:41PM","W_TB_D_06","XOV","","PHD.GSH_18_0619"
"Feb 20 2015  5:41PM","W_TB_D_06","GLV","","PHD.NULL"
"Feb 20 2015  5:41PM","W_TB_D_06","PCV","","PHD.GSL_18_06_06"
"Feb 20 2015  5:41PM","W_TB_D_06","PFORM_CALC","","PHD.NPY_18_0696A"
"Feb 20 2015  5:41PM","W_TB_D_06","TFORM_CALC","","PHD.NTY_18_0696A"
"Feb 20 2015  5:41PM","W_TB_D_06","CHOKE_POS_PER","","PHD.GI_18_0606E"
"Feb 20 2015  5:41PM","W_TB_D_06","TAG_32","","PHD.OFC_18_0696A"
"Feb 20 2015  5:41PM","W_TB_D_06","TAG_33","","PHD.OFC_18_0696B"
"Feb 20 2015  5:41PM","W_TB_D_06","TAG_34","","PHD.OFC_18_0696C"
"Feb 20 2015  5:41PM","W_TB_D_06","TAG_35","","PHD.OFC_18_0696D"
"Feb 20 2015  5:41PM","W_TB_D_06","TAG_36","","PHD.OFFI_18_0696C"
"Feb 20 2015  5:41PM","W_TB_D_06","GROUP","",""
"Feb 20 2015  5:41PM","W_TB_D_06","CLUSTER","",""
"Feb 20 2015  5:41PM","W_TB_D_06","QOILTARGET","","PHD.UR_18_0601A_X"
"Feb 20 2015  5:41PM","W_TB_D_06","QOILMIN","","PHD.URL_18_0601A_X"
"Feb 20 2015  5:41PM","W_TB_D_06","QOILMAX","","PHD.URH_18_0601A_X"
"Feb 20 2015  5:41PM","W_TB_D_06","QLIQTARGET","","PHD.UR_18_0601C_X"
"Feb 20 2015  5:41PM","W_TB_D_06","LIQMIN","","PHD.URL_18_0601C_X"
"Feb 20 2015  5:41PM","W_TB_D_06","QLIQMAX","","PHD.URH_18_0601C_X"
"Feb 20 2015  5:41PM","W_TB_D_07","EQUIPMENT_NAME","D7",""
"Feb 20 2015  5:41PM","W_TB_D_07","EQUIPMENT_DESC","D7- Troll B",""
"Feb 20 2015  5:41PM","W_TB_D_07","QOIL","","PHD.OFI_18_0796A"
"Feb 20 2015  5:41PM","W_TB_D_07","QWAT","","PHD.OFI_18_0796B"
"Feb 20 2015  5:41PM","W_TB_D_07","QLIQ","","PHD.OFI_18_0796C"
"Feb 20 2015  5:41PM","W_TB_D_07","QGAS","","PHD.OFI_18_0796D"
"Feb 20 2015  5:41PM","W_TB_D_07","WC","","PHD.OFFI_18_0796A"
"Feb 20 2015  5:41PM","W_TB_D_07","GOR","","PHD.OFFI_18_0796B"
"Feb 20 2015  5:41PM","W_TB_D_07","UCP","","PHD.PZI_18_0715"
"Feb 20 2015  5:41PM","W_TB_D_07","UCT","","PHD.TI_18_0723"
"Feb 20 2015  5:41PM","W_TB_D_07","DCP","","PHD.PZI_18_0717"
"Feb 20 2015  5:41PM","W_TB_D_07","DCT","","PHD.TI_18_0716"
"Feb 20 2015  5:41PM","W_TB_D_07","UCP_CALC","","PHD.NPY_18_0796B"
"Feb 20 2015  5:41PM","W_TB_D_07","UCT_CALC","","PHD.NTY_18_0796B"
"Feb 20 2015  5:41PM","W_TB_D_07","DCP_CALC","","PHD.NPY_18_0796C"
"Feb 20 2015  5:41PM","W_TB_D_07","DCT_CALC","","PHD.NTY_18_0796C"
"Feb 20 2015  5:41PM","W_TB_D_07","DP","","PHD.PDI_18_0706"
"Feb 20 2015  5:41PM","W_TB_D_07","CHOKE","","PHD.GI_18_0706A"
"Feb 20 2015  5:41PM","W_TB_D_07","CHOKE_CMD","","PHD.GI_18_0706B"
"Feb 20 2015  5:41PM","W_TB_D_07","CHOKE_CALC","","PHD.NGI_18_0706B"
"Feb 20 2015  5:41PM","W_TB_D_07","ERRF","","PHD.NFI_18_0796Z"
"Feb 20 2015  5:41PM","W_TB_D_07","MODUS","","PHD.HS_18_0706B"
"Feb 20 2015  5:41PM","W_TB_D_07","STATUS","","PHD.NI_18_0763"
"Feb 20 2015  5:41PM","W_TB_D_07","ROUTING","","PHD.GS_18_0709P"
"Feb 20 2015  5:41PM","W_TB_D_07","MeOH","","PHD.OFI_18_0796G"
"Feb 20 2015  5:41PM","W_TB_D_07","DHSVL","","PHD.GSH_18_0701"
"Feb 20 2015  5:41PM","W_TB_D_07","DHSVU","","PHD.GSH_18_0702"
"Feb 20 2015  5:41PM","W_TB_D_07","PMV","","PHD.GSH_18_0703"
"Feb 20 2015  5:41PM","W_TB_D_07","PWV","","PHD.GSH_18_0704"
"Feb 20 2015  5:41PM","W_TB_D_07","AMV","","PHD.GSH_18_0718"
"Feb 20 2015  5:41PM","W_TB_D_07","AWV","","PHD.GSH_18_0712"
"Feb 20 2015  5:41PM","W_TB_D_07","XOV","","PHD.GSH_18_0719"
"Feb 20 2015  5:41PM","W_TB_D_07","GLV","","PHD.NULL"
"Feb 20 2015  5:41PM","W_TB_D_07","PCV","","PHD.GSL_18_07_06"
"Feb 20 2015  5:41PM","W_TB_D_07","PFORM_CALC","","PHD.NPY_18_0796A"
"Feb 20 2015  5:41PM","W_TB_D_07","TFORM_CALC","","PHD.NTY_18_0796A"
"Feb 20 2015  5:41PM","W_TB_D_07","CHOKE_POS_PER","","PHD.GI_18_0706E"
"Feb 20 2015  5:41PM","W_TB_D_07","TAG_32","","PHD.OFC_18_0796A"
"Feb 20 2015  5:41PM","W_TB_D_07","TAG_33","","PHD.OFC_18_0796B"
"Feb 20 2015  5:41PM","W_TB_D_07","TAG_34","","PHD.OFC_18_0796C"
"Feb 20 2015  5:41PM","W_TB_D_07","TAG_35","","PHD.OFC_18_0796D"
"Feb 20 2015  5:41PM","W_TB_D_07","TAG_36","","PHD.OFFI_18_0796C"
"Feb 20 2015  5:41PM","W_TB_D_07","GROUP","",""
"Feb 20 2015  5:41PM","W_TB_D_07","CLUSTER","",""
"Feb 20 2015  5:41PM","W_TB_D_07","QOILTARGET","","PHD.UR_18_0701A_X"
"Feb 20 2015  5:41PM","W_TB_D_07","QOILMIN","","PHD.URL_18_0701A_X"
"Feb 20 2015  5:41PM","W_TB_D_07","QOILMAX","","PHD.URH_18_0701A_X"
"Feb 20 2015  5:41PM","W_TB_D_07","QLIQTARGET","","PHD.UR_18_0701C_X"
"Feb 20 2015  5:41PM","W_TB_D_07","LIQMIN","","PHD.URL_18_0701C_X"
"Feb 20 2015  5:41PM","W_TB_D_07","QLIQMAX","","PHD.URH_18_0701C_X"
"Feb 20 2015  5:41PM","W_TB_D_08","EQUIPMENT_NAME","D8",""
"Feb 20 2015  5:41PM","W_TB_D_08","EQUIPMENT_DESC","D8- Troll B",""
"Feb 20 2015  5:41PM","W_TB_D_08","QOIL","","PHD.OFI_18_0896A"
"Feb 20 2015  5:41PM","W_TB_D_08","QWAT","","PHD.OFI_18_0896B"
"Feb 20 2015  5:41PM","W_TB_D_08","QLIQ","","PHD.OFI_18_0896C"
"Feb 20 2015  5:41PM","W_TB_D_08","QGAS","","PHD.OFI_18_0896D"
"Feb 20 2015  5:41PM","W_TB_D_08","WC","","PHD.OFFI_18_0896A"
"Feb 20 2015  5:41PM","W_TB_D_08","GOR","","PHD.OFFI_18_0896B"
"Feb 20 2015  5:41PM","W_TB_D_08","UCP","","PHD.PZI_18_0815"
"Feb 20 2015  5:41PM","W_TB_D_08","UCT","","PHD.TI_18_0823"
"Feb 20 2015  5:41PM","W_TB_D_08","DCP","","PHD.PZI_18_0817"
"Feb 20 2015  5:41PM","W_TB_D_08","DCT","","PHD.TI_18_0816"
"Feb 20 2015  5:41PM","W_TB_D_08","UCP_CALC","","PHD.NPY_18_0896B"
"Feb 20 2015  5:41PM","W_TB_D_08","UCT_CALC","","PHD.NTY_18_0896B"
"Feb 20 2015  5:41PM","W_TB_D_08","DCP_CALC","","PHD.NPY_18_0896C"
"Feb 20 2015  5:41PM","W_TB_D_08","DCT_CALC","","PHD.NTY_18_0896C"
"Feb 20 2015  5:41PM","W_TB_D_08","DP","","PHD.PDI_18_0806"
"Feb 20 2015  5:41PM","W_TB_D_08","CHOKE","","PHD.GI_18_0806A"
"Feb 20 2015  5:41PM","W_TB_D_08","CHOKE_CMD","","PHD.GI_18_0806B"
"Feb 20 2015  5:41PM","W_TB_D_08","CHOKE_CALC","","PHD.NGI_18_0806B"
"Feb 20 2015  5:41PM","W_TB_D_08","ERRF","","PHD.NFI_18_0896Z"
"Feb 20 2015  5:41PM","W_TB_D_08","MODUS","","PHD.HS_18_0806B"
"Feb 20 2015  5:41PM","W_TB_D_08","STATUS","","PHD.NI_18_0863"
"Feb 20 2015  5:41PM","W_TB_D_08","ROUTING","","PHD.GS_18_0809P"
"Feb 20 2015  5:41PM","W_TB_D_08","MeOH","","PHD.OFI_18_0896G"
"Feb 20 2015  5:41PM","W_TB_D_08","DHSVL","","PHD.GSH_18_0801"
"Feb 20 2015  5:41PM","W_TB_D_08","DHSVU","","PHD.GSH_18_0802"
"Feb 20 2015  5:41PM","W_TB_D_08","PMV","","PHD.GSH_18_0803"
"Feb 20 2015  5:41PM","W_TB_D_08","PWV","","PHD.GSH_18_0804"
"Feb 20 2015  5:41PM","W_TB_D_08","AMV","","PHD.GSH_18_0818"
"Feb 20 2015  5:41PM","W_TB_D_08","AWV","","PHD.GSH_18_0812"
"Feb 20 2015  5:41PM","W_TB_D_08","XOV","","PHD.GSH_18_0819"
"Feb 20 2015  5:41PM","W_TB_D_08","GLV","","PHD.NULL"
"Feb 20 2015  5:41PM","W_TB_D_08","PCV","","PHD.GSL_18_08_06"
"Feb 20 2015  5:41PM","W_TB_D_08","PFORM_CALC","","PHD.NPY_18_0896A"
"Feb 20 2015  5:41PM","W_TB_D_08","TFORM_CALC","","PHD.NTY_18_0896A"
"Feb 20 2015  5:41PM","W_TB_D_08","CHOKE_POS_PER","","PHD.GI_18_0806E"
"Feb 20 2015  5:41PM","W_TB_D_08","TAG_32","","PHD.OFC_18_0896A"
"Feb 20 2015  5:41PM","W_TB_D_08","TAG_33","","PHD.OFC_18_0896B"
"Feb 20 2015  5:41PM","W_TB_D_08","TAG_34","","PHD.OFC_18_0896C"
"Feb 20 2015  5:41PM","W_TB_D_08","TAG_35","","PHD.OFC_18_0896D"
"Feb 20 2015  5:41PM","W_TB_D_08","TAG_36","","PHD.OFFI_18_0896C"
"Feb 20 2015  5:41PM","W_TB_D_08","GROUP","",""
"Feb 20 2015  5:41PM","W_TB_D_08","CLUSTER","",""
"Feb 20 2015  5:41PM","W_TB_D_08","QOILTARGET","","PHD.UR_18_0801A_X"
"Feb 20 2015  5:41PM","W_TB_D_08","QOILMIN","","PHD.URL_18_0801A_X"
"Feb 20 2015  5:41PM","W_TB_D_08","QOILMAX","","PHD.URH_18_0801A_X"
"Feb 20 2015  5:41PM","W_TB_D_08","QLIQTARGET","","PHD.UR_18_0801C_X"
"Feb 20 2015  5:41PM","W_TB_D_08","LIQMIN","","PHD.URL_18_0801C_X"
"Feb 20 2015  5:41PM","W_TB_D_08","QLIQMAX","","PHD.URH_18_0801C_X"
"Feb 20 2015  5:41PM","W_TB_E_01","EQUIPMENT_NAME","E1",""
"Feb 20 2015  5:41PM","W_TB_E_01","EQUIPMENT_DESC","E1- Troll B",""
"Feb 20 2015  5:41PM","W_TB_E_01","QOIL","","PHD.OFI_18_0996A"
"Feb 20 2015  5:41PM","W_TB_E_01","QWAT","","PHD.OFI_18_0996B"
"Feb 20 2015  5:41PM","W_TB_E_01","QLIQ","","PHD.OFI_18_0996C"
"Feb 20 2015  5:41PM","W_TB_E_01","QGAS","","PHD.OFI_18_0996D"
"Feb 20 2015  5:41PM","W_TB_E_01","WC","","PHD.OFFI_18_0996A"
"Feb 20 2015  5:41PM","W_TB_E_01","GOR","","PHD.OFFI_18_0996B"
"Feb 20 2015  5:41PM","W_TB_E_01","UCP","","PHD.PZI_18_0915"
"Feb 20 2015  5:41PM","W_TB_E_01","UCT","","PHD.TI_18_0923"
"Feb 20 2015  5:41PM","W_TB_E_01","DCP","","PHD.PZI_18_0917"
"Feb 20 2015  5:41PM","W_TB_E_01","DCT","","PHD.TI_18_0916"
"Feb 20 2015  5:41PM","W_TB_E_01","UCP_CALC","","PHD.NPY_18_0996B"
"Feb 20 2015  5:41PM","W_TB_E_01","UCT_CALC","","PHD.NTY_18_0996B"
"Feb 20 2015  5:41PM","W_TB_E_01","DCP_CALC","","PHD.NPY_18_0996C"
"Feb 20 2015  5:41PM","W_TB_E_01","DCT_CALC","","PHD.NTY_18_0996C"
"Feb 20 2015  5:41PM","W_TB_E_01","DP","","PHD.PDI_18_0906"
"Feb 20 2015  5:41PM","W_TB_E_01","CHOKE","","PHD.GI_18_0906A"
"Feb 20 2015  5:41PM","W_TB_E_01","CHOKE_CMD","","PHD.GI_18_0906B"
"Feb 20 2015  5:41PM","W_TB_E_01","CHOKE_CALC","","PHD.NGI_18_0906B"
"Feb 20 2015  5:41PM","W_TB_E_01","ERRF","","PHD.NFI_18_0996Z"
"Feb 20 2015  5:41PM","W_TB_E_01","MODUS","","PHD.HS_18_0906B"
"Feb 20 2015  5:41PM","W_TB_E_01","STATUS","","PHD.NI_18_0963"
"Feb 20 2015  5:41PM","W_TB_E_01","ROUTING","","PHD.GS_18_0909P"
"Feb 20 2015  5:41PM","W_TB_E_01","MeOH","","PHD.OFI_18_0996G"
"Feb 20 2015  5:41PM","W_TB_E_01","DHSVL","","PHD.GSH_18_0901"
"Feb 20 2015  5:41PM","W_TB_E_01","DHSVU","","PHD.GSH_18_0902"
"Feb 20 2015  5:41PM","W_TB_E_01","PMV","","PHD.GSH_18_0903"
"Feb 20 2015  5:41PM","W_TB_E_01","PWV","","PHD.GSH_18_0904"
"Feb 20 2015  5:41PM","W_TB_E_01","AMV","","PHD.GSH_18_0918"
"Feb 20 2015  5:41PM","W_TB_E_01","AWV","","PHD.GSH_18_0912"
"Feb 20 2015  5:41PM","W_TB_E_01","XOV","","PHD.GSH_18_0919"
"Feb 20 2015  5:41PM","W_TB_E_01","GLV","","PHD.NULL"
"Feb 20 2015  5:41PM","W_TB_E_01","PCV","","PHD.GSL_18_09_06"
"Feb 20 2015  5:41PM","W_TB_E_01","PFORM_CALC","","PHD.NPY_18_0996A"
"Feb 20 2015  5:41PM","W_TB_E_01","TFORM_CALC","","PHD.NTY_18_0996A"
"Feb 20 2015  5:41PM","W_TB_E_01","CHOKE_POS_PER","","PHD.GI_18_0906E"
"Feb 20 2015  5:41PM","W_TB_E_01","TAG_32","","PHD.OFC_18_0996A"
"Feb 20 2015  5:41PM","W_TB_E_01","TAG_33","","PHD.OFC_18_0996B"
"Feb 20 2015  5:41PM","W_TB_E_01","TAG_34","","PHD.OFC_18_0996C"
"Feb 20 2015  5:41PM","W_TB_E_01","TAG_35","","PHD.OFC_18_0996D"
"Feb 20 2015  5:41PM","W_TB_E_01","TAG_36","","PHD.OFFI_18_0996C"
"Feb 20 2015  5:41PM","W_TB_E_01","GROUP","",""
"Feb 20 2015  5:41PM","W_TB_E_01","CLUSTER","",""
"Feb 20 2015  5:41PM","W_TB_E_01","QOILTARGET","","PHD.UR_18_0901A_X"
"Feb 20 2015  5:41PM","W_TB_E_01","QOILMIN","","PHD.URL_18_0901A_X"
"Feb 20 2015  5:41PM","W_TB_E_01","QOILMAX","","PHD.URH_18_0901A_X"
"Feb 20 2015  5:41PM","W_TB_E_01","QLIQTARGET","","PHD.UR_18_0901C_X"
"Feb 20 2015  5:41PM","W_TB_E_01","LIQMIN","","PHD.URL_18_0901C_X"
"Feb 20 2015  5:41PM","W_TB_E_01","QLIQMAX","","PHD.URH_18_0901C_X"
"Feb 20 2015  5:41PM","W_TB_E_02","EQUIPMENT_NAME","E2",""
"Feb 20 2015  5:41PM","W_TB_E_02","EQUIPMENT_DESC","E2- Troll B",""
"Feb 20 2015  5:41PM","W_TB_E_02","QOIL","","PHD.OFI_18_1096A"
"Feb 20 2015  5:41PM","W_TB_E_02","QWAT","","PHD.OFI_18_1096B"
"Feb 20 2015  5:41PM","W_TB_E_02","QLIQ","","PHD.OFI_18_1096C"
"Feb 20 2015  5:41PM","W_TB_E_02","QGAS","","PHD.OFI_18_1096D"
"Feb 20 2015  5:41PM","W_TB_E_02","WC","","PHD.OFFI_18_1096A"
"Feb 20 2015  5:41PM","W_TB_E_02","GOR","","PHD.OFFI_18_1096B"
"Feb 20 2015  5:41PM","W_TB_E_02","UCP","","PHD.PZI_18_1015"
"Feb 20 2015  5:41PM","W_TB_E_02","UCT","","PHD.TI_18_1023"
"Feb 20 2015  5:41PM","W_TB_E_02","DCP","","PHD.PZI_18_1017"
"Feb 20 2015  5:41PM","W_TB_E_02","DCT","","PHD.TI_18_1016"
"Feb 20 2015  5:41PM","W_TB_E_02","UCP_CALC","","PHD.NPY_18_1096B"
"Feb 20 2015  5:41PM","W_TB_E_02","UCT_CALC","","PHD.NTY_18_1096B"
"Feb 20 2015  5:41PM","W_TB_E_02","DCP_CALC","","PHD.NPY_18_1096C"
"Feb 20 2015  5:41PM","W_TB_E_02","DCT_CALC","","PHD.NTY_18_1096C"
"Feb 20 2015  5:41PM","W_TB_E_02","DP","","PHD.PDI_18_1006"
"Feb 20 2015  5:41PM","W_TB_E_02","CHOKE","","PHD.GI_18_1006A"
"Feb 20 2015  5:41PM","W_TB_E_02","CHOKE_CMD","","PHD.GI_18_1006B"
"Feb 20 2015  5:41PM","W_TB_E_02","CHOKE_CALC","","PHD.NGI_18_1006B"
"Feb 20 2015  5:41PM","W_TB_E_02","ERRF","","PHD.NFI_18_1096Z"
"Feb 20 2015  5:41PM","W_TB_E_02","MODUS","","PHD.HS_18_1006B"
"Feb 20 2015  5:41PM","W_TB_E_02","STATUS","","PHD.NI_18_1063"
"Feb 20 2015  5:41PM","W_TB_E_02","ROUTING","","PHD.GS_18_1009P"
"Feb 20 2015  5:41PM","W_TB_E_02","MeOH","","PHD.OFI_18_1096G"
"Feb 20 2015  5:41PM","W_TB_E_02","DHSVL","","PHD.GSH_18_1001"
"Feb 20 2015  5:41PM","W_TB_E_02","DHSVU","","PHD.GSH_18_1002"
"Feb 20 2015  5:41PM","W_TB_E_02","PMV","","PHD.GSH_18_1003"
"Feb 20 2015  5:41PM","W_TB_E_02","PWV","","PHD.GSH_18_1004"
"Feb 20 2015  5:41PM","W_TB_E_02","AMV","","PHD.GSH_18_1018"
"Feb 20 2015  5:41PM","W_TB_E_02","AWV","","PHD.GSH_18_1012"
"Feb 20 2015  5:41PM","W_TB_E_02","XOV","","PHD.GSH_18_1019"
"Feb 20 2015  5:41PM","W_TB_E_02","GLV","","PHD.NULL"
"Feb 20 2015  5:41PM","W_TB_E_02","PCV","","PHD.GSL_18_10_06"
"Feb 20 2015  5:41PM","W_TB_E_02","PFORM_CALC","","PHD.NPY_18_1096A"
"Feb 20 2015  5:41PM","W_TB_E_02","TFORM_CALC","","PHD.NTY_18_1096A"
"Feb 20 2015  5:41PM","W_TB_E_02","CHOKE_POS_PER","","PHD.GI_18_1006E"
"Feb 20 2015  5:41PM","W_TB_E_02","TAG_32","","PHD.OFC_18_1096A"
"Feb 20 2015  5:41PM","W_TB_E_02","TAG_33","","PHD.OFC_18_1096B"
"Feb 20 2015  5:41PM","W_TB_E_02","TAG_34","","PHD.OFC_18_1096C"
"Feb 20 2015  5:41PM","W_TB_E_02","TAG_35","","PHD.OFC_18_1096D"
"Feb 20 2015  5:41PM","W_TB_E_02","TAG_36","","PHD.OFFI_18_1096C"
"Feb 20 2015  5:41PM","W_TB_E_02","GROUP","",""
"Feb 20 2015  5:41PM","W_TB_E_02","CLUSTER","",""
"Feb 20 2015  5:41PM","W_TB_E_02","QOILTARGET","","PHD.UR_18_1001A_X"
"Feb 20 2015  5:41PM","W_TB_E_02","QOILMIN","","PHD.URL_18_1001A_X"
"Feb 20 2015  5:41PM","W_TB_E_02","QOILMAX","","PHD.URH_18_1001A_X"
"Feb 20 2015  5:41PM","W_TB_E_02","QLIQTARGET","","PHD.UR_18_1001C_X"
"Feb 20 2015  5:41PM","W_TB_E_02","LIQMIN","","PHD.URL_18_1001C_X"
"Feb 20 2015  5:41PM","W_TB_E_02","QLIQMAX","","PHD.URH_18_1001C_X"
"Feb 20 2015  5:41PM","W_TB_E_03","EQUIPMENT_NAME","E3",""
"Feb 20 2015  5:41PM","W_TB_E_03","EQUIPMENT_DESC","E3- Troll B",""
"Feb 20 2015  5:41PM","W_TB_E_03","QOIL","","PHD.OFI_18_1196A"
"Feb 20 2015  5:41PM","W_TB_E_03","QWAT","","PHD.OFI_18_1196B"
"Feb 20 2015  5:41PM","W_TB_E_03","QLIQ","","PHD.OFI_18_1196C"
"Feb 20 2015  5:41PM","W_TB_E_03","QGAS","","PHD.OFI_18_1196D"
"Feb 20 2015  5:41PM","W_TB_E_03","WC","","PHD.OFFI_18_1196A"
"Feb 20 2015  5:41PM","W_TB_E_03","GOR","","PHD.OFFI_18_1196B"
"Feb 20 2015  5:41PM","W_TB_E_03","UCP","","PHD.PZI_18_1115"
"Feb 20 2015  5:41PM","W_TB_E_03","UCT","","PHD.TI_18_1123"
"Feb 20 2015  5:41PM","W_TB_E_03","DCP","","PHD.PZI_18_1117"
"Feb 20 2015  5:41PM","W_TB_E_03","DCT","","PHD.TI_18_1116"
"Feb 20 2015  5:41PM","W_TB_E_03","UCP_CALC","","PHD.NPY_18_1196B"
"Feb 20 2015  5:41PM","W_TB_E_03","UCT_CALC","","PHD.NTY_18_1196B"
"Feb 20 2015  5:41PM","W_TB_E_03","DCP_CALC","","PHD.NPY_18_1196C"
"Feb 20 2015  5:41PM","W_TB_E_03","DCT_CALC","","PHD.NTY_18_1196C"
"Feb 20 2015  5:41PM","W_TB_E_03","DP","","PHD.PDI_18_1106"
"Feb 20 2015  5:41PM","W_TB_E_03","CHOKE","","PHD.GI_18_1106A"
"Feb 20 2015  5:41PM","W_TB_E_03","CHOKE_CMD","","PHD.GI_18_1106B"
"Feb 20 2015  5:41PM","W_TB_E_03","CHOKE_CALC","","PHD.NGI_18_1106B"
"Feb 20 2015  5:41PM","W_TB_E_03","ERRF","","PHD.NFI_18_1196Z"
"Feb 20 2015  5:41PM","W_TB_E_03","MODUS","","PHD.HS_18_1106B"
"Feb 20 2015  5:41PM","W_TB_E_03","STATUS","","PHD.NI_18_1163"
"Feb 20 2015  5:41PM","W_TB_E_03","ROUTING","","PHD.GS_18_1109P"
"Feb 20 2015  5:41PM","W_TB_E_03","MeOH","","PHD.OFI_18_1196G"
"Feb 20 2015  5:41PM","W_TB_E_03","DHSVL","","PHD.GSH_18_1101"
"Feb 20 2015  5:41PM","W_TB_E_03","DHSVU","","PHD.GSH_18_1102"
"Feb 20 2015  5:41PM","W_TB_E_03","PMV","","PHD.GSH_18_1103"
"Feb 20 2015  5:41PM","W_TB_E_03","PWV","","PHD.GSH_18_1104"
"Feb 20 2015  5:41PM","W_TB_E_03","AMV","","PHD.GSH_18_1118"
"Feb 20 2015  5:41PM","W_TB_E_03","AWV","","PHD.GSH_18_1112"
"Feb 20 2015  5:41PM","W_TB_E_03","XOV","","PHD.GSH_18_1119"
"Feb 20 2015  5:41PM","W_TB_E_03","GLV","","PHD.NULL"
"Feb 20 2015  5:41PM","W_TB_E_03","PCV","","PHD.GSL_18_11_06"
"Feb 20 2015  5:41PM","W_TB_E_03","PFORM_CALC","","PHD.NPY_18_1196A"
"Feb 20 2015  5:41PM","W_TB_E_03","TFORM_CALC","","PHD.NTY_18_1196A"
"Feb 20 2015  5:41PM","W_TB_E_03","CHOKE_POS_PER","","PHD.GI_18_1106E"
"Feb 20 2015  5:41PM","W_TB_E_03","TAG_32","","PHD.OFC_18_1196A"
"Feb 20 2015  5:41PM","W_TB_E_03","TAG_33","","PHD.OFC_18_1196B"
"Feb 20 2015  5:41PM","W_TB_E_03","TAG_34","","PHD.OFC_18_1196C"
"Feb 20 2015  5:41PM","W_TB_E_03","TAG_35","","PHD.OFC_18_1196D"
"Feb 20 2015  5:41PM","W_TB_E_03","TAG_36","","PHD.OFFI_18_1196C"
"Feb 20 2015  5:41PM","W_TB_E_03","GROUP","",""
"Feb 20 2015  5:41PM","W_TB_E_03","CLUSTER","",""
"Feb 20 2015  5:41PM","W_TB_E_03","QOILTARGET","","PHD.UR_18_1101A_X"
"Feb 20 2015  5:41PM","W_TB_E_03","QOILMIN","","PHD.URL_18_1101A_X"
"Feb 20 2015  5:41PM","W_TB_E_03","QOILMAX","","PHD.URH_18_1101A_X"
"Feb 20 2015  5:41PM","W_TB_E_03","QLIQTARGET","","PHD.UR_18_1101C_X"
"Feb 20 2015  5:41PM","W_TB_E_03","LIQMIN","","PHD.URL_18_1101C_X"
"Feb 20 2015  5:41PM","W_TB_E_03","QLIQMAX","","PHD.URH_18_1101C_X"
"Feb 20 2015  5:41PM","W_TB_E_04","EQUIPMENT_NAME","E4",""
"Feb 20 2015  5:41PM","W_TB_E_04","EQUIPMENT_DESC","E4- Troll B",""
"Feb 20 2015  5:41PM","W_TB_E_04","QOIL","","PHD.OFI_18_1296A"
"Feb 20 2015  5:41PM","W_TB_E_04","QWAT","","PHD.OFI_18_1296B"
"Feb 20 2015  5:41PM","W_TB_E_04","QLIQ","","PHD.OFI_18_1296C"
"Feb 20 2015  5:41PM","W_TB_E_04","QGAS","","PHD.OFI_18_1296D"
"Feb 20 2015  5:41PM","W_TB_E_04","WC","","PHD.OFFI_18_1296A"
"Feb 20 2015  5:41PM","W_TB_E_04","GOR","","PHD.OFFI_18_1296B"
"Feb 20 2015  5:41PM","W_TB_E_04","UCP","","PHD.PZI_18_1215"
"Feb 20 2015  5:41PM","W_TB_E_04","UCT","","PHD.TI_18_1223"
"Feb 20 2015  5:41PM","W_TB_E_04","DCP","","PHD.PZI_18_1217"
"Feb 20 2015  5:41PM","W_TB_E_04","DCT","","PHD.TI_18_1216"
"Feb 20 2015  5:41PM","W_TB_E_04","UCP_CALC","","PHD.NPY_18_1296B"
"Feb 20 2015  5:41PM","W_TB_E_04","UCT_CALC","","PHD.NTY_18_1296B"
"Feb 20 2015  5:41PM","W_TB_E_04","DCP_CALC","","PHD.NPY_18_1296C"
"Feb 20 2015  5:41PM","W_TB_E_04","DCT_CALC","","PHD.NTY_18_1296C"
"Feb 20 2015  5:41PM","W_TB_E_04","DP","","PHD.PDI_18_1206"
"Feb 20 2015  5:41PM","W_TB_E_04","CHOKE","","PHD.GI_18_1206A"
"Feb 20 2015  5:41PM","W_TB_E_04","CHOKE_CMD","","PHD.GI_18_1206B"
"Feb 20 2015  5:41PM","W_TB_E_04","CHOKE_CALC","","PHD.NGI_18_1206B"
"Feb 20 2015  5:41PM","W_TB_E_04","ERRF","","PHD.NFI_18_1296Z"
"Feb 20 2015  5:41PM","W_TB_E_04","MODUS","","PHD.HS_18_1206B"
"Feb 20 2015  5:41PM","W_TB_E_04","STATUS","","PHD.NI_18_1263"
"Feb 20 2015  5:41PM","W_TB_E_04","ROUTING","","PHD.GS_18_1209P"
"Feb 20 2015  5:41PM","W_TB_E_04","MeOH","","PHD.OFI_18_1296G"
"Feb 20 2015  5:41PM","W_TB_E_04","DHSVL","","PHD.GSH_18_1201"
"Feb 20 2015  5:41PM","W_TB_E_04","DHSVU","","PHD.GSH_18_1202"
"Feb 20 2015  5:41PM","W_TB_E_04","PMV","","PHD.GSH_18_1203"
"Feb 20 2015  5:41PM","W_TB_E_04","PWV","","PHD.GSH_18_1204"
"Feb 20 2015  5:41PM","W_TB_E_04","AMV","","PHD.GSH_18_1218"
"Feb 20 2015  5:41PM","W_TB_E_04","AWV","","PHD.GSH_18_1212"
"Feb 20 2015  5:41PM","W_TB_E_04","XOV","","PHD.GSH_18_1219"
"Feb 20 2015  5:41PM","W_TB_E_04","GLV","","PHD.NULL"
"Feb 20 2015  5:41PM","W_TB_E_04","PCV","","PHD.GSL_18_12_06"
"Feb 20 2015  5:41PM","W_TB_E_04","PFORM_CALC","","PHD.NPY_18_1296A"
"Feb 20 2015  5:41PM","W_TB_E_04","TFORM_CALC","","PHD.NTY_18_1296A"
"Feb 20 2015  5:41PM","W_TB_E_04","CHOKE_POS_PER","","PHD.GI_18_1206E"
"Feb 20 2015  5:41PM","W_TB_E_04","TAG_32","","PHD.OFC_18_1296A"
"Feb 20 2015  5:41PM","W_TB_E_04","TAG_33","","PHD.OFC_18_1296B"
"Feb 20 2015  5:41PM","W_TB_E_04","TAG_34","","PHD.OFC_18_1296C"
"Feb 20 2015  5:41PM","W_TB_E_04","TAG_35","","PHD.OFC_18_1296D"
"Feb 20 2015  5:41PM","W_TB_E_04","TAG_36","","PHD.OFFI_18_1296C"
"Feb 20 2015  5:41PM","W_TB_E_04","GROUP","",""
"Feb 20 2015  5:41PM","W_TB_E_04","CLUSTER","",""
"Feb 20 2015  5:41PM","W_TB_E_04","QOILTARGET","","PHD.UR_18_1201A_X"
"Feb 20 2015  5:41PM","W_TB_E_04","QOILMIN","","PHD.URL_18_1201A_X"
"Feb 20 2015  5:41PM","W_TB_E_04","QOILMAX","","PHD.URH_18_1201A_X"
"Feb 20 2015  5:41PM","W_TB_E_04","QLIQTARGET","","PHD.UR_18_1201C_X"
"Feb 20 2015  5:41PM","W_TB_E_04","LIQMIN","","PHD.URL_18_1201C_X"
"Feb 20 2015  5:41PM","W_TB_E_04","QLIQMAX","","PHD.URH_18_1201C_X"
"Feb 20 2015  5:41PM","W_TB_E_05","EQUIPMENT_NAME","E5",""
"Feb 20 2015  5:41PM","W_TB_E_05","EQUIPMENT_DESC","E5- Troll B",""
"Feb 20 2015  5:41PM","W_TB_E_05","QOIL","","PHD.OFI_18_1396A"
"Feb 20 2015  5:41PM","W_TB_E_05","QWAT","","PHD.OFI_18_1396B"
"Feb 20 2015  5:41PM","W_TB_E_05","QLIQ","","PHD.OFI_18_1396C"
"Feb 20 2015  5:41PM","W_TB_E_05","QGAS","","PHD.OFI_18_1396D"
"Feb 20 2015  5:41PM","W_TB_E_05","WC","","PHD.OFFI_18_1396A"
"Feb 20 2015  5:41PM","W_TB_E_05","GOR","","PHD.OFFI_18_1396B"
"Feb 20 2015  5:41PM","W_TB_E_05","UCP","","PHD.PZI_18_1315"
"Feb 20 2015  5:41PM","W_TB_E_05","UCT","","PHD.TI_18_1323"
"Feb 20 2015  5:41PM","W_TB_E_05","DCP","","PHD.PZI_18_1317"
"Feb 20 2015  5:41PM","W_TB_E_05","DCT","","PHD.TI_18_1316"
"Feb 20 2015  5:41PM","W_TB_E_05","UCP_CALC","","PHD.NPY_18_1396B"
"Feb 20 2015  5:41PM","W_TB_E_05","UCT_CALC","","PHD.NTY_18_1396B"
"Feb 20 2015  5:41PM","W_TB_E_05","DCP_CALC","","PHD.NPY_18_1396C"
"Feb 20 2015  5:41PM","W_TB_E_05","DCT_CALC","","PHD.NTY_18_1396C"
"Feb 20 2015  5:41PM","W_TB_E_05","DP","","PHD.PDI_18_1306"
"Feb 20 2015  5:41PM","W_TB_E_05","CHOKE","","PHD.GI_18_1306A"
"Feb 20 2015  5:41PM","W_TB_E_05","CHOKE_CMD","","PHD.GI_18_1306B"
"Feb 20 2015  5:41PM","W_TB_E_05","CHOKE_CALC","","PHD.NGI_18_1306B"
"Feb 20 2015  5:41PM","W_TB_E_05","ERRF","","PHD.NFI_18_1396Z"
"Feb 20 2015  5:41PM","W_TB_E_05","MODUS","","PHD.HS_18_1306B"
"Feb 20 2015  5:41PM","W_TB_E_05","STATUS","","PHD.NI_18_1363"
"Feb 20 2015  5:41PM","W_TB_E_05","ROUTING","","PHD.GS_18_1309P"
"Feb 20 2015  5:41PM","W_TB_E_05","MeOH","","PHD.OFI_18_1396G"
"Feb 20 2015  5:41PM","W_TB_E_05","DHSVL","","PHD.GSH_18_1301"
"Feb 20 2015  5:41PM","W_TB_E_05","DHSVU","","PHD.GSH_18_1302"
"Feb 20 2015  5:41PM","W_TB_E_05","PMV","","PHD.GSH_18_1303"
"Feb 20 2015  5:41PM","W_TB_E_05","PWV","","PHD.GSH_18_1304"
"Feb 20 2015  5:41PM","W_TB_E_05","AMV","","PHD.GSH_18_1318"
"Feb 20 2015  5:41PM","W_TB_E_05","AWV","","PHD.GSH_18_1312"
"Feb 20 2015  5:41PM","W_TB_E_05","XOV","","PHD.GSH_18_1319"
"Feb 20 2015  5:41PM","W_TB_E_05","GLV","","PHD.NULL"
"Feb 20 2015  5:41PM","W_TB_E_05","PCV","","PHD.GSL_18_13_06"
"Feb 20 2015  5:41PM","W_TB_E_05","PFORM_CALC","","PHD.NPY_18_1396A"
"Feb 20 2015  5:41PM","W_TB_E_05","TFORM_CALC","","PHD.NTY_18_1396A"
"Feb 20 2015  5:41PM","W_TB_E_05","CHOKE_POS_PER","","PHD.GI_18_1306E"
"Feb 20 2015  5:41PM","W_TB_E_05","TAG_32","","PHD.OFC_18_1396A"
"Feb 20 2015  5:41PM","W_TB_E_05","TAG_33","","PHD.OFC_18_1396B"
"Feb 20 2015  5:41PM","W_TB_E_05","TAG_34","","PHD.OFC_18_1396C"
"Feb 20 2015  5:41PM","W_TB_E_05","TAG_35","","PHD.OFC_18_1396D"
"Feb 20 2015  5:41PM","W_TB_E_05","TAG_36","","PHD.OFFI_18_1396C"
"Feb 20 2015  5:41PM","W_TB_E_05","GROUP","",""
"Feb 20 2015  5:41PM","W_TB_E_05","CLUSTER","",""
"Feb 20 2015  5:41PM","W_TB_E_05","QOILTARGET","","PHD.UR_18_1301A_X"
"Feb 20 2015  5:41PM","W_TB_E_05","QOILMIN","","PHD.URL_18_1301A_X"
"Feb 20 2015  5:41PM","W_TB_E_05","QOILMAX","","PHD.URH_18_1301A_X"
"Feb 20 2015  5:41PM","W_TB_E_05","QLIQTARGET","","PHD.UR_18_1301C_X"
"Feb 20 2015  5:41PM","W_TB_E_05","LIQMIN","","PHD.URL_18_1301C_X"
"Feb 20 2015  5:41PM","W_TB_E_05","QLIQMAX","","PHD.URH_18_1301C_X"
"Feb 20 2015  5:41PM","W_TB_E_06","EQUIPMENT_NAME","E6",""
"Feb 20 2015  5:41PM","W_TB_E_06","EQUIPMENT_DESC","E6- Troll B",""
"Feb 20 2015  5:41PM","W_TB_E_06","QOIL","","PHD.OFI_18_1496A"
"Feb 20 2015  5:41PM","W_TB_E_06","QWAT","","PHD.OFI_18_1496B"
"Feb 20 2015  5:41PM","W_TB_E_06","QLIQ","","PHD.OFI_18_1496C"
"Feb 20 2015  5:41PM","W_TB_E_06","QGAS","","PHD.OFI_18_1496D"
"Feb 20 2015  5:41PM","W_TB_E_06","WC","","PHD.OFFI_18_1496A"
"Feb 20 2015  5:41PM","W_TB_E_06","GOR","","PHD.OFFI_18_1496B"
"Feb 20 2015  5:41PM","W_TB_E_06","UCP","","PHD.PZI_18_1415"
"Feb 20 2015  5:41PM","W_TB_E_06","UCT","","PHD.TI_18_1423"
"Feb 20 2015  5:41PM","W_TB_E_06","DCP","","PHD.PZI_18_1417"
"Feb 20 2015  5:41PM","W_TB_E_06","DCT","","PHD.TI_18_1416"
"Feb 20 2015  5:41PM","W_TB_E_06","UCP_CALC","","PHD.NPY_18_1496B"
"Feb 20 2015  5:41PM","W_TB_E_06","UCT_CALC","","PHD.NTY_18_1496B"
"Feb 20 2015  5:41PM","W_TB_E_06","DCP_CALC","","PHD.NPY_18_1496C"
"Feb 20 2015  5:41PM","W_TB_E_06","DCT_CALC","","PHD.NTY_18_1496C"
"Feb 20 2015  5:41PM","W_TB_E_06","DP","","PHD.PDI_18_1406"
"Feb 20 2015  5:41PM","W_TB_E_06","CHOKE","","PHD.GI_18_1406A"
"Feb 20 2015  5:41PM","W_TB_E_06","CHOKE_CMD","","PHD.GI_18_1406B"
"Feb 20 2015  5:41PM","W_TB_E_06","CHOKE_CALC","","PHD.NGI_18_1406B"
"Feb 20 2015  5:41PM","W_TB_E_06","ERRF","","PHD.NFI_18_1496Z"
"Feb 20 2015  5:41PM","W_TB_E_06","MODUS","","PHD.HS_18_1406B"
"Feb 20 2015  5:41PM","W_TB_E_06","STATUS","","PHD.NI_18_1463"
"Feb 20 2015  5:41PM","W_TB_E_06","ROUTING","","PHD.GS_18_1409P"
"Feb 20 2015  5:41PM","W_TB_E_06","MeOH","","PHD.OFI_18_1496G"
"Feb 20 2015  5:41PM","W_TB_E_06","DHSVL","","PHD.GSH_18_1401"
"Feb 20 2015  5:41PM","W_TB_E_06","DHSVU","","PHD.GSH_18_1402"
"Feb 20 2015  5:41PM","W_TB_E_06","PMV","","PHD.GSH_18_1403"
"Feb 20 2015  5:41PM","W_TB_E_06","PWV","","PHD.GSH_18_1404"
"Feb 20 2015  5:41PM","W_TB_E_06","AMV","","PHD.GSH_18_1418"
"Feb 20 2015  5:41PM","W_TB_E_06","AWV","","PHD.GSH_18_1412"
"Feb 20 2015  5:41PM","W_TB_E_06","XOV","","PHD.GSH_18_1419"
"Feb 20 2015  5:41PM","W_TB_E_06","GLV","","PHD.NULL"
"Feb 20 2015  5:41PM","W_TB_E_06","PCV","","PHD.GSL_18_14_06"
"Feb 20 2015  5:41PM","W_TB_E_06","PFORM_CALC","","PHD.NPY_18_1496A"
"Feb 20 2015  5:41PM","W_TB_E_06","TFORM_CALC","","PHD.NTY_18_1496A"
"Feb 20 2015  5:41PM","W_TB_E_06","CHOKE_POS_PER","","PHD.GI_18_1406E"
"Feb 20 2015  5:41PM","W_TB_E_06","TAG_32","","PHD.OFC_18_1496A"
"Feb 20 2015  5:41PM","W_TB_E_06","TAG_33","","PHD.OFC_18_1496B"
"Feb 20 2015  5:41PM","W_TB_E_06","TAG_34","","PHD.OFC_18_1496C"
"Feb 20 2015  5:41PM","W_TB_E_06","TAG_35","","PHD.OFC_18_1496D"
"Feb 20 2015  5:41PM","W_TB_E_06","TAG_36","","PHD.OFFI_18_1496C"
"Feb 20 2015  5:41PM","W_TB_E_06","GROUP","",""
"Feb 20 2015  5:41PM","W_TB_E_06","CLUSTER","",""
"Feb 20 2015  5:41PM","W_TB_E_06","QOILTARGET","","PHD.UR_18_1401A_X"
"Feb 20 2015  5:41PM","W_TB_E_06","QOILMIN","","PHD.URL_18_1401A_X"
"Feb 20 2015  5:41PM","W_TB_E_06","QOILMAX","","PHD.URH_18_1401A_X"
"Feb 20 2015  5:41PM","W_TB_E_06","QLIQTARGET","","PHD.UR_18_1401C_X"
"Feb 20 2015  5:41PM","W_TB_E_06","LIQMIN","","PHD.URL_18_1401C_X"
"Feb 20 2015  5:41PM","W_TB_E_06","QLIQMAX","","PHD.URH_18_1401C_X"
"Feb 20 2015  5:41PM","W_TB_F_01","EQUIPMENT_NAME","F1",""
"Feb 20 2015  5:41PM","W_TB_F_01","EQUIPMENT_DESC","F1- Troll B",""
"Feb 20 2015  5:41PM","W_TB_F_01","QOIL","","PHD.OFI_18_1596A"
"Feb 20 2015  5:41PM","W_TB_F_01","QWAT","","PHD.OFI_18_1596B"
"Feb 20 2015  5:41PM","W_TB_F_01","QLIQ","","PHD.OFI_18_1596C"
"Feb 20 2015  5:41PM","W_TB_F_01","QGAS","","PHD.OFI_18_1596D"
"Feb 20 2015  5:41PM","W_TB_F_01","WC","","PHD.OFFI_18_1596A"
"Feb 20 2015  5:41PM","W_TB_F_01","GOR","","PHD.OFFI_18_1596B"
"Feb 20 2015  5:41PM","W_TB_F_01","UCP","","PHD.PZI_18_1515"
"Feb 20 2015  5:41PM","W_TB_F_01","UCT","","PHD.TI_18_1523"
"Feb 20 2015  5:41PM","W_TB_F_01","DCP","","PHD.PZI_18_1517"
"Feb 20 2015  5:41PM","W_TB_F_01","DCT","","PHD.TI_18_1516"
"Feb 20 2015  5:41PM","W_TB_F_01","UCP_CALC","","PHD.NPY_18_1596B"
"Feb 20 2015  5:41PM","W_TB_F_01","UCT_CALC","","PHD.NTY_18_1596B"
"Feb 20 2015  5:41PM","W_TB_F_01","DCP_CALC","","PHD.NPY_18_1596C"
"Feb 20 2015  5:41PM","W_TB_F_01","DCT_CALC","","PHD.NTY_18_1596C"
"Feb 20 2015  5:41PM","W_TB_F_01","DP","","PHD.PDI_18_1506"
"Feb 20 2015  5:41PM","W_TB_F_01","CHOKE","","PHD.GI_18_1506A"
"Feb 20 2015  5:41PM","W_TB_F_01","CHOKE_CMD","","PHD.GI_18_1506B"
"Feb 20 2015  5:41PM","W_TB_F_01","CHOKE_CALC","","PHD.NGI_18_1506B"
"Feb 20 2015  5:41PM","W_TB_F_01","ERRF","","PHD.NFI_18_1596Z"
"Feb 20 2015  5:41PM","W_TB_F_01","MODUS","","PHD.HS_18_1506B"
"Feb 20 2015  5:41PM","W_TB_F_01","STATUS","","PHD.NI_18_1563"
"Feb 20 2015  5:41PM","W_TB_F_01","ROUTING","","PHD.GS_18_1509P"
"Feb 20 2015  5:41PM","W_TB_F_01","MeOH","","PHD.OFI_18_1596G"
"Feb 20 2015  5:41PM","W_TB_F_01","DHSVL","","PHD.GSH_18_1501"
"Feb 20 2015  5:41PM","W_TB_F_01","DHSVU","","PHD.GSH_18_1502"
"Feb 20 2015  5:41PM","W_TB_F_01","PMV","","PHD.GSH_18_1503"
"Feb 20 2015  5:41PM","W_TB_F_01","PWV","","PHD.GSH_18_1504"
"Feb 20 2015  5:41PM","W_TB_F_01","AMV","","PHD.GSH_18_1518"
"Feb 20 2015  5:41PM","W_TB_F_01","AWV","","PHD.GSH_18_1512"
"Feb 20 2015  5:41PM","W_TB_F_01","XOV","","PHD.GSH_18_1519"
"Feb 20 2015  5:41PM","W_TB_F_01","GLV","","PHD.NULL"
"Feb 20 2015  5:41PM","W_TB_F_01","PCV","","PHD.GSL_18_15_06"
"Feb 20 2015  5:41PM","W_TB_F_01","PFORM_CALC","","PHD.NPY_18_1596A"
"Feb 20 2015  5:41PM","W_TB_F_01","TFORM_CALC","","PHD.NTY_18_1596A"
"Feb 20 2015  5:41PM","W_TB_F_01","CHOKE_POS_PER","","PHD.GI_18_1506E"
"Feb 20 2015  5:41PM","W_TB_F_01","TAG_32","","PHD.OFC_18_1596A"
"Feb 20 2015  5:41PM","W_TB_F_01","TAG_33","","PHD.OFC_18_1596B"
"Feb 20 2015  5:41PM","W_TB_F_01","TAG_34","","PHD.OFC_18_1596C"
"Feb 20 2015  5:41PM","W_TB_F_01","TAG_35","","PHD.OFC_18_1596D"
"Feb 20 2015  5:41PM","W_TB_F_01","TAG_36","","PHD.OFFI_18_1596C"
"Feb 20 2015  5:41PM","W_TB_F_01","GROUP","",""
"Feb 20 2015  5:41PM","W_TB_F_01","CLUSTER","",""
"Feb 20 2015  5:41PM","W_TB_F_01","QOILTARGET","","PHD.UR_18_1501A_X"
"Feb 20 2015  5:41PM","W_TB_F_01","QOILMIN","","PHD.URL_18_1501A_X"
"Feb 20 2015  5:41PM","W_TB_F_01","QOILMAX","","PHD.URH_18_1501A_X"
"Feb 20 2015  5:41PM","W_TB_F_01","QLIQTARGET","","PHD.UR_18_1501C_X"
"Feb 20 2015  5:41PM","W_TB_F_01","LIQMIN","","PHD.URL_18_1501C_X"
"Feb 20 2015  5:41PM","W_TB_F_01","QLIQMAX","","PHD.URH_18_1501C_X"
"Feb 20 2015  5:41PM","W_TB_F_02","EQUIPMENT_NAME","F2",""
"Feb 20 2015  5:41PM","W_TB_F_02","EQUIPMENT_DESC","F2- Troll B",""
"Feb 20 2015  5:41PM","W_TB_F_02","QOIL","","PHD.OFI_18_1696A"
"Feb 20 2015  5:41PM","W_TB_F_02","QWAT","","PHD.OFI_18_1696B"
"Feb 20 2015  5:41PM","W_TB_F_02","QLIQ","","PHD.OFI_18_1696C"
"Feb 20 2015  5:41PM","W_TB_F_02","QGAS","","PHD.OFI_18_1696D"
"Feb 20 2015  5:41PM","W_TB_F_02","WC","","PHD.OFFI_18_1696A"
"Feb 20 2015  5:41PM","W_TB_F_02","GOR","","PHD.OFFI_18_1696B"
"Feb 20 2015  5:41PM","W_TB_F_02","UCP","","PHD.PZI_18_1615"
"Feb 20 2015  5:41PM","W_TB_F_02","UCT","","PHD.TI_18_1623"
"Feb 20 2015  5:41PM","W_TB_F_02","DCP","","PHD.PZI_18_1617"
"Feb 20 2015  5:41PM","W_TB_F_02","DCT","","PHD.TI_18_1616"
"Feb 20 2015  5:41PM","W_TB_F_02","UCP_CALC","","PHD.NPY_18_1696B"
"Feb 20 2015  5:41PM","W_TB_F_02","UCT_CALC","","PHD.NTY_18_1696B"
"Feb 20 2015  5:41PM","W_TB_F_02","DCP_CALC","","PHD.NPY_18_1696C"
"Feb 20 2015  5:41PM","W_TB_F_02","DCT_CALC","","PHD.NTY_18_1696C"
"Feb 20 2015  5:41PM","W_TB_F_02","DP","","PHD.PDI_18_1606"
"Feb 20 2015  5:41PM","W_TB_F_02","CHOKE","","PHD.GI_18_1606A"
"Feb 20 2015  5:41PM","W_TB_F_02","CHOKE_CMD","","PHD.GI_18_1606B"
"Feb 20 2015  5:41PM","W_TB_F_02","CHOKE_CALC","","PHD.NGI_18_1606B"
"Feb 20 2015  5:41PM","W_TB_F_02","ERRF","","PHD.NFI_18_1696Z"
"Feb 20 2015  5:41PM","W_TB_F_02","MODUS","","PHD.HS_18_1606B"
"Feb 20 2015  5:41PM","W_TB_F_02","STATUS","","PHD.NI_18_1663"
"Feb 20 2015  5:41PM","W_TB_F_02","ROUTING","","PHD.GS_18_1609P"
"Feb 20 2015  5:41PM","W_TB_F_02","MeOH","","PHD.OFI_18_1696G"
"Feb 20 2015  5:41PM","W_TB_F_02","DHSVL","","PHD.GSH_18_1601"
"Feb 20 2015  5:41PM","W_TB_F_02","DHSVU","","PHD.GSH_18_1602"
"Feb 20 2015  5:41PM","W_TB_F_02","PMV","","PHD.GSH_18_1603"
"Feb 20 2015  5:41PM","W_TB_F_02","PWV","","PHD.GSH_18_1604"
"Feb 20 2015  5:41PM","W_TB_F_02","AMV","","PHD.GSH_18_1618"
"Feb 20 2015  5:41PM","W_TB_F_02","AWV","","PHD.GSH_18_1612"
"Feb 20 2015  5:41PM","W_TB_F_02","XOV","","PHD.GSH_18_1619"
"Feb 20 2015  5:41PM","W_TB_F_02","GLV","","PHD.NULL"
"Feb 20 2015  5:41PM","W_TB_F_02","PCV","","PHD.GSL_18_16_06"
"Feb 20 2015  5:41PM","W_TB_F_02","PFORM_CALC","","PHD.NPY_18_1696A"
"Feb 20 2015  5:41PM","W_TB_F_02","TFORM_CALC","","PHD.NTY_18_1696A"
"Feb 20 2015  5:41PM","W_TB_F_02","CHOKE_POS_PER","","PHD.GI_18_1606E"
"Feb 20 2015  5:41PM","W_TB_F_02","TAG_32","","PHD.OFC_18_1696A"
"Feb 20 2015  5:41PM","W_TB_F_02","TAG_33","","PHD.OFC_18_1696B"
"Feb 20 2015  5:41PM","W_TB_F_02","TAG_34","","PHD.OFC_18_1696C"
"Feb 20 2015  5:41PM","W_TB_F_02","TAG_35","","PHD.OFC_18_1696D"
"Feb 20 2015  5:41PM","W_TB_F_02","TAG_36","","PHD.OFFI_18_1696C"
"Feb 20 2015  5:41PM","W_TB_F_02","GROUP","",""
"Feb 20 2015  5:41PM","W_TB_F_02","CLUSTER","",""
"Feb 20 2015  5:41PM","W_TB_F_02","QOILTARGET","","PHD.UR_18_1601A_X"
"Feb 20 2015  5:41PM","W_TB_F_02","QOILMIN","","PHD.URL_18_1601A_X"
"Feb 20 2015  5:41PM","W_TB_F_02","QOILMAX","","PHD.URH_18_1601A_X"
"Feb 20 2015  5:41PM","W_TB_F_02","QLIQTARGET","","PHD.UR_18_1601C_X"
"Feb 20 2015  5:41PM","W_TB_F_02","LIQMIN","","PHD.URL_18_1601C_X"
"Feb 20 2015  5:41PM","W_TB_F_02","QLIQMAX","","PHD.URH_18_1601C_X"
"Feb 20 2015  5:41PM","W_TB_F_03","EQUIPMENT_NAME","B3",""
"Feb 20 2015  5:41PM","W_TB_F_03","EQUIPMENT_DESC","B3- Troll B",""
"Feb 20 2015  5:41PM","W_TB_F_03","QOIL","","PHD.NULL"
"Feb 20 2015  5:41PM","W_TB_F_03","QWAT","","PHD.NULL"
"Feb 20 2015  5:41PM","W_TB_F_03","QLIQ","","PHD.NULL"
"Feb 20 2015  5:41PM","W_TB_F_03","QGAS","","PHD.FI_23_0304"
"Feb 20 2015  5:41PM","W_TB_F_03","WC","","PHD.NULL"
"Feb 20 2015  5:41PM","W_TB_F_03","GOR","","PHD.NULL"
"Feb 20 2015  5:41PM","W_TB_F_03","UCP","","PHD.PZI_18_1715"
"Feb 20 2015  5:41PM","W_TB_F_03","UCT","","PHD.TI_18_1723"
"Feb 20 2015  5:41PM","W_TB_F_03","DCP","","PHD.NULL"
"Feb 20 2015  5:41PM","W_TB_F_03","DCT","","PHD.NULL"
"Feb 20 2015  5:41PM","W_TB_F_03","UCP_CALC","","PHD.NULL"
"Feb 20 2015  5:41PM","W_TB_F_03","UCT_CALC","","PHD.NULL"
"Feb 20 2015  5:41PM","W_TB_F_03","DCP_CALC","","PHD.NULL"
"Feb 20 2015  5:41PM","W_TB_F_03","DCT_CALC","","PHD.NULL"
"Feb 20 2015  5:41PM","W_TB_F_03","DP","","PHD.NULL"
"Feb 20 2015  5:41PM","W_TB_F_03","CHOKE","","PHD.NULL"
"Feb 20 2015  5:41PM","W_TB_F_03","CHOKE_CMD","","PHD.NULL"
"Feb 20 2015  5:41PM","W_TB_F_03","CHOKE_CALC","","PHD.NULL"
"Feb 20 2015  5:41PM","W_TB_F_03","ERRF","","PHD.NULL"
"Feb 20 2015  5:41PM","W_TB_F_03","MODUS","","PHD.NULL"
"Feb 20 2015  5:41PM","W_TB_F_03","STATUS","","PHD.NI_18_1763"
"Feb 20 2015  5:41PM","W_TB_F_03","ROUTING","","PHD.NULL"
"Feb 20 2015  5:41PM","W_TB_F_03","MeOH","","PHD.NULL"
"Feb 20 2015  5:41PM","W_TB_F_03","DHSVL","","PHD.GSH_18_1701"
"Feb 20 2015  5:41PM","W_TB_F_03","DHSVU","","PHD.GSH_18_1702"
"Feb 20 2015  5:41PM","W_TB_F_03","PMV","","PHD.GSH_18_1703"
"Feb 20 2015  5:41PM","W_TB_F_03","PWV","","PHD.GSH_18_1704"
"Feb 20 2015  5:41PM","W_TB_F_03","AMV","","PHD.GSH_18_1718"
"Feb 20 2015  5:41PM","W_TB_F_03","AWV","","PHD.GSH_18_1712"
"Feb 20 2015  5:41PM","W_TB_F_03","XOV","","PHD.GSH_18_1719"
"Feb 20 2015  5:41PM","W_TB_F_03","GLV","","PHD.NULL"
"Feb 20 2015  5:41PM","W_TB_F_03","PCV","","PHD.GSL_18_17_06"
"Feb 20 2015  5:41PM","W_TB_F_03","PFORM_CALC","","PHD.NPY_18_1796A"
"Feb 20 2015  5:41PM","W_TB_F_03","TFORM_CALC","","PHD.NTY_18_1796A"
"Feb 20 2015  5:41PM","W_TB_F_03","CHOKE_POS_PER","","PHD.GI_18_1706E"
"Feb 20 2015  5:41PM","W_TB_F_03","TAG_32","","PHD.NULL"
"Feb 20 2015  5:41PM","W_TB_F_03","TAG_33","","PHD.NULL"
"Feb 20 2015  5:41PM","W_TB_F_03","TAG_34","","PHD.NULL"
"Feb 20 2015  5:41PM","W_TB_F_03","TAG_35","","PHD.NULL"
"Feb 20 2015  5:41PM","W_TB_F_03","TAG_36","","PHD.OFFI_18_1796C"
"Feb 20 2015  5:41PM","W_TB_F_03","GROUP","",""
"Feb 20 2015  5:41PM","W_TB_F_03","CLUSTER","",""
"Feb 20 2015  5:41PM","W_TB_F_03","QOILTARGET","","PHD.UR_18_1801A_X"
"Feb 20 2015  5:41PM","W_TB_F_03","QOILMIN","","PHD.URL_18_1801A_X"
"Feb 20 2015  5:41PM","W_TB_F_03","QOILMAX","","PHD.URH_18_1801A_X"
"Feb 20 2015  5:41PM","W_TB_F_03","QLIQTARGET","","PHD.UR_18_1801C_X"
"Feb 20 2015  5:41PM","W_TB_F_03","LIQMIN","","PHD.URL_18_1801C_X"
"Feb 20 2015  5:41PM","W_TB_F_03","QLIQMAX","","PHD.URH_18_1801C_X"
"Feb 20 2015  5:41PM","W_TB_F_04","EQUIPMENT_NAME","F4",""
"Feb 20 2015  5:41PM","W_TB_F_04","EQUIPMENT_DESC","F4- Troll B",""
"Feb 20 2015  5:41PM","W_TB_F_04","QOIL","","PHD.OFI_18_1896A"
"Feb 20 2015  5:41PM","W_TB_F_04","QWAT","","PHD.OFI_18_1896B"
"Feb 20 2015  5:41PM","W_TB_F_04","QLIQ","","PHD.OFI_18_1896C"
"Feb 20 2015  5:41PM","W_TB_F_04","QGAS","","PHD.OFI_18_1896D"
"Feb 20 2015  5:41PM","W_TB_F_04","WC","","PHD.OFFI_18_1896A"
"Feb 20 2015  5:41PM","W_TB_F_04","GOR","","PHD.OFFI_18_1896B"
"Feb 20 2015  5:41PM","W_TB_F_04","UCP","","PHD.PZI_18_1815"
"Feb 20 2015  5:41PM","W_TB_F_04","UCT","","PHD.TI_18_1823"
"Feb 20 2015  5:41PM","W_TB_F_04","DCP","","PHD.PZI_18_1817"
"Feb 20 2015  5:41PM","W_TB_F_04","DCT","","PHD.TI_18_1816"
"Feb 20 2015  5:41PM","W_TB_F_04","UCP_CALC","","PHD.NPY_18_1896B"
"Feb 20 2015  5:41PM","W_TB_F_04","UCT_CALC","","PHD.NTY_18_1896B"
"Feb 20 2015  5:41PM","W_TB_F_04","DCP_CALC","","PHD.NPY_18_1896C"
"Feb 20 2015  5:41PM","W_TB_F_04","DCT_CALC","","PHD.NTY_18_1896C"
"Feb 20 2015  5:41PM","W_TB_F_04","DP","","PHD.PDI_18_1806"
"Feb 20 2015  5:41PM","W_TB_F_04","CHOKE","","PHD.GI_18_1806A"
"Feb 20 2015  5:41PM","W_TB_F_04","CHOKE_CMD","","PHD.GI_18_1806B"
"Feb 20 2015  5:41PM","W_TB_F_04","CHOKE_CALC","","PHD.NGI_18_1806B"
"Feb 20 2015  5:41PM","W_TB_F_04","ERRF","","PHD.NFI_18_1896Z"
"Feb 20 2015  5:41PM","W_TB_F_04","MODUS","","PHD.HS_18_1806B"
"Feb 20 2015  5:41PM","W_TB_F_04","STATUS","","PHD.NI_18_1863"
"Feb 20 2015  5:41PM","W_TB_F_04","ROUTING","","PHD.GS_18_1809P"
"Feb 20 2015  5:41PM","W_TB_F_04","MeOH","","PHD.OFI_18_1896G"
"Feb 20 2015  5:41PM","W_TB_F_04","DHSVL","","PHD.GSH_18_1801"
"Feb 20 2015  5:41PM","W_TB_F_04","DHSVU","","PHD.GSH_18_1802"
"Feb 20 2015  5:41PM","W_TB_F_04","PMV","","PHD.GSH_18_1803"
"Feb 20 2015  5:41PM","W_TB_F_04","PWV","","PHD.GSH_18_1804"
"Feb 20 2015  5:41PM","W_TB_F_04","AMV","","PHD.GSH_18_1818"
"Feb 20 2015  5:41PM","W_TB_F_04","AWV","","PHD.GSH_18_1812"
"Feb 20 2015  5:41PM","W_TB_F_04","XOV","","PHD.GSH_18_1819"
"Feb 20 2015  5:41PM","W_TB_F_04","GLV","","PHD.NULL"
"Feb 20 2015  5:41PM","W_TB_F_04","PCV","","PHD.GSL_18_18_06"
"Feb 20 2015  5:41PM","W_TB_F_04","PFORM_CALC","","PHD.NPY_18_1896A"
"Feb 20 2015  5:41PM","W_TB_F_04","TFORM_CALC","","PHD.NTY_18_1896A"
"Feb 20 2015  5:41PM","W_TB_F_04","CHOKE_POS_PER","","PHD.GI_18_1806E"
"Feb 20 2015  5:41PM","W_TB_F_04","TAG_32","","PHD.OFC_18_1896A"
"Feb 20 2015  5:41PM","W_TB_F_04","TAG_33","","PHD.OFC_18_1896B"
"Feb 20 2015  5:41PM","W_TB_F_04","TAG_34","","PHD.OFC_18_1896C"
"Feb 20 2015  5:41PM","W_TB_F_04","TAG_35","","PHD.OFC_18_1896D"
"Feb 20 2015  5:41PM","W_TB_F_04","TAG_36","","PHD.OFFI_18_1896C"
"Feb 20 2015  5:41PM","W_TB_F_04","GROUP","",""
"Feb 20 2015  5:41PM","W_TB_F_04","CLUSTER","",""
"Feb 20 2015  5:41PM","W_TB_F_04","QOILTARGET","","PHD.UR_18_1901A_X"
"Feb 20 2015  5:41PM","W_TB_F_04","QOILMIN","","PHD.URL_18_1901A_X"
"Feb 20 2015  5:41PM","W_TB_F_04","QOILMAX","","PHD.URH_18_1901A_X"
"Feb 20 2015  5:41PM","W_TB_F_04","QLIQTARGET","","PHD.UR_18_1901C_X"
"Feb 20 2015  5:41PM","W_TB_F_04","LIQMIN","","PHD.URL_18_1901C_X"
"Feb 20 2015  5:41PM","W_TB_F_04","QLIQMAX","","PHD.URH_18_1901C_X"
"Feb 20 2015  5:41PM","W_TB_F_05","EQUIPMENT_NAME","F5",""
"Feb 20 2015  5:41PM","W_TB_F_05","EQUIPMENT_DESC","F5- Troll B",""
"Feb 20 2015  5:41PM","W_TB_F_05","QOIL","","PHD.OFI_18_1996A"
"Feb 20 2015  5:41PM","W_TB_F_05","QWAT","","PHD.OFI_18_1996B"
"Feb 20 2015  5:41PM","W_TB_F_05","QLIQ","","PHD.OFI_18_1996C"
"Feb 20 2015  5:41PM","W_TB_F_05","QGAS","","PHD.OFI_18_1996D"
"Feb 20 2015  5:41PM","W_TB_F_05","WC","","PHD.OFFI_18_1996A"
"Feb 20 2015  5:41PM","W_TB_F_05","GOR","","PHD.OFFI_18_1996B"
"Feb 20 2015  5:41PM","W_TB_F_05","UCP","","PHD.PZI_18_1915"
"Feb 20 2015  5:41PM","W_TB_F_05","UCT","","PHD.TI_18_1923"
"Feb 20 2015  5:41PM","W_TB_F_05","DCP","","PHD.PZI_18_1917"
"Feb 20 2015  5:41PM","W_TB_F_05","DCT","","PHD.TI_18_1916"
"Feb 20 2015  5:41PM","W_TB_F_05","UCP_CALC","","PHD.NPY_18_1996B"
"Feb 20 2015  5:41PM","W_TB_F_05","UCT_CALC","","PHD.NTY_18_1996B"
"Feb 20 2015  5:41PM","W_TB_F_05","DCP_CALC","","PHD.NPY_18_1996C"
"Feb 20 2015  5:41PM","W_TB_F_05","DCT_CALC","","PHD.NTY_18_1996C"
"Feb 20 2015  5:41PM","W_TB_F_05","DP","","PHD.PDI_18_1906"
"Feb 20 2015  5:41PM","W_TB_F_05","CHOKE","","PHD.GI_18_1906A"
"Feb 20 2015  5:41PM","W_TB_F_05","CHOKE_CMD","","PHD.GI_18_1906B"
"Feb 20 2015  5:41PM","W_TB_F_05","CHOKE_CALC","","PHD.NGI_18_1906B"
"Feb 20 2015  5:41PM","W_TB_F_05","ERRF","","PHD.NFI_18_1996Z"
"Feb 20 2015  5:41PM","W_TB_F_05","MODUS","","PHD.HS_18_1906B"
"Feb 20 2015  5:41PM","W_TB_F_05","STATUS","","PHD.NI_18_1963"
"Feb 20 2015  5:41PM","W_TB_F_05","ROUTING","","PHD.GS_18_1909P"
"Feb 20 2015  5:41PM","W_TB_F_05","MeOH","","PHD.OFI_18_1996G"
"Feb 20 2015  5:41PM","W_TB_F_05","DHSVL","","PHD.GSH_18_1901"
"Feb 20 2015  5:41PM","W_TB_F_05","DHSVU","","PHD.GSH_18_1902"
"Feb 20 2015  5:41PM","W_TB_F_05","PMV","","PHD.GSH_18_1903"
"Feb 20 2015  5:41PM","W_TB_F_05","PWV","","PHD.GSH_18_1904"
"Feb 20 2015  5:41PM","W_TB_F_05","AMV","","PHD.GSH_18_1918"
"Feb 20 2015  5:41PM","W_TB_F_05","AWV","","PHD.GSH_18_1912"
"Feb 20 2015  5:41PM","W_TB_F_05","XOV","","PHD.GSH_18_1919"
"Feb 20 2015  5:41PM","W_TB_F_05","GLV","","PHD.NULL"
"Feb 20 2015  5:41PM","W_TB_F_05","PCV","","PHD.GSL_18_19_06"
"Feb 20 2015  5:41PM","W_TB_F_05","PFORM_CALC","","PHD.NPY_18_1996A"
"Feb 20 2015  5:41PM","W_TB_F_05","TFORM_CALC","","PHD.NTY_18_1996A"
"Feb 20 2015  5:41PM","W_TB_F_05","CHOKE_POS_PER","","PHD.GI_18_1906E"
"Feb 20 2015  5:41PM","W_TB_F_05","TAG_32","","PHD.OFC_18_1996A"
"Feb 20 2015  5:41PM","W_TB_F_05","TAG_33","","PHD.OFC_18_1996B"
"Feb 20 2015  5:41PM","W_TB_F_05","TAG_34","","PHD.OFC_18_1996C"
"Feb 20 2015  5:41PM","W_TB_F_05","TAG_35","","PHD.OFC_18_1996D"
"Feb 20 2015  5:41PM","W_TB_F_05","TAG_36","","PHD.OFFI_18_1996C"
"Feb 20 2015  5:41PM","W_TB_F_05","GROUP","",""
"Feb 20 2015  5:41PM","W_TB_F_05","CLUSTER","",""
"Feb 20 2015  5:41PM","W_TB_F_05","QOILTARGET","","PHD.UR_18_2001A_X"
"Feb 20 2015  5:41PM","W_TB_F_05","QOILMIN","","PHD.URL_18_2001A_X"
"Feb 20 2015  5:41PM","W_TB_F_05","QOILMAX","","PHD.URH_18_2001A_X"
"Feb 20 2015  5:41PM","W_TB_F_05","QLIQTARGET","","PHD.UR_18_2001C_X"
"Feb 20 2015  5:41PM","W_TB_F_05","LIQMIN","","PHD.URL_18_2001C_X"
"Feb 20 2015  5:41PM","W_TB_F_05","QLIQMAX","","PHD.URH_18_2001C_X"
"Feb 20 2015  5:41PM","W_TB_F_06","EQUIPMENT_NAME","F6",""
"Feb 20 2015  5:41PM","W_TB_F_06","EQUIPMENT_DESC","F6- Troll B",""
"Feb 20 2015  5:41PM","W_TB_F_06","QOIL","","PHD.OFI_18_2096A"
"Feb 20 2015  5:41PM","W_TB_F_06","QWAT","","PHD.OFI_18_2096B"
"Feb 20 2015  5:41PM","W_TB_F_06","QLIQ","","PHD.OFI_18_2096C"
"Feb 20 2015  5:41PM","W_TB_F_06","QGAS","","PHD.OFI_18_2096D"
"Feb 20 2015  5:41PM","W_TB_F_06","WC","","PHD.OFFI_18_2096A"
"Feb 20 2015  5:41PM","W_TB_F_06","GOR","","PHD.OFFI_18_2096B"
"Feb 20 2015  5:41PM","W_TB_F_06","UCP","","PHD.PZI_18_2015"
"Feb 20 2015  5:41PM","W_TB_F_06","UCT","","PHD.TI_18_2023"
"Feb 20 2015  5:41PM","W_TB_F_06","DCP","","PHD.PZI_18_2017"
"Feb 20 2015  5:41PM","W_TB_F_06","DCT","","PHD.TI_18_2016"
"Feb 20 2015  5:41PM","W_TB_F_06","UCP_CALC","","PHD.NPY_18_2096B"
"Feb 20 2015  5:41PM","W_TB_F_06","UCT_CALC","","PHD.NTY_18_2096B"
"Feb 20 2015  5:41PM","W_TB_F_06","DCP_CALC","","PHD.NPY_18_2096C"
"Feb 20 2015  5:41PM","W_TB_F_06","DCT_CALC","","PHD.NTY_18_2096C"
"Feb 20 2015  5:41PM","W_TB_F_06","DP","","PHD.PDI_18_2006"
"Feb 20 2015  5:41PM","W_TB_F_06","CHOKE","","PHD.GI_18_2006A"
"Feb 20 2015  5:41PM","W_TB_F_06","CHOKE_CMD","","PHD.GI_18_2006B"
"Feb 20 2015  5:41PM","W_TB_F_06","CHOKE_CALC","","PHD.NGI_18_2006B"
"Feb 20 2015  5:41PM","W_TB_F_06","ERRF","","PHD.NFI_18_2096Z"
"Feb 20 2015  5:41PM","W_TB_F_06","MODUS","","PHD.HS_18_2006B"
"Feb 20 2015  5:41PM","W_TB_F_06","STATUS","","PHD.NI_18_2063"
"Feb 20 2015  5:41PM","W_TB_F_06","ROUTING","","PHD.GS_18_2009P"
"Feb 20 2015  5:41PM","W_TB_F_06","MeOH","","PHD.OFI_18_2096G"
"Feb 20 2015  5:41PM","W_TB_F_06","DHSVL","","PHD.GSH_18_2001"
"Feb 20 2015  5:41PM","W_TB_F_06","DHSVU","","PHD.GSH_18_2002"
"Feb 20 2015  5:41PM","W_TB_F_06","PMV","","PHD.GSH_18_2003"
"Feb 20 2015  5:41PM","W_TB_F_06","PWV","","PHD.GSH_18_2004"
"Feb 20 2015  5:41PM","W_TB_F_06","AMV","","PHD.GSH_18_2018"
"Feb 20 2015  5:41PM","W_TB_F_06","AWV","","PHD.GSH_18_2012"
"Feb 20 2015  5:41PM","W_TB_F_06","XOV","","PHD.GSH_18_2019"
"Feb 20 2015  5:41PM","W_TB_F_06","GLV","","PHD.NULL"
"Feb 20 2015  5:41PM","W_TB_F_06","PCV","","PHD.GSL_18_20_06"
"Feb 20 2015  5:41PM","W_TB_F_06","PFORM_CALC","","PHD.NPY_18_2096A"
"Feb 20 2015  5:41PM","W_TB_F_06","TFORM_CALC","","PHD.NTY_18_2096A"
"Feb 20 2015  5:41PM","W_TB_F_06","CHOKE_POS_PER","","PHD.GI_18_2006E"
"Feb 20 2015  5:41PM","W_TB_F_06","TAG_32","","PHD.OFC_18_2096A"
"Feb 20 2015  5:41PM","W_TB_F_06","TAG_33","","PHD.OFC_18_2096B"
"Feb 20 2015  5:41PM","W_TB_F_06","TAG_34","","PHD.OFC_18_2096C"
"Feb 20 2015  5:41PM","W_TB_F_06","TAG_35","","PHD.OFC_18_2096D"
"Feb 20 2015  5:41PM","W_TB_F_06","TAG_36","","PHD.OFFI_18_2096C"
"Feb 20 2015  5:41PM","W_TB_F_06","GROUP","",""
"Feb 20 2015  5:41PM","W_TB_F_06","CLUSTER","",""
"Feb 20 2015  5:41PM","W_TB_F_06","QOILTARGET","","PHD.UR_18_2101A_X"
"Feb 20 2015  5:41PM","W_TB_F_06","QOILMIN","","PHD.URL_18_2101A_X"
"Feb 20 2015  5:41PM","W_TB_F_06","QOILMAX","","PHD.URH_18_2101A_X"
"Feb 20 2015  5:41PM","W_TB_F_06","QLIQTARGET","","PHD.UR_18_2101C_X"
"Feb 20 2015  5:41PM","W_TB_F_06","LIQMIN","","PHD.URL_18_2101C_X"
"Feb 20 2015  5:41PM","W_TB_F_06","QLIQMAX","","PHD.URH_18_2101C_X"
"Feb 20 2015  5:41PM","W_TB_G_01","EQUIPMENT_NAME","G1",""
"Feb 20 2015  5:41PM","W_TB_G_01","EQUIPMENT_DESC","G1- Troll B",""
"Feb 20 2015  5:41PM","W_TB_G_01","QOIL","","PHD.OFI_18_2196A"
"Feb 20 2015  5:41PM","W_TB_G_01","QWAT","","PHD.OFI_18_2196B"
"Feb 20 2015  5:41PM","W_TB_G_01","QLIQ","","PHD.OFI_18_2196C"
"Feb 20 2015  5:41PM","W_TB_G_01","QGAS","","PHD.OFI_18_2196D"
"Feb 20 2015  5:41PM","W_TB_G_01","WC","","PHD.OFFI_18_2196A"
"Feb 20 2015  5:41PM","W_TB_G_01","GOR","","PHD.OFFI_18_2196B"
"Feb 20 2015  5:41PM","W_TB_G_01","UCP","","PHD.PZI_18_2115"
"Feb 20 2015  5:41PM","W_TB_G_01","UCT","","PHD.TI_18_2123"
"Feb 20 2015  5:41PM","W_TB_G_01","DCP","","PHD.PZI_18_2117"
"Feb 20 2015  5:41PM","W_TB_G_01","DCT","","PHD.TI_18_2116"
"Feb 20 2015  5:41PM","W_TB_G_01","UCP_CALC","","PHD.NPY_18_2196B"
"Feb 20 2015  5:41PM","W_TB_G_01","UCT_CALC","","PHD.NTY_18_2196B"
"Feb 20 2015  5:41PM","W_TB_G_01","DCP_CALC","","PHD.NPY_18_2196C"
"Feb 20 2015  5:41PM","W_TB_G_01","DCT_CALC","","PHD.NTY_18_2196C"
"Feb 20 2015  5:41PM","W_TB_G_01","DP","","PHD.PDI_18_2106"
"Feb 20 2015  5:41PM","W_TB_G_01","CHOKE","","PHD.GI_18_2106A"
"Feb 20 2015  5:41PM","W_TB_G_01","CHOKE_CMD","","PHD.GI_18_2106B"
"Feb 20 2015  5:41PM","W_TB_G_01","CHOKE_CALC","","PHD.NGI_18_2106B"
"Feb 20 2015  5:41PM","W_TB_G_01","ERRF","","PHD.NFI_18_2196Z"
"Feb 20 2015  5:41PM","W_TB_G_01","MODUS","","PHD.HS_18_2106B"
"Feb 20 2015  5:41PM","W_TB_G_01","STATUS","","PHD.NI_18_2163"
"Feb 20 2015  5:41PM","W_TB_G_01","ROUTING","","PHD.GS_18_2109P"
"Feb 20 2015  5:41PM","W_TB_G_01","MeOH","","PHD.OFI_18_2196G"
"Feb 20 2015  5:41PM","W_TB_G_01","DHSVL","","PHD.GSH_18_2101"
"Feb 20 2015  5:41PM","W_TB_G_01","DHSVU","","PHD.GSH_18_2102"
"Feb 20 2015  5:41PM","W_TB_G_01","PMV","","PHD.GSH_18_2103"
"Feb 20 2015  5:41PM","W_TB_G_01","PWV","","PHD.GSH_18_2104"
"Feb 20 2015  5:41PM","W_TB_G_01","AMV","","PHD.GSH_18_2118"
"Feb 20 2015  5:41PM","W_TB_G_01","AWV","","PHD.GSH_18_2112"
"Feb 20 2015  5:41PM","W_TB_G_01","XOV","","PHD.GSH_18_2119"
"Feb 20 2015  5:41PM","W_TB_G_01","GLV","","PHD.NULL"
"Feb 20 2015  5:41PM","W_TB_G_01","PCV","","PHD.GSL_18_21_06"
"Feb 20 2015  5:41PM","W_TB_G_01","PFORM_CALC","","PHD.NPY_18_2196A"
"Feb 20 2015  5:41PM","W_TB_G_01","TFORM_CALC","","PHD.NTY_18_2196A"
"Feb 20 2015  5:41PM","W_TB_G_01","CHOKE_POS_PER","","PHD.GI_18_2106E"
"Feb 20 2015  5:41PM","W_TB_G_01","TAG_32","","PHD.OFC_18_2196A"
"Feb 20 2015  5:41PM","W_TB_G_01","TAG_33","","PHD.OFC_18_2196B"
"Feb 20 2015  5:41PM","W_TB_G_01","TAG_34","","PHD.OFC_18_2196C"
"Feb 20 2015  5:41PM","W_TB_G_01","TAG_35","","PHD.OFC_18_2196D"
"Feb 20 2015  5:41PM","W_TB_G_01","TAG_36","","PHD.OFFI_18_2196C"
"Feb 20 2015  5:41PM","W_TB_G_01","GROUP","",""
"Feb 20 2015  5:41PM","W_TB_G_01","CLUSTER","",""
"Feb 20 2015  5:41PM","W_TB_G_01","QOILTARGET","","PHD.UR_18_2201A_X"
"Feb 20 2015  5:41PM","W_TB_G_01","QOILMIN","","PHD.URL_18_2201A_X"
"Feb 20 2015  5:41PM","W_TB_G_01","QOILMAX","","PHD.URH_18_2201A_X"
"Feb 20 2015  5:41PM","W_TB_G_01","QLIQTARGET","","PHD.UR_18_2201C_X"
"Feb 20 2015  5:41PM","W_TB_G_01","LIQMIN","","PHD.URL_18_2201C_X"
"Feb 20 2015  5:41PM","W_TB_G_01","QLIQMAX","","PHD.URH_18_2201C_X"
"Feb 20 2015  5:41PM","W_TB_G_02","EQUIPMENT_NAME","G2",""
"Feb 20 2015  5:41PM","W_TB_G_02","EQUIPMENT_DESC","G2- Troll B",""
"Feb 20 2015  5:41PM","W_TB_G_02","QOIL","","PHD.OFI_18_2296A"
"Feb 20 2015  5:41PM","W_TB_G_02","QWAT","","PHD.OFI_18_2296B"
"Feb 20 2015  5:41PM","W_TB_G_02","QLIQ","","PHD.OFI_18_2296C"
"Feb 20 2015  5:41PM","W_TB_G_02","QGAS","","PHD.OFI_18_2296D"
"Feb 20 2015  5:41PM","W_TB_G_02","WC","","PHD.OFFI_18_2296A"
"Feb 20 2015  5:41PM","W_TB_G_02","GOR","","PHD.OFFI_18_2296B"
"Feb 20 2015  5:41PM","W_TB_G_02","UCP","","PHD.PZI_18_2215"
"Feb 20 2015  5:41PM","W_TB_G_02","UCT","","PHD.TI_18_2223"
"Feb 20 2015  5:41PM","W_TB_G_02","DCP","","PHD.PZI_18_2217"
"Feb 20 2015  5:41PM","W_TB_G_02","DCT","","PHD.TI_18_2216"
"Feb 20 2015  5:41PM","W_TB_G_02","UCP_CALC","","PHD.NPY_18_2296B"
"Feb 20 2015  5:41PM","W_TB_G_02","UCT_CALC","","PHD.NTY_18_2296B"
"Feb 20 2015  5:41PM","W_TB_G_02","DCP_CALC","","PHD.NPY_18_2296C"
"Feb 20 2015  5:41PM","W_TB_G_02","DCT_CALC","","PHD.NTY_18_2296C"
"Feb 20 2015  5:41PM","W_TB_G_02","DP","","PHD.PDI_18_2206"
"Feb 20 2015  5:41PM","W_TB_G_02","CHOKE","","PHD.GI_18_2206A"
"Feb 20 2015  5:41PM","W_TB_G_02","CHOKE_CMD","","PHD.GI_18_2206B"
"Feb 20 2015  5:41PM","W_TB_G_02","CHOKE_CALC","","PHD.NGI_18_2206B"
"Feb 20 2015  5:41PM","W_TB_G_02","ERRF","","PHD.NFI_18_2296Z"
"Feb 20 2015  5:41PM","W_TB_G_02","MODUS","","PHD.HS_18_2206B"
"Feb 20 2015  5:41PM","W_TB_G_02","STATUS","","PHD.NI_18_2263"
"Feb 20 2015  5:41PM","W_TB_G_02","ROUTING","","PHD.GS_18_2209P"
"Feb 20 2015  5:41PM","W_TB_G_02","MeOH","","PHD.OFI_18_2296G"
"Feb 20 2015  5:41PM","W_TB_G_02","DHSVL","","PHD.GSH_18_2201"
"Feb 20 2015  5:41PM","W_TB_G_02","DHSVU","","PHD.GSH_18_2202"
"Feb 20 2015  5:41PM","W_TB_G_02","PMV","","PHD.GSH_18_2203"
"Feb 20 2015  5:41PM","W_TB_G_02","PWV","","PHD.GSH_18_2204"
"Feb 20 2015  5:41PM","W_TB_G_02","AMV","","PHD.GSH_18_2218"
"Feb 20 2015  5:41PM","W_TB_G_02","AWV","","PHD.GSH_18_2212"
"Feb 20 2015  5:41PM","W_TB_G_02","XOV","","PHD.GSH_18_2219"
"Feb 20 2015  5:41PM","W_TB_G_02","GLV","","PHD.NULL"
"Feb 20 2015  5:41PM","W_TB_G_02","PCV","","PHD.GSL_18_22_06"
"Feb 20 2015  5:41PM","W_TB_G_02","PFORM_CALC","","PHD.NPY_18_2296A"
"Feb 20 2015  5:41PM","W_TB_G_02","TFORM_CALC","","PHD.NTY_18_2296A"
"Feb 20 2015  5:41PM","W_TB_G_02","CHOKE_POS_PER","","PHD.GI_18_2206E"
"Feb 20 2015  5:41PM","W_TB_G_02","TAG_32","","PHD.OFC_18_2296A"
"Feb 20 2015  5:41PM","W_TB_G_02","TAG_33","","PHD.OFC_18_2296B"
"Feb 20 2015  5:41PM","W_TB_G_02","TAG_34","","PHD.OFC_18_2296C"
"Feb 20 2015  5:41PM","W_TB_G_02","TAG_35","","PHD.OFC_18_2296D"
"Feb 20 2015  5:41PM","W_TB_G_02","TAG_36","","PHD.OFFI_18_2296C"
"Feb 20 2015  5:41PM","W_TB_G_02","GROUP","",""
"Feb 20 2015  5:41PM","W_TB_G_02","CLUSTER","",""
"Feb 20 2015  5:41PM","W_TB_G_02","QOILTARGET","","PHD.UR_18_2301A_X"
"Feb 20 2015  5:41PM","W_TB_G_02","QOILMIN","","PHD.URL_18_2301A_X"
"Feb 20 2015  5:41PM","W_TB_G_02","QOILMAX","","PHD.URH_18_2301A_X"
"Feb 20 2015  5:41PM","W_TB_G_02","QLIQTARGET","","PHD.UR_18_2301C_X"
"Feb 20 2015  5:41PM","W_TB_G_02","LIQMIN","","PHD.URL_18_2301C_X"
"Feb 20 2015  5:41PM","W_TB_G_02","QLIQMAX","","PHD.URH_18_2301C_X"
"Feb 20 2015  5:41PM","W_TB_G_03","EQUIPMENT_NAME","G3",""
"Feb 20 2015  5:41PM","W_TB_G_03","EQUIPMENT_DESC","G3- Troll B",""
"Feb 20 2015  5:41PM","W_TB_G_03","QOIL","","PHD.OFI_18_2396A"
"Feb 20 2015  5:41PM","W_TB_G_03","QWAT","","PHD.OFI_18_2396B"
"Feb 20 2015  5:41PM","W_TB_G_03","QLIQ","","PHD.OFI_18_2396C"
"Feb 20 2015  5:41PM","W_TB_G_03","QGAS","","PHD.OFI_18_2396D"
"Feb 20 2015  5:41PM","W_TB_G_03","WC","","PHD.OFFI_18_2396A"
"Feb 20 2015  5:41PM","W_TB_G_03","GOR","","PHD.OFFI_18_2396B"
"Feb 20 2015  5:41PM","W_TB_G_03","UCP","","PHD.PZI_18_2315"
"Feb 20 2015  5:41PM","W_TB_G_03","UCT","","PHD.TI_18_2323"
"Feb 20 2015  5:41PM","W_TB_G_03","DCP","","PHD.PZI_18_2317"
"Feb 20 2015  5:41PM","W_TB_G_03","DCT","","PHD.TI_18_2316"
"Feb 20 2015  5:41PM","W_TB_G_03","UCP_CALC","","PHD.NPY_18_2396B"
"Feb 20 2015  5:41PM","W_TB_G_03","UCT_CALC","","PHD.NTY_18_2396B"
"Feb 20 2015  5:41PM","W_TB_G_03","DCP_CALC","","PHD.NPY_18_2396C"
"Feb 20 2015  5:41PM","W_TB_G_03","DCT_CALC","","PHD.NTY_18_2396C"
"Feb 20 2015  5:41PM","W_TB_G_03","DP","","PHD.PDI_18_2306"
"Feb 20 2015  5:41PM","W_TB_G_03","CHOKE","","PHD.GI_18_2306A"
"Feb 20 2015  5:41PM","W_TB_G_03","CHOKE_CMD","","PHD.GI_18_2306B"
"Feb 20 2015  5:41PM","W_TB_G_03","CHOKE_CALC","","PHD.NGI_18_2306B"
"Feb 20 2015  5:41PM","W_TB_G_03","ERRF","","PHD.NFI_18_2396Z"
"Feb 20 2015  5:41PM","W_TB_G_03","MODUS","","PHD.HS_18_2306B"
"Feb 20 2015  5:41PM","W_TB_G_03","STATUS","","PHD.NI_18_2363"
"Feb 20 2015  5:41PM","W_TB_G_03","ROUTING","","PHD.GS_18_2309P"
"Feb 20 2015  5:41PM","W_TB_G_03","MeOH","","PHD.OFI_18_2396G"
"Feb 20 2015  5:41PM","W_TB_G_03","DHSVL","","PHD.GSH_18_2301"
"Feb 20 2015  5:41PM","W_TB_G_03","DHSVU","","PHD.GSH_18_2302"
"Feb 20 2015  5:41PM","W_TB_G_03","PMV","","PHD.GSH_18_2303"
"Feb 20 2015  5:41PM","W_TB_G_03","PWV","","PHD.GSH_18_2304"
"Feb 20 2015  5:41PM","W_TB_G_03","AMV","","PHD.GSH_18_2318"
"Feb 20 2015  5:41PM","W_TB_G_03","AWV","","PHD.GSH_18_2312"
"Feb 20 2015  5:41PM","W_TB_G_03","XOV","","PHD.GSH_18_2319"
"Feb 20 2015  5:41PM","W_TB_G_03","GLV","","PHD.NULL"
"Feb 20 2015  5:41PM","W_TB_G_03","PCV","","PHD.GSL_18_23_06"
"Feb 20 2015  5:41PM","W_TB_G_03","PFORM_CALC","","PHD.NPY_18_2396A"
"Feb 20 2015  5:41PM","W_TB_G_03","TFORM_CALC","","PHD.NTY_18_2396A"
"Feb 20 2015  5:41PM","W_TB_G_03","CHOKE_POS_PER","","PHD.GI_18_2306E"
"Feb 20 2015  5:41PM","W_TB_G_03","TAG_32","","PHD.OFC_18_2396A"
"Feb 20 2015  5:41PM","W_TB_G_03","TAG_33","","PHD.OFC_18_2396B"
"Feb 20 2015  5:41PM","W_TB_G_03","TAG_34","","PHD.OFC_18_2396C"
"Feb 20 2015  5:41PM","W_TB_G_03","TAG_35","","PHD.OFC_18_2396D"
"Feb 20 2015  5:41PM","W_TB_G_03","TAG_36","","PHD.OFFI_18_2396C"
"Feb 20 2015  5:41PM","W_TB_G_03","GROUP","",""
"Feb 20 2015  5:41PM","W_TB_G_03","CLUSTER","",""
"Feb 20 2015  5:41PM","W_TB_G_03","QOILTARGET","","PHD.UR_18_2401A_X"
"Feb 20 2015  5:41PM","W_TB_G_03","QOILMIN","","PHD.URL_18_2401A_X"
"Feb 20 2015  5:41PM","W_TB_G_03","QOILMAX","","PHD.URH_18_2401A_X"
"Feb 20 2015  5:41PM","W_TB_G_03","QLIQTARGET","","PHD.UR_18_2401C_X"
"Feb 20 2015  5:41PM","W_TB_G_03","LIQMIN","","PHD.URL_18_2401C_X"
"Feb 20 2015  5:41PM","W_TB_G_03","QLIQMAX","","PHD.URH_18_2401C_X"
"Feb 20 2015  5:41PM","W_TB_G_04","EQUIPMENT_NAME","G4",""
"Feb 20 2015  5:41PM","W_TB_G_04","EQUIPMENT_DESC","G4- Troll B",""
"Feb 20 2015  5:41PM","W_TB_G_04","QOIL","","PHD.OFI_18_2496A"
"Feb 20 2015  5:41PM","W_TB_G_04","QWAT","","PHD.OFI_18_2496B"
"Feb 20 2015  5:41PM","W_TB_G_04","QLIQ","","PHD.OFI_18_2496C"
"Feb 20 2015  5:41PM","W_TB_G_04","QGAS","","PHD.OFI_18_2496D"
"Feb 20 2015  5:41PM","W_TB_G_04","WC","","PHD.OFFI_18_2496A"
"Feb 20 2015  5:41PM","W_TB_G_04","GOR","","PHD.OFFI_18_2496B"
"Feb 20 2015  5:41PM","W_TB_G_04","UCP","","PHD.PZI_18_2415"
"Feb 20 2015  5:41PM","W_TB_G_04","UCT","","PHD.TI_18_2423"
"Feb 20 2015  5:41PM","W_TB_G_04","DCP","","PHD.PZI_18_2417"
"Feb 20 2015  5:41PM","W_TB_G_04","DCT","","PHD.TI_18_2416"
"Feb 20 2015  5:41PM","W_TB_G_04","UCP_CALC","","PHD.NPY_18_2496B"
"Feb 20 2015  5:41PM","W_TB_G_04","UCT_CALC","","PHD.NTY_18_2496B"
"Feb 20 2015  5:41PM","W_TB_G_04","DCP_CALC","","PHD.NPY_18_2496C"
"Feb 20 2015  5:41PM","W_TB_G_04","DCT_CALC","","PHD.NTY_18_2496C"
"Feb 20 2015  5:41PM","W_TB_G_04","DP","","PHD.PDI_18_2406"
"Feb 20 2015  5:41PM","W_TB_G_04","CHOKE","","PHD.GI_18_2406A"
"Feb 20 2015  5:41PM","W_TB_G_04","CHOKE_CMD","","PHD.GI_18_2406B"
"Feb 20 2015  5:41PM","W_TB_G_04","CHOKE_CALC","","PHD.NGI_18_2406B"
"Feb 20 2015  5:41PM","W_TB_G_04","ERRF","","PHD.NFI_18_2496Z"
"Feb 20 2015  5:41PM","W_TB_G_04","MODUS","","PHD.HS_18_2406B"
"Feb 20 2015  5:41PM","W_TB_G_04","STATUS","","PHD.NI_18_2463"
"Feb 20 2015  5:41PM","W_TB_G_04","ROUTING","","PHD.GS_18_2409P"
"Feb 20 2015  5:41PM","W_TB_G_04","MeOH","","PHD.OFI_18_2496G"
"Feb 20 2015  5:41PM","W_TB_G_04","DHSVL","","PHD.GSH_18_2401"
"Feb 20 2015  5:41PM","W_TB_G_04","DHSVU","","PHD.GSH_18_2402"
"Feb 20 2015  5:41PM","W_TB_G_04","PMV","","PHD.GSH_18_2403"
"Feb 20 2015  5:41PM","W_TB_G_04","PWV","","PHD.GSH_18_2404"
"Feb 20 2015  5:41PM","W_TB_G_04","AMV","","PHD.GSH_18_2418"
"Feb 20 2015  5:41PM","W_TB_G_04","AWV","","PHD.GSH_18_2412"
"Feb 20 2015  5:41PM","W_TB_G_04","XOV","","PHD.GSH_18_2419"
"Feb 20 2015  5:41PM","W_TB_G_04","GLV","","PHD.NULL"
"Feb 20 2015  5:41PM","W_TB_G_04","PCV","","PHD.GSL_18_24_06"
"Feb 20 2015  5:41PM","W_TB_G_04","PFORM_CALC","","PHD.NPY_18_2496A"
"Feb 20 2015  5:41PM","W_TB_G_04","TFORM_CALC","","PHD.NTY_18_2496A"
"Feb 20 2015  5:41PM","W_TB_G_04","CHOKE_POS_PER","","PHD.GI_18_2406E"
"Feb 20 2015  5:41PM","W_TB_G_04","TAG_32","","PHD.OFC_18_2496A"
"Feb 20 2015  5:41PM","W_TB_G_04","TAG_33","","PHD.OFC_18_2496B"
"Feb 20 2015  5:41PM","W_TB_G_04","TAG_34","","PHD.OFC_18_2496C"
"Feb 20 2015  5:41PM","W_TB_G_04","TAG_35","","PHD.OFC_18_2496D"
"Feb 20 2015  5:41PM","W_TB_G_04","TAG_36","","PHD.OFFI_18_2496C"
"Feb 20 2015  5:41PM","W_TB_G_04","GROUP","",""
"Feb 20 2015  5:41PM","W_TB_G_04","CLUSTER","",""
"Feb 20 2015  5:41PM","W_TB_G_04","QOILTARGET","","PHD.UR_18_2501A_X"
"Feb 20 2015  5:41PM","W_TB_G_04","QOILMIN","","PHD.URL_18_2501A_X"
"Feb 20 2015  5:41PM","W_TB_G_04","QOILMAX","","PHD.URH_18_2501A_X"
"Feb 20 2015  5:41PM","W_TB_G_04","QLIQTARGET","","PHD.UR_18_2501C_X"
"Feb 20 2015  5:41PM","W_TB_G_04","LIQMIN","","PHD.URL_18_2501C_X"
"Feb 20 2015  5:41PM","W_TB_G_04","QLIQMAX","","PHD.URH_18_2501C_X"
"Feb 20 2015  5:41PM","W_TB_G_05","EQUIPMENT_NAME","G5",""
"Feb 20 2015  5:41PM","W_TB_G_05","EQUIPMENT_DESC","G5- Troll B",""
"Feb 20 2015  5:41PM","W_TB_G_05","QOIL","","PHD.OFI_18_2596A"
"Feb 20 2015  5:41PM","W_TB_G_05","QWAT","","PHD.OFI_18_2596B"
"Feb 20 2015  5:41PM","W_TB_G_05","QLIQ","","PHD.OFI_18_2596C"
"Feb 20 2015  5:41PM","W_TB_G_05","QGAS","","PHD.OFI_18_2596D"
"Feb 20 2015  5:41PM","W_TB_G_05","WC","","PHD.OFFI_18_2596A"
"Feb 20 2015  5:41PM","W_TB_G_05","GOR","","PHD.OFFI_18_2596B"
"Feb 20 2015  5:41PM","W_TB_G_05","UCP","","PHD.PZI_18_2515"
"Feb 20 2015  5:41PM","W_TB_G_05","UCT","","PHD.TI_18_2523"
"Feb 20 2015  5:41PM","W_TB_G_05","DCP","","PHD.PZI_18_2517"
"Feb 20 2015  5:41PM","W_TB_G_05","DCT","","PHD.TI_18_2516"
"Feb 20 2015  5:41PM","W_TB_G_05","UCP_CALC","","PHD.NPY_18_2596B"
"Feb 20 2015  5:41PM","W_TB_G_05","UCT_CALC","","PHD.NTY_18_2596B"
"Feb 20 2015  5:41PM","W_TB_G_05","DCP_CALC","","PHD.NPY_18_2596C"
"Feb 20 2015  5:41PM","W_TB_G_05","DCT_CALC","","PHD.NTY_18_2596C"
"Feb 20 2015  5:41PM","W_TB_G_05","DP","","PHD.PDI_18_2506"
"Feb 20 2015  5:41PM","W_TB_G_05","CHOKE","","PHD.GI_18_2506A"
"Feb 20 2015  5:41PM","W_TB_G_05","CHOKE_CMD","","PHD.GI_18_2506B"
"Feb 20 2015  5:41PM","W_TB_G_05","CHOKE_CALC","","PHD.NGI_18_2506B"
"Feb 20 2015  5:41PM","W_TB_G_05","ERRF","","PHD.NFI_18_2596Z"
"Feb 20 2015  5:41PM","W_TB_G_05","MODUS","","PHD.HS_18_2506B"
"Feb 20 2015  5:41PM","W_TB_G_05","STATUS","","PHD.NI_18_2563"
"Feb 20 2015  5:41PM","W_TB_G_05","ROUTING","","PHD.GS_18_2509P"
"Feb 20 2015  5:41PM","W_TB_G_05","MeOH","","PHD.OFI_18_2596G"
"Feb 20 2015  5:41PM","W_TB_G_05","DHSVL","","PHD.GSH_18_2501"
"Feb 20 2015  5:41PM","W_TB_G_05","DHSVU","","PHD.GSH_18_2502"
"Feb 20 2015  5:41PM","W_TB_G_05","PMV","","PHD.GSH_18_2503"
"Feb 20 2015  5:41PM","W_TB_G_05","PWV","","PHD.GSH_18_2504"
"Feb 20 2015  5:41PM","W_TB_G_05","AMV","","PHD.GSH_18_2518"
"Feb 20 2015  5:41PM","W_TB_G_05","AWV","","PHD.GSH_18_2512"
"Feb 20 2015  5:41PM","W_TB_G_05","XOV","","PHD.GSH_18_2519"
"Feb 20 2015  5:41PM","W_TB_G_05","GLV","","PHD.NULL"
"Feb 20 2015  5:41PM","W_TB_G_05","PCV","","PHD.GSL_18_25_06"
"Feb 20 2015  5:41PM","W_TB_G_05","PFORM_CALC","","PHD.NPY_18_2596A"
"Feb 20 2015  5:41PM","W_TB_G_05","TFORM_CALC","","PHD.NTY_18_2596A"
"Feb 20 2015  5:41PM","W_TB_G_05","CHOKE_POS_PER","","PHD.GI_18_2506E"
"Feb 20 2015  5:41PM","W_TB_G_05","TAG_32","","PHD.OFC_18_2596A"
"Feb 20 2015  5:41PM","W_TB_G_05","TAG_33","","PHD.OFC_18_2596B"
"Feb 20 2015  5:41PM","W_TB_G_05","TAG_34","","PHD.OFC_18_2596C"
"Feb 20 2015  5:41PM","W_TB_G_05","TAG_35","","PHD.OFC_18_2596D"
"Feb 20 2015  5:41PM","W_TB_G_05","TAG_36","","PHD.OFFI_18_2596C"
"Feb 20 2015  5:41PM","W_TB_G_05","GROUP","",""
"Feb 20 2015  5:41PM","W_TB_G_05","CLUSTER","",""
"Feb 20 2015  5:41PM","W_TB_G_05","QOILTARGET","","PHD.UR_18_2601A_X"
"Feb 20 2015  5:41PM","W_TB_G_05","QOILMIN","","PHD.URL_18_2601A_X"
"Feb 20 2015  5:41PM","W_TB_G_05","QOILMAX","","PHD.URH_18_2601A_X"
"Feb 20 2015  5:41PM","W_TB_G_05","QLIQTARGET","","PHD.UR_18_2601C_X"
"Feb 20 2015  5:41PM","W_TB_G_05","LIQMIN","","PHD.URL_18_2601C_X"
"Feb 20 2015  5:41PM","W_TB_G_05","QLIQMAX","","PHD.URH_18_2601C_X"
"Feb 20 2015  5:41PM","W_TB_G_06","EQUIPMENT_NAME","G6",""
"Feb 20 2015  5:41PM","W_TB_G_06","EQUIPMENT_DESC","G6- Troll B",""
"Feb 20 2015  5:41PM","W_TB_G_06","QOIL","","PHD.OFI_18_2696A"
"Feb 20 2015  5:41PM","W_TB_G_06","QWAT","","PHD.OFI_18_2696B"
"Feb 20 2015  5:41PM","W_TB_G_06","QLIQ","","PHD.OFI_18_2696C"
"Feb 20 2015  5:41PM","W_TB_G_06","QGAS","","PHD.OFI_18_2696D"
"Feb 20 2015  5:41PM","W_TB_G_06","WC","","PHD.OFFI_18_2696A"
"Feb 20 2015  5:41PM","W_TB_G_06","GOR","","PHD.OFFI_18_2696B"
"Feb 20 2015  5:41PM","W_TB_G_06","UCP","","PHD.PZI_18_2615"
"Feb 20 2015  5:41PM","W_TB_G_06","UCT","","PHD.TI_18_2623"
"Feb 20 2015  5:41PM","W_TB_G_06","DCP","","PHD.PZI_18_2617"
"Feb 20 2015  5:41PM","W_TB_G_06","DCT","","PHD.TI_18_2616"
"Feb 20 2015  5:41PM","W_TB_G_06","UCP_CALC","","PHD.NPY_18_2696B"
"Feb 20 2015  5:41PM","W_TB_G_06","UCT_CALC","","PHD.NTY_18_2696B"
"Feb 20 2015  5:41PM","W_TB_G_06","DCP_CALC","","PHD.NPY_18_2696C"
"Feb 20 2015  5:41PM","W_TB_G_06","DCT_CALC","","PHD.NTY_18_2696C"
"Feb 20 2015  5:41PM","W_TB_G_06","DP","","PHD.PDI_18_2606"
"Feb 20 2015  5:41PM","W_TB_G_06","CHOKE","","PHD.GI_18_2606A"
"Feb 20 2015  5:41PM","W_TB_G_06","CHOKE_CMD","","PHD.GI_18_2606B"
"Feb 20 2015  5:41PM","W_TB_G_06","CHOKE_CALC","","PHD.NGI_18_2606B"
"Feb 20 2015  5:41PM","W_TB_G_06","ERRF","","PHD.NFI_18_2696Z"
"Feb 20 2015  5:41PM","W_TB_G_06","MODUS","","PHD.HS_18_2606B"
"Feb 20 2015  5:41PM","W_TB_G_06","STATUS","","PHD.NI_18_2663"
"Feb 20 2015  5:41PM","W_TB_G_06","ROUTING","","PHD.GS_18_2609P"
"Feb 20 2015  5:41PM","W_TB_G_06","MeOH","","PHD.OFI_18_2696G"
"Feb 20 2015  5:41PM","W_TB_G_06","DHSVL","","PHD.GSH_18_2601"
"Feb 20 2015  5:41PM","W_TB_G_06","DHSVU","","PHD.GSH_18_2602"
"Feb 20 2015  5:41PM","W_TB_G_06","PMV","","PHD.GSH_18_2603"
"Feb 20 2015  5:41PM","W_TB_G_06","PWV","","PHD.GSH_18_2604"
"Feb 20 2015  5:41PM","W_TB_G_06","AMV","","PHD.GSH_18_2618"
"Feb 20 2015  5:41PM","W_TB_G_06","AWV","","PHD.GSH_18_2612"
"Feb 20 2015  5:41PM","W_TB_G_06","XOV","","PHD.GSH_18_2619"
"Feb 20 2015  5:41PM","W_TB_G_06","GLV","","PHD.NULL"
"Feb 20 2015  5:41PM","W_TB_G_06","PCV","","PHD.GSL_18_26_06"
"Feb 20 2015  5:41PM","W_TB_G_06","PFORM_CALC","","PHD.NPY_18_2696A"
"Feb 20 2015  5:41PM","W_TB_G_06","TFORM_CALC","","PHD.NTY_18_2696A"
"Feb 20 2015  5:41PM","W_TB_G_06","CHOKE_POS_PER","","PHD.GI_18_2606E"
"Feb 20 2015  5:41PM","W_TB_G_06","TAG_32","","PHD.OFC_18_2696A"
"Feb 20 2015  5:41PM","W_TB_G_06","TAG_33","","PHD.OFC_18_2696B"
"Feb 20 2015  5:41PM","W_TB_G_06","TAG_34","","PHD.OFC_18_2696C"
"Feb 20 2015  5:41PM","W_TB_G_06","TAG_35","","PHD.OFC_18_2696D"
"Feb 20 2015  5:41PM","W_TB_G_06","TAG_36","","PHD.OFFI_18_2696C"
"Feb 20 2015  5:41PM","W_TB_G_06","GROUP","",""
"Feb 20 2015  5:41PM","W_TB_G_06","CLUSTER","",""
"Feb 20 2015  5:41PM","W_TB_G_06","QOILTARGET","","PHD.UR_18_2701A_X"
"Feb 20 2015  5:41PM","W_TB_G_06","QOILMIN","","PHD.URL_18_2701A_X"
"Feb 20 2015  5:41PM","W_TB_G_06","QOILMAX","","PHD.URH_18_2701A_X"
"Feb 20 2015  5:41PM","W_TB_G_06","QLIQTARGET","","PHD.UR_18_2701C_X"
"Feb 20 2015  5:41PM","W_TB_G_06","LIQMIN","","PHD.URL_18_2701C_X"
"Feb 20 2015  5:41PM","W_TB_G_06","QLIQMAX","","PHD.URH_18_2701C_X"
"Feb 20 2015  5:41PM","W_TB_H_01","EQUIPMENT_NAME","H1",""
"Feb 20 2015  5:41PM","W_TB_H_01","EQUIPMENT_DESC","H1- Troll B",""
"Feb 20 2015  5:41PM","W_TB_H_01","QOIL","","PHD.OFI_18_2796A"
"Feb 20 2015  5:41PM","W_TB_H_01","QWAT","","PHD.OFI_18_2796B"
"Feb 20 2015  5:41PM","W_TB_H_01","QLIQ","","PHD.OFI_18_2796C"
"Feb 20 2015  5:41PM","W_TB_H_01","QGAS","","PHD.OFI_18_2796D"
"Feb 20 2015  5:41PM","W_TB_H_01","WC","","PHD.OFFI_18_2796A"
"Feb 20 2015  5:41PM","W_TB_H_01","GOR","","PHD.OFFI_18_2796B"
"Feb 20 2015  5:41PM","W_TB_H_01","UCP","","PHD.PZI_18_2715"
"Feb 20 2015  5:41PM","W_TB_H_01","UCT","","PHD.TI_18_2723"
"Feb 20 2015  5:41PM","W_TB_H_01","DCP","","PHD.PZI_18_2717"
"Feb 20 2015  5:41PM","W_TB_H_01","DCT","","PHD.TI_18_2716"
"Feb 20 2015  5:41PM","W_TB_H_01","UCP_CALC","","PHD.NPY_18_2796B"
"Feb 20 2015  5:41PM","W_TB_H_01","UCT_CALC","","PHD.NTY_18_2796B"
"Feb 20 2015  5:41PM","W_TB_H_01","DCP_CALC","","PHD.NPY_18_2796C"
"Feb 20 2015  5:41PM","W_TB_H_01","DCT_CALC","","PHD.NTY_18_2796C"
"Feb 20 2015  5:41PM","W_TB_H_01","DP","","PHD.PDI_18_2706"
"Feb 20 2015  5:41PM","W_TB_H_01","CHOKE","","PHD.GI_18_2706A"
"Feb 20 2015  5:41PM","W_TB_H_01","CHOKE_CMD","","PHD.GI_18_2706B"
"Feb 20 2015  5:41PM","W_TB_H_01","CHOKE_CALC","","PHD.NGI_18_2706B"
"Feb 20 2015  5:41PM","W_TB_H_01","ERRF","","PHD.NFI_18_2796Z"
"Feb 20 2015  5:41PM","W_TB_H_01","MODUS","","PHD.HS_18_2706B"
"Feb 20 2015  5:41PM","W_TB_H_01","STATUS","","PHD.NI_18_2763"
"Feb 20 2015  5:41PM","W_TB_H_01","ROUTING","","PHD.GS_18_2709P"
"Feb 20 2015  5:41PM","W_TB_H_01","MeOH","","PHD.OFI_18_2796G"
"Feb 20 2015  5:41PM","W_TB_H_01","DHSVL","","PHD.GSH_18_2701"
"Feb 20 2015  5:41PM","W_TB_H_01","DHSVU","","PHD.GSH_18_2702"
"Feb 20 2015  5:41PM","W_TB_H_01","PMV","","PHD.GSH_18_2703"
"Feb 20 2015  5:41PM","W_TB_H_01","PWV","","PHD.GSH_18_2704"
"Feb 20 2015  5:41PM","W_TB_H_01","AMV","","PHD.GSH_18_2718"
"Feb 20 2015  5:41PM","W_TB_H_01","AWV","","PHD.GSH_18_2712"
"Feb 20 2015  5:41PM","W_TB_H_01","XOV","","PHD.GSH_18_2719"
"Feb 20 2015  5:41PM","W_TB_H_01","GLV","","PHD.NULL"
"Feb 20 2015  5:41PM","W_TB_H_01","PCV","","PHD.GSL_18_27_06"
"Feb 20 2015  5:41PM","W_TB_H_01","PFORM_CALC","","PHD.NPY_18_2796A"
"Feb 20 2015  5:41PM","W_TB_H_01","TFORM_CALC","","PHD.NTY_18_2796A"
"Feb 20 2015  5:41PM","W_TB_H_01","CHOKE_POS_PER","","PHD.GI_18_2706E"
"Feb 20 2015  5:41PM","W_TB_H_01","TAG_32","","PHD.OFC_18_2796A"
"Feb 20 2015  5:41PM","W_TB_H_01","TAG_33","","PHD.OFC_18_2796B"
"Feb 20 2015  5:41PM","W_TB_H_01","TAG_34","","PHD.OFC_18_2796C"
"Feb 20 2015  5:41PM","W_TB_H_01","TAG_35","","PHD.OFC_18_2796D"
"Feb 20 2015  5:41PM","W_TB_H_01","TAG_36","","PHD.OFFI_18_2796C"
"Feb 20 2015  5:41PM","W_TB_H_01","GROUP","",""
"Feb 20 2015  5:41PM","W_TB_H_01","CLUSTER","",""
"Feb 20 2015  5:41PM","W_TB_H_01","QOILTARGET","","PHD.UR_18_2801A_X"
"Feb 20 2015  5:41PM","W_TB_H_01","QOILMIN","","PHD.URL_18_2801A_X"
"Feb 20 2015  5:41PM","W_TB_H_01","QOILMAX","","PHD.URH_18_2801A_X"
"Feb 20 2015  5:41PM","W_TB_H_01","QLIQTARGET","","PHD.UR_18_2801C_X"
"Feb 20 2015  5:41PM","W_TB_H_01","LIQMIN","","PHD.URL_18_2801C_X"
"Feb 20 2015  5:41PM","W_TB_H_01","QLIQMAX","","PHD.URH_18_2801C_X"
"Feb 20 2015  5:41PM","W_TB_H_02","EQUIPMENT_NAME","H2",""
"Feb 20 2015  5:41PM","W_TB_H_02","EQUIPMENT_DESC","H2- Troll B",""
"Feb 20 2015  5:41PM","W_TB_H_02","QOIL","","PHD.OFI_18_2896A"
"Feb 20 2015  5:41PM","W_TB_H_02","QWAT","","PHD.OFI_18_2896B"
"Feb 20 2015  5:41PM","W_TB_H_02","QLIQ","","PHD.OFI_18_2896C"
"Feb 20 2015  5:41PM","W_TB_H_02","QGAS","","PHD.OFI_18_2896D"
"Feb 20 2015  5:41PM","W_TB_H_02","WC","","PHD.OFFI_18_2896A"
"Feb 20 2015  5:41PM","W_TB_H_02","GOR","","PHD.OFFI_18_2896B"
"Feb 20 2015  5:41PM","W_TB_H_02","UCP","","PHD.PZI_18_2815"
"Feb 20 2015  5:41PM","W_TB_H_02","UCT","","PHD.TI_18_2823"
"Feb 20 2015  5:41PM","W_TB_H_02","DCP","","PHD.PZI_18_2817"
"Feb 20 2015  5:41PM","W_TB_H_02","DCT","","PHD.TI_18_2816"
"Feb 20 2015  5:41PM","W_TB_H_02","UCP_CALC","","PHD.NPY_18_2896B"
"Feb 20 2015  5:41PM","W_TB_H_02","UCT_CALC","","PHD.NTY_18_2896B"
"Feb 20 2015  5:41PM","W_TB_H_02","DCP_CALC","","PHD.NPY_18_2896C"
"Feb 20 2015  5:41PM","W_TB_H_02","DCT_CALC","","PHD.NTY_18_2896C"
"Feb 20 2015  5:41PM","W_TB_H_02","DP","","PHD.PDI_18_2806"
"Feb 20 2015  5:41PM","W_TB_H_02","CHOKE","","PHD.GI_18_2806A"
"Feb 20 2015  5:41PM","W_TB_H_02","CHOKE_CMD","","PHD.GI_18_2806B"
"Feb 20 2015  5:41PM","W_TB_H_02","CHOKE_CALC","","PHD.NGI_18_2806B"
"Feb 20 2015  5:41PM","W_TB_H_02","ERRF","","PHD.NFI_18_2896Z"
"Feb 20 2015  5:41PM","W_TB_H_02","MODUS","","PHD.HS_18_2806B"
"Feb 20 2015  5:41PM","W_TB_H_02","STATUS","","PHD.NI_18_2863"
"Feb 20 2015  5:41PM","W_TB_H_02","ROUTING","","PHD.GS_18_2809P"
"Feb 20 2015  5:41PM","W_TB_H_02","MeOH","","PHD.OFI_18_2896G"
"Feb 20 2015  5:41PM","W_TB_H_02","DHSVL","","PHD.GSH_18_2801"
"Feb 20 2015  5:41PM","W_TB_H_02","DHSVU","","PHD.GSH_18_2802"
"Feb 20 2015  5:41PM","W_TB_H_02","PMV","","PHD.GSH_18_2803"
"Feb 20 2015  5:41PM","W_TB_H_02","PWV","","PHD.GSH_18_2804"
"Feb 20 2015  5:41PM","W_TB_H_02","AMV","","PHD.GSH_18_2818"
"Feb 20 2015  5:41PM","W_TB_H_02","AWV","","PHD.GSH_18_2812"
"Feb 20 2015  5:41PM","W_TB_H_02","XOV","","PHD.GSH_18_2819"
"Feb 20 2015  5:41PM","W_TB_H_02","GLV","","PHD.NULL"
"Feb 20 2015  5:41PM","W_TB_H_02","PCV","","PHD.GSL_18_28_06"
"Feb 20 2015  5:41PM","W_TB_H_02","PFORM_CALC","","PHD.NPY_18_2896A"
"Feb 20 2015  5:41PM","W_TB_H_02","TFORM_CALC","","PHD.NTY_18_2896A"
"Feb 20 2015  5:41PM","W_TB_H_02","CHOKE_POS_PER","","PHD.GI_18_2806E"
"Feb 20 2015  5:41PM","W_TB_H_02","TAG_32","","PHD.OFC_18_2896A"
"Feb 20 2015  5:41PM","W_TB_H_02","TAG_33","","PHD.OFC_18_2896B"
"Feb 20 2015  5:41PM","W_TB_H_02","TAG_34","","PHD.OFC_18_2896C"
"Feb 20 2015  5:41PM","W_TB_H_02","TAG_35","","PHD.OFC_18_2896D"
"Feb 20 2015  5:41PM","W_TB_H_02","TAG_36","","PHD.OFFI_18_2896C"
"Feb 20 2015  5:41PM","W_TB_H_02","GROUP","",""
"Feb 20 2015  5:41PM","W_TB_H_02","CLUSTER","",""
"Feb 20 2015  5:41PM","W_TB_H_02","QOILTARGET","","PHD.UR_18_2901A_X"
"Feb 20 2015  5:41PM","W_TB_H_02","QOILMIN","","PHD.URL_18_2901A_X"
"Feb 20 2015  5:41PM","W_TB_H_02","QOILMAX","","PHD.URH_18_2901A_X"
"Feb 20 2015  5:41PM","W_TB_H_02","QLIQTARGET","","PHD.UR_18_2901C_X"
"Feb 20 2015  5:41PM","W_TB_H_02","LIQMIN","","PHD.URL_18_2901C_X"
"Feb 20 2015  5:41PM","W_TB_H_02","QLIQMAX","","PHD.URH_18_2901C_X"
"Feb 20 2015  5:41PM","W_TB_H_03","EQUIPMENT_NAME","H3",""
"Feb 20 2015  5:41PM","W_TB_H_03","EQUIPMENT_DESC","H3- Troll B",""
"Feb 20 2015  5:41PM","W_TB_H_03","QOIL","","PHD.OFI_18_2996A"
"Feb 20 2015  5:41PM","W_TB_H_03","QWAT","","PHD.OFI_18_2996B"
"Feb 20 2015  5:41PM","W_TB_H_03","QLIQ","","PHD.OFI_18_2996C"
"Feb 20 2015  5:41PM","W_TB_H_03","QGAS","","PHD.OFI_18_2996D"
"Feb 20 2015  5:41PM","W_TB_H_03","WC","","PHD.OFFI_18_2996A"
"Feb 20 2015  5:41PM","W_TB_H_03","GOR","","PHD.OFFI_18_2996B"
"Feb 20 2015  5:41PM","W_TB_H_03","UCP","","PHD.PZI_18_2915"
"Feb 20 2015  5:41PM","W_TB_H_03","UCT","","PHD.TI_18_2923"
"Feb 20 2015  5:41PM","W_TB_H_03","DCP","","PHD.PZI_18_2917"
"Feb 20 2015  5:41PM","W_TB_H_03","DCT","","PHD.TI_18_2916"
"Feb 20 2015  5:41PM","W_TB_H_03","UCP_CALC","","PHD.NPY_18_2996B"
"Feb 20 2015  5:41PM","W_TB_H_03","UCT_CALC","","PHD.NTY_18_2996B"
"Feb 20 2015  5:41PM","W_TB_H_03","DCP_CALC","","PHD.NPY_18_2996C"
"Feb 20 2015  5:41PM","W_TB_H_03","DCT_CALC","","PHD.NTY_18_2996C"
"Feb 20 2015  5:41PM","W_TB_H_03","DP","","PHD.PDI_18_2906"
"Feb 20 2015  5:41PM","W_TB_H_03","CHOKE","","PHD.GI_18_2906A"
"Feb 20 2015  5:41PM","W_TB_H_03","CHOKE_CMD","","PHD.GI_18_2906B"
"Feb 20 2015  5:41PM","W_TB_H_03","CHOKE_CALC","","PHD.NGI_18_2906B"
"Feb 20 2015  5:41PM","W_TB_H_03","ERRF","","PHD.NFI_18_2996Z"
"Feb 20 2015  5:41PM","W_TB_H_03","MODUS","","PHD.HS_18_2906B"
"Feb 20 2015  5:41PM","W_TB_H_03","STATUS","","PHD.NI_18_2963"
"Feb 20 2015  5:41PM","W_TB_H_03","ROUTING","","PHD.GS_18_2909P"
"Feb 20 2015  5:41PM","W_TB_H_03","MeOH","","PHD.OFI_18_2996G"
"Feb 20 2015  5:41PM","W_TB_H_03","DHSVL","","PHD.GSH_18_2901"
"Feb 20 2015  5:41PM","W_TB_H_03","DHSVU","","PHD.GSH_18_2902"
"Feb 20 2015  5:41PM","W_TB_H_03","PMV","","PHD.GSH_18_2903"
"Feb 20 2015  5:41PM","W_TB_H_03","PWV","","PHD.GSH_18_2904"
"Feb 20 2015  5:41PM","W_TB_H_03","AMV","","PHD.GSH_18_2918"
"Feb 20 2015  5:41PM","W_TB_H_03","AWV","","PHD.GSH_18_2912"
"Feb 20 2015  5:41PM","W_TB_H_03","XOV","","PHD.GSH_18_2919"
"Feb 20 2015  5:41PM","W_TB_H_03","GLV","","PHD.NULL"
"Feb 20 2015  5:41PM","W_TB_H_03","PCV","","PHD.GSL_18_29_06"
"Feb 20 2015  5:41PM","W_TB_H_03","PFORM_CALC","","PHD.NPY_18_2996A"
"Feb 20 2015  5:41PM","W_TB_H_03","TFORM_CALC","","PHD.NTY_18_2996A"
"Feb 20 2015  5:41PM","W_TB_H_03","CHOKE_POS_PER","","PHD.GI_18_2906E"
"Feb 20 2015  5:41PM","W_TB_H_03","TAG_32","","PHD.OFC_18_2996A"
"Feb 20 2015  5:41PM","W_TB_H_03","TAG_33","","PHD.OFC_18_2996B"
"Feb 20 2015  5:41PM","W_TB_H_03","TAG_34","","PHD.OFC_18_2996C"
"Feb 20 2015  5:41PM","W_TB_H_03","TAG_35","","PHD.OFC_18_2996D"
"Feb 20 2015  5:41PM","W_TB_H_03","TAG_36","","PHD.OFFI_18_2996C"
"Feb 20 2015  5:41PM","W_TB_H_03","GROUP","",""
"Feb 20 2015  5:41PM","W_TB_H_03","CLUSTER","",""
"Feb 20 2015  5:41PM","W_TB_H_03","QOILTARGET","","PHD.UR_18_3001A_X"
"Feb 20 2015  5:41PM","W_TB_H_03","QOILMIN","","PHD.URL_18_3001A_X"
"Feb 20 2015  5:41PM","W_TB_H_03","QOILMAX","","PHD.URH_18_3001A_X"
"Feb 20 2015  5:41PM","W_TB_H_03","QLIQTARGET","","PHD.UR_18_3001C_X"
"Feb 20 2015  5:41PM","W_TB_H_03","LIQMIN","","PHD.URL_18_3001C_X"
"Feb 20 2015  5:41PM","W_TB_H_03","QLIQMAX","","PHD.URH_18_3001C_X"
"Feb 20 2015  5:41PM","W_TB_H_04","EQUIPMENT_NAME","H4",""
"Feb 20 2015  5:41PM","W_TB_H_04","EQUIPMENT_DESC","H4- Troll B",""
"Feb 20 2015  5:41PM","W_TB_H_04","QOIL","","PHD.OFI_18_3096A"
"Feb 20 2015  5:41PM","W_TB_H_04","QWAT","","PHD.OFI_18_3096B"
"Feb 20 2015  5:41PM","W_TB_H_04","QLIQ","","PHD.OFI_18_3096C"
"Feb 20 2015  5:41PM","W_TB_H_04","QGAS","","PHD.OFI_18_3096D"
"Feb 20 2015  5:41PM","W_TB_H_04","WC","","PHD.OFFI_18_3096A"
"Feb 20 2015  5:41PM","W_TB_H_04","GOR","","PHD.OFFI_18_3096B"
"Feb 20 2015  5:41PM","W_TB_H_04","UCP","","PHD.PZI_18_3015"
"Feb 20 2015  5:41PM","W_TB_H_04","UCT","","PHD.TI_18_3023"
"Feb 20 2015  5:41PM","W_TB_H_04","DCP","","PHD.PZI_18_3017"
"Feb 20 2015  5:41PM","W_TB_H_04","DCT","","PHD.TI_18_3016"
"Feb 20 2015  5:41PM","W_TB_H_04","UCP_CALC","","PHD.NPY_18_3096B"
"Feb 20 2015  5:41PM","W_TB_H_04","UCT_CALC","","PHD.NTY_18_3096B"
"Feb 20 2015  5:41PM","W_TB_H_04","DCP_CALC","","PHD.NPY_18_3096C"
"Feb 20 2015  5:41PM","W_TB_H_04","DCT_CALC","","PHD.NTY_18_3096C"
"Feb 20 2015  5:41PM","W_TB_H_04","DP","","PHD.PDI_18_3006"
"Feb 20 2015  5:41PM","W_TB_H_04","CHOKE","","PHD.GI_18_3006A"
"Feb 20 2015  5:41PM","W_TB_H_04","CHOKE_CMD","","PHD.GI_18_3006B"
"Feb 20 2015  5:41PM","W_TB_H_04","CHOKE_CALC","","PHD.NGI_18_3006B"
"Feb 20 2015  5:41PM","W_TB_H_04","ERRF","","PHD.NFI_18_3096Z"
"Feb 20 2015  5:41PM","W_TB_H_04","MODUS","","PHD.HS_18_3006B"
"Feb 20 2015  5:41PM","W_TB_H_04","STATUS","","PHD.NI_18_3063"
"Feb 20 2015  5:41PM","W_TB_H_04","ROUTING","","PHD.GS_18_3009P"
"Feb 20 2015  5:41PM","W_TB_H_04","MeOH","","PHD.OFI_18_3096G"
"Feb 20 2015  5:41PM","W_TB_H_04","DHSVL","","PHD.GSH_18_3001"
"Feb 20 2015  5:41PM","W_TB_H_04","DHSVU","","PHD.GSH_18_3002"
"Feb 20 2015  5:41PM","W_TB_H_04","PMV","","PHD.GSH_18_3003"
"Feb 20 2015  5:41PM","W_TB_H_04","PWV","","PHD.GSH_18_3004"
"Feb 20 2015  5:41PM","W_TB_H_04","AMV","","PHD.GSH_18_3018"
"Feb 20 2015  5:41PM","W_TB_H_04","AWV","","PHD.GSH_18_3012"
"Feb 20 2015  5:41PM","W_TB_H_04","XOV","","PHD.GSH_18_3019"
"Feb 20 2015  5:41PM","W_TB_H_04","GLV","","PHD.NULL"
"Feb 20 2015  5:41PM","W_TB_H_04","PCV","","PHD.GSL_18_30_06"
"Feb 20 2015  5:41PM","W_TB_H_04","PFORM_CALC","","PHD.NPY_18_3096A"
"Feb 20 2015  5:41PM","W_TB_H_04","TFORM_CALC","","PHD.NTY_18_3096A"
"Feb 20 2015  5:41PM","W_TB_H_04","CHOKE_POS_PER","","PHD.GI_18_3006E"
"Feb 20 2015  5:41PM","W_TB_H_04","TAG_32","","PHD.OFC_18_3096A"
"Feb 20 2015  5:41PM","W_TB_H_04","TAG_33","","PHD.OFC_18_3096B"
"Feb 20 2015  5:41PM","W_TB_H_04","TAG_34","","PHD.OFC_18_3096C"
"Feb 20 2015  5:41PM","W_TB_H_04","TAG_35","","PHD.OFC_18_3096D"
"Feb 20 2015  5:41PM","W_TB_H_04","TAG_36","","PHD.OFFI_18_3096C"
"Feb 20 2015  5:41PM","W_TB_H_04","GROUP","",""
"Feb 20 2015  5:41PM","W_TB_H_04","CLUSTER","",""
"Feb 20 2015  5:41PM","W_TB_H_04","QOILTARGET","","PHD.UR_18_3101A_X"
"Feb 20 2015  5:41PM","W_TB_H_04","QOILMIN","","PHD.URL_18_3101A_X"
"Feb 20 2015  5:41PM","W_TB_H_04","QOILMAX","","PHD.URH_18_3101A_X"
"Feb 20 2015  5:41PM","W_TB_H_04","QLIQTARGET","","PHD.UR_18_3101C_X"
"Feb 20 2015  5:41PM","W_TB_H_04","LIQMIN","","PHD.URL_18_3101C_X"
"Feb 20 2015  5:41PM","W_TB_H_04","QLIQMAX","","PHD.URH_18_3101C_X"
"Feb 20 2015  5:41PM","W_TB_H_05","EQUIPMENT_NAME","H5",""
"Feb 20 2015  5:41PM","W_TB_H_05","EQUIPMENT_DESC","H5- Troll B",""
"Feb 20 2015  5:41PM","W_TB_H_05","QOIL","","PHD.OFI_18_3196A"
"Feb 20 2015  5:41PM","W_TB_H_05","QWAT","","PHD.OFI_18_3196B"
"Feb 20 2015  5:41PM","W_TB_H_05","QLIQ","","PHD.OFI_18_3196C"
"Feb 20 2015  5:41PM","W_TB_H_05","QGAS","","PHD.OFI_18_3196D"
"Feb 20 2015  5:41PM","W_TB_H_05","WC","","PHD.OFFI_18_3196A"
"Feb 20 2015  5:41PM","W_TB_H_05","GOR","","PHD.OFFI_18_3196B"
"Feb 20 2015  5:41PM","W_TB_H_05","UCP","","PHD.PZI_18_3115"
"Feb 20 2015  5:41PM","W_TB_H_05","UCT","","PHD.TI_18_3123"
"Feb 20 2015  5:41PM","W_TB_H_05","DCP","","PHD.PZI_18_3117"
"Feb 20 2015  5:41PM","W_TB_H_05","DCT","","PHD.TI_18_3116"
"Feb 20 2015  5:41PM","W_TB_H_05","UCP_CALC","","PHD.NPY_18_3196B"
"Feb 20 2015  5:41PM","W_TB_H_05","UCT_CALC","","PHD.NTY_18_3196B"
"Feb 20 2015  5:41PM","W_TB_H_05","DCP_CALC","","PHD.NPY_18_3196C"
"Feb 20 2015  5:41PM","W_TB_H_05","DCT_CALC","","PHD.NTY_18_3196C"
"Feb 20 2015  5:41PM","W_TB_H_05","DP","","PHD.PDI_18_3106"
"Feb 20 2015  5:41PM","W_TB_H_05","CHOKE","","PHD.GI_18_3106A"
"Feb 20 2015  5:41PM","W_TB_H_05","CHOKE_CMD","","PHD.GI_18_3106B"
"Feb 20 2015  5:41PM","W_TB_H_05","CHOKE_CALC","","PHD.NGI_18_3106B"
"Feb 20 2015  5:41PM","W_TB_H_05","ERRF","","PHD.NFI_18_3196Z"
"Feb 20 2015  5:41PM","W_TB_H_05","MODUS","","PHD.HS_18_3106B"
"Feb 20 2015  5:41PM","W_TB_H_05","STATUS","","PHD.NI_18_3163"
"Feb 20 2015  5:41PM","W_TB_H_05","ROUTING","","PHD.GS_18_3109P"
"Feb 20 2015  5:41PM","W_TB_H_05","MeOH","","PHD.OFI_18_3196G"
"Feb 20 2015  5:41PM","W_TB_H_05","DHSVL","","PHD.GSH_18_3101"
"Feb 20 2015  5:41PM","W_TB_H_05","DHSVU","","PHD.GSH_18_3102"
"Feb 20 2015  5:41PM","W_TB_H_05","PMV","","PHD.GSH_18_3103"
"Feb 20 2015  5:41PM","W_TB_H_05","PWV","","PHD.GSH_18_3104"
"Feb 20 2015  5:41PM","W_TB_H_05","AMV","","PHD.GSH_18_3118"
"Feb 20 2015  5:41PM","W_TB_H_05","AWV","","PHD.GSH_18_3112"
"Feb 20 2015  5:41PM","W_TB_H_05","XOV","","PHD.GSH_18_3119"
"Feb 20 2015  5:41PM","W_TB_H_05","GLV","","PHD.NULL"
"Feb 20 2015  5:41PM","W_TB_H_05","PCV","","PHD.GSL_18_31_06"
"Feb 20 2015  5:41PM","W_TB_H_05","PFORM_CALC","","PHD.NPY_18_3196A"
"Feb 20 2015  5:41PM","W_TB_H_05","TFORM_CALC","","PHD.NTY_18_3196A"
"Feb 20 2015  5:41PM","W_TB_H_05","CHOKE_POS_PER","","PHD.GI_18_3106E"
"Feb 20 2015  5:41PM","W_TB_H_05","TAG_32","","PHD.OFC_18_3196A"
"Feb 20 2015  5:41PM","W_TB_H_05","TAG_33","","PHD.OFC_18_3196B"
"Feb 20 2015  5:41PM","W_TB_H_05","TAG_34","","PHD.OFC_18_3196C"
"Feb 20 2015  5:41PM","W_TB_H_05","TAG_35","","PHD.OFC_18_3196D"
"Feb 20 2015  5:41PM","W_TB_H_05","TAG_36","","PHD.OFFI_18_3196C"
"Feb 20 2015  5:41PM","W_TB_H_05","GROUP","",""
"Feb 20 2015  5:41PM","W_TB_H_05","CLUSTER","",""
"Feb 20 2015  5:41PM","W_TB_H_05","QOILTARGET","","PHD.UR_18_3201A_X"
"Feb 20 2015  5:41PM","W_TB_H_05","QOILMIN","","PHD.URL_18_3201A_X"
"Feb 20 2015  5:41PM","W_TB_H_05","QOILMAX","","PHD.URH_18_3201A_X"
"Feb 20 2015  5:41PM","W_TB_H_05","QLIQTARGET","","PHD.UR_18_3201C_X"
"Feb 20 2015  5:41PM","W_TB_H_05","LIQMIN","","PHD.URL_18_3201C_X"
"Feb 20 2015  5:41PM","W_TB_H_05","QLIQMAX","","PHD.URH_18_3201C_X"
"Feb 20 2015  5:41PM","W_TB_H_06","EQUIPMENT_NAME","H6",""
"Feb 20 2015  5:41PM","W_TB_H_06","EQUIPMENT_DESC","H6- Troll B",""
"Feb 20 2015  5:41PM","W_TB_H_06","QOIL","","PHD.OFI_18_3296A"
"Feb 20 2015  5:41PM","W_TB_H_06","QWAT","","PHD.OFI_18_3296B"
"Feb 20 2015  5:41PM","W_TB_H_06","QLIQ","","PHD.OFI_18_3296C"
"Feb 20 2015  5:41PM","W_TB_H_06","QGAS","","PHD.OFI_18_3296D"
"Feb 20 2015  5:41PM","W_TB_H_06","WC","","PHD.OFFI_18_3296A"
"Feb 20 2015  5:41PM","W_TB_H_06","GOR","","PHD.OFFI_18_3296B"
"Feb 20 2015  5:41PM","W_TB_H_06","UCP","","PHD.PZI_18_3215"
"Feb 20 2015  5:41PM","W_TB_H_06","UCT","","PHD.TI_18_3223"
"Feb 20 2015  5:41PM","W_TB_H_06","DCP","","PHD.PZI_18_3217"
"Feb 20 2015  5:41PM","W_TB_H_06","DCT","","PHD.TI_18_3216"
"Feb 20 2015  5:41PM","W_TB_H_06","UCP_CALC","","PHD.NPY_18_3296B"
"Feb 20 2015  5:41PM","W_TB_H_06","UCT_CALC","","PHD.NTY_18_3296B"
"Feb 20 2015  5:41PM","W_TB_H_06","DCP_CALC","","PHD.NPY_18_3296C"
"Feb 20 2015  5:41PM","W_TB_H_06","DCT_CALC","","PHD.NTY_18_3296C"
"Feb 20 2015  5:41PM","W_TB_H_06","DP","","PHD.PDI_18_3206"
"Feb 20 2015  5:41PM","W_TB_H_06","CHOKE","","PHD.GI_18_3206A"
"Feb 20 2015  5:41PM","W_TB_H_06","CHOKE_CMD","","PHD.GI_18_3206B"
"Feb 20 2015  5:41PM","W_TB_H_06","CHOKE_CALC","","PHD.NGI_18_3206B"
"Feb 20 2015  5:41PM","W_TB_H_06","ERRF","","PHD.NFI_18_3296Z"
"Feb 20 2015  5:41PM","W_TB_H_06","MODUS","","PHD.HS_18_3206B"
"Feb 20 2015  5:41PM","W_TB_H_06","STATUS","","PHD.NI_18_3263"
"Feb 20 2015  5:41PM","W_TB_H_06","ROUTING","","PHD.GS_18_3209P"
"Feb 20 2015  5:41PM","W_TB_H_06","MeOH","","PHD.OFI_18_3296G"
"Feb 20 2015  5:41PM","W_TB_H_06","DHSVL","","PHD.GSH_18_3201"
"Feb 20 2015  5:41PM","W_TB_H_06","DHSVU","","PHD.GSH_18_3202"
"Feb 20 2015  5:41PM","W_TB_H_06","PMV","","PHD.GSH_18_3203"
"Feb 20 2015  5:41PM","W_TB_H_06","PWV","","PHD.GSH_18_3204"
"Feb 20 2015  5:41PM","W_TB_H_06","AMV","","PHD.GSH_18_3218"
"Feb 20 2015  5:41PM","W_TB_H_06","AWV","","PHD.GSH_18_3212"
"Feb 20 2015  5:41PM","W_TB_H_06","XOV","","PHD.GSH_18_3219"
"Feb 20 2015  5:41PM","W_TB_H_06","GLV","","PHD.NULL"
"Feb 20 2015  5:41PM","W_TB_H_06","PCV","","PHD.GSL_18_32_06"
"Feb 20 2015  5:41PM","W_TB_H_06","PFORM_CALC","","PHD.NPY_18_3296A"
"Feb 20 2015  5:41PM","W_TB_H_06","TFORM_CALC","","PHD.NTY_18_3296A"
"Feb 20 2015  5:41PM","W_TB_H_06","CHOKE_POS_PER","","PHD.GI_18_3206E"
"Feb 20 2015  5:41PM","W_TB_H_06","TAG_32","","PHD.OFC_18_3296A"
"Feb 20 2015  5:41PM","W_TB_H_06","TAG_33","","PHD.OFC_18_3296B"
"Feb 20 2015  5:41PM","W_TB_H_06","TAG_34","","PHD.OFC_18_3296C"
"Feb 20 2015  5:41PM","W_TB_H_06","TAG_35","","PHD.OFC_18_3296D"
"Feb 20 2015  5:41PM","W_TB_H_06","TAG_36","","PHD.OFFI_18_3296C"
"Feb 20 2015  5:41PM","W_TB_H_06","GROUP","",""
"Feb 20 2015  5:41PM","W_TB_H_06","CLUSTER","",""
"Feb 20 2015  5:41PM","W_TB_H_06","QOILTARGET","","PHD.UR_18_3301A_X"
"Feb 20 2015  5:41PM","W_TB_H_06","QOILMIN","","PHD.URL_18_3301A_X"
"Feb 20 2015  5:41PM","W_TB_H_06","QOILMAX","","PHD.URH_18_3301A_X"
"Feb 20 2015  5:41PM","W_TB_H_06","QLIQTARGET","","PHD.UR_18_3301C_X"
"Feb 20 2015  5:41PM","W_TB_H_06","LIQMIN","","PHD.URL_18_3301C_X"
"Feb 20 2015  5:41PM","W_TB_H_06","QLIQMAX","","PHD.URH_18_3301C_X"
"Feb 20 2015  5:41PM","W_TB_I_11","EQUIPMENT_NAME","I11",""
"Feb 20 2015  5:41PM","W_TB_I_11","EQUIPMENT_DESC","I11- Troll B",""
"Feb 20 2015  5:41PM","W_TB_I_11","QOIL","","PHD.OFI_18_3396A"
"Feb 20 2015  5:41PM","W_TB_I_11","QWAT","","PHD.OFI_18_3396B"
"Feb 20 2015  5:41PM","W_TB_I_11","QLIQ","","PHD.OFI_18_3396C"
"Feb 20 2015  5:41PM","W_TB_I_11","QGAS","","PHD.OFI_18_3396D"
"Feb 20 2015  5:41PM","W_TB_I_11","WC","","PHD.OFFI_18_3396A"
"Feb 20 2015  5:41PM","W_TB_I_11","GOR","","PHD.OFFI_18_3396B"
"Feb 20 2015  5:41PM","W_TB_I_11","UCP","","PHD.PZI_18_3315"
"Feb 20 2015  5:41PM","W_TB_I_11","UCT","","PHD.TI_18_3323"
"Feb 20 2015  5:41PM","W_TB_I_11","DCP","","PHD.PZI_18_3317"
"Feb 20 2015  5:41PM","W_TB_I_11","DCT","","PHD.TI_18_3316"
"Feb 20 2015  5:41PM","W_TB_I_11","UCP_CALC","","PHD.NPY_18_3396B"
"Feb 20 2015  5:41PM","W_TB_I_11","UCT_CALC","","PHD.NTY_18_3396B"
"Feb 20 2015  5:41PM","W_TB_I_11","DCP_CALC","","PHD.NPY_18_3396C"
"Feb 20 2015  5:41PM","W_TB_I_11","DCT_CALC","","PHD.NTY_18_3396C"
"Feb 20 2015  5:41PM","W_TB_I_11","DP","","PHD.PDI_18_3306"
"Feb 20 2015  5:41PM","W_TB_I_11","CHOKE","","PHD.GI_18_3306A"
"Feb 20 2015  5:41PM","W_TB_I_11","CHOKE_CMD","","PHD.GI_18_3306B"
"Feb 20 2015  5:41PM","W_TB_I_11","CHOKE_CALC","","PHD.NGI_18_3306B"
"Feb 20 2015  5:41PM","W_TB_I_11","ERRF","","PHD.NFI_18_3396Z"
"Feb 20 2015  5:41PM","W_TB_I_11","MODUS","","PHD.HS_18_3306B"
"Feb 20 2015  5:41PM","W_TB_I_11","STATUS","","PHD.NI_18_3363"
"Feb 20 2015  5:41PM","W_TB_I_11","ROUTING","","PHD.GS_18_3309P"
"Feb 20 2015  5:41PM","W_TB_I_11","MeOH","","PHD.OFI_18_3396G"
"Feb 20 2015  5:41PM","W_TB_I_11","DHSVL","","PHD.GSH_18_3301"
"Feb 20 2015  5:41PM","W_TB_I_11","DHSVU","","PHD.GSH_18_3302"
"Feb 20 2015  5:41PM","W_TB_I_11","PMV","","PHD.GSH_18_3303"
"Feb 20 2015  5:41PM","W_TB_I_11","PWV","","PHD.GSH_18_3304"
"Feb 20 2015  5:41PM","W_TB_I_11","AMV","","PHD.GSH_18_3318"
"Feb 20 2015  5:41PM","W_TB_I_11","AWV","","PHD.GSH_18_3312"
"Feb 20 2015  5:41PM","W_TB_I_11","XOV","","PHD.GSH_18_3319"
"Feb 20 2015  5:41PM","W_TB_I_11","GLV","","PHD.GSH_18_3345"
"Feb 20 2015  5:41PM","W_TB_I_11","PCV","","PHD.GSL_18_33_06"
"Feb 20 2015  5:41PM","W_TB_I_11","PFORM_CALC","","PHD.NPY_18_3396A"
"Feb 20 2015  5:41PM","W_TB_I_11","TFORM_CALC","","PHD.NTY_18_3396A"
"Feb 20 2015  5:41PM","W_TB_I_11","CHOKE_POS_PER","","PHD.GI_18_3306E"
"Feb 20 2015  5:41PM","W_TB_I_11","TAG_32","","PHD.OFC_18_3396A"
"Feb 20 2015  5:41PM","W_TB_I_11","TAG_33","","PHD.OFC_18_3396B"
"Feb 20 2015  5:41PM","W_TB_I_11","TAG_34","","PHD.OFC_18_3396C"
"Feb 20 2015  5:41PM","W_TB_I_11","TAG_35","","PHD.OFC_18_3396D"
"Feb 20 2015  5:41PM","W_TB_I_11","TAG_36","","PHD.OFFI_18_3396C"
"Feb 20 2015  5:41PM","W_TB_I_11","GROUP","",""
"Feb 20 2015  5:41PM","W_TB_I_11","CLUSTER","",""
"Feb 20 2015  5:41PM","W_TB_I_11","QOILTARGET","","PHD.UR_18_3401A_X"
"Feb 20 2015  5:41PM","W_TB_I_11","QOILMIN","","PHD.URL_18_3401A_X"
"Feb 20 2015  5:41PM","W_TB_I_11","QOILMAX","","PHD.URH_18_3401A_X"
"Feb 20 2015  5:41PM","W_TB_I_11","QLIQTARGET","","PHD.UR_18_3401C_X"
"Feb 20 2015  5:41PM","W_TB_I_11","LIQMIN","","PHD.URL_18_3401C_X"
"Feb 20 2015  5:41PM","W_TB_I_11","QLIQMAX","","PHD.URH_18_3401C_X"
"Feb 20 2015  5:41PM","W_TB_I_12","EQUIPMENT_NAME","I12",""
"Feb 20 2015  5:41PM","W_TB_I_12","EQUIPMENT_DESC","I12- Troll B",""
"Feb 20 2015  5:41PM","W_TB_I_12","QOIL","","PHD.OFI_18_3496A"
"Feb 20 2015  5:41PM","W_TB_I_12","QWAT","","PHD.OFI_18_3496B"
"Feb 20 2015  5:41PM","W_TB_I_12","QLIQ","","PHD.OFI_18_3496C"
"Feb 20 2015  5:41PM","W_TB_I_12","QGAS","","PHD.OFI_18_3496D"
"Feb 20 2015  5:41PM","W_TB_I_12","WC","","PHD.OFFI_18_3496A"
"Feb 20 2015  5:41PM","W_TB_I_12","GOR","","PHD.OFFI_18_3496B"
"Feb 20 2015  5:41PM","W_TB_I_12","UCP","","PHD.PZI_18_3415"
"Feb 20 2015  5:41PM","W_TB_I_12","UCT","","PHD.TI_18_3423"
"Feb 20 2015  5:41PM","W_TB_I_12","DCP","","PHD.PZI_18_3417"
"Feb 20 2015  5:41PM","W_TB_I_12","DCT","","PHD.TI_18_3416"
"Feb 20 2015  5:41PM","W_TB_I_12","UCP_CALC","","PHD.NPY_18_3496B"
"Feb 20 2015  5:41PM","W_TB_I_12","UCT_CALC","","PHD.NTY_18_3496B"
"Feb 20 2015  5:41PM","W_TB_I_12","DCP_CALC","","PHD.NPY_18_3496C"
"Feb 20 2015  5:41PM","W_TB_I_12","DCT_CALC","","PHD.NTY_18_3496C"
"Feb 20 2015  5:41PM","W_TB_I_12","DP","","PHD.PDI_18_3406"
"Feb 20 2015  5:41PM","W_TB_I_12","CHOKE","","PHD.GI_18_3406A"
"Feb 20 2015  5:41PM","W_TB_I_12","CHOKE_CMD","","PHD.GI_18_3406B"
"Feb 20 2015  5:41PM","W_TB_I_12","CHOKE_CALC","","PHD.NGI_18_3406B"
"Feb 20 2015  5:41PM","W_TB_I_12","ERRF","","PHD.NFI_18_3496Z"
"Feb 20 2015  5:41PM","W_TB_I_12","MODUS","","PHD.HS_18_3406B"
"Feb 20 2015  5:41PM","W_TB_I_12","STATUS","","PHD.NI_18_3463"
"Feb 20 2015  5:41PM","W_TB_I_12","ROUTING","","PHD.GS_18_3409P"
"Feb 20 2015  5:41PM","W_TB_I_12","MeOH","","PHD.OFI_18_3496G"
"Feb 20 2015  5:41PM","W_TB_I_12","DHSVL","","PHD.GSH_18_3401"
"Feb 20 2015  5:41PM","W_TB_I_12","DHSVU","","PHD.GSH_18_3402"
"Feb 20 2015  5:41PM","W_TB_I_12","PMV","","PHD.GSH_18_3403"
"Feb 20 2015  5:41PM","W_TB_I_12","PWV","","PHD.GSH_18_3404"
"Feb 20 2015  5:41PM","W_TB_I_12","AMV","","PHD.GSH_18_3418"
"Feb 20 2015  5:41PM","W_TB_I_12","AWV","","PHD.GSH_18_3412"
"Feb 20 2015  5:41PM","W_TB_I_12","XOV","","PHD.GSH_18_3419"
"Feb 20 2015  5:41PM","W_TB_I_12","GLV","","PHD.GSH_18_3445"
"Feb 20 2015  5:41PM","W_TB_I_12","PCV","","PHD.GSL_18_34_06"
"Feb 20 2015  5:41PM","W_TB_I_12","PFORM_CALC","","PHD.NPY_18_3496A"
"Feb 20 2015  5:41PM","W_TB_I_12","TFORM_CALC","","PHD.NTY_18_3496A"
"Feb 20 2015  5:41PM","W_TB_I_12","CHOKE_POS_PER","","PHD.GI_18_3406E"
"Feb 20 2015  5:41PM","W_TB_I_12","TAG_32","","PHD.OFC_18_3496A"
"Feb 20 2015  5:41PM","W_TB_I_12","TAG_33","","PHD.OFC_18_3496B"
"Feb 20 2015  5:41PM","W_TB_I_12","TAG_34","","PHD.OFC_18_3496C"
"Feb 20 2015  5:41PM","W_TB_I_12","TAG_35","","PHD.OFC_18_3496D"
"Feb 20 2015  5:41PM","W_TB_I_12","TAG_36","","PHD.OFFI_18_3496C"
"Feb 20 2015  5:41PM","W_TB_I_12","GROUP","",""
"Feb 20 2015  5:41PM","W_TB_I_12","CLUSTER","",""
"Feb 20 2015  5:41PM","W_TB_I_12","QOILTARGET","","PHD.UR_18_3501A_X"
"Feb 20 2015  5:41PM","W_TB_I_12","QOILMIN","","PHD.URL_18_3501A_X"
"Feb 20 2015  5:41PM","W_TB_I_12","QOILMAX","","PHD.URH_18_3501A_X"
"Feb 20 2015  5:41PM","W_TB_I_12","QLIQTARGET","","PHD.UR_18_3501C_X"
"Feb 20 2015  5:41PM","W_TB_I_12","LIQMIN","","PHD.URL_18_3501C_X"
"Feb 20 2015  5:41PM","W_TB_I_12","QLIQMAX","","PHD.URH_18_3501C_X"
"Feb 20 2015  5:41PM","W_TB_I_13","EQUIPMENT_NAME","I13",""
"Feb 20 2015  5:41PM","W_TB_I_13","EQUIPMENT_DESC","I13- Troll B",""
"Feb 20 2015  5:41PM","W_TB_I_13","QOIL","","PHD.OFI_18_3596A"
"Feb 20 2015  5:41PM","W_TB_I_13","QWAT","","PHD.OFI_18_3596B"
"Feb 20 2015  5:41PM","W_TB_I_13","QLIQ","","PHD.OFI_18_3596C"
"Feb 20 2015  5:41PM","W_TB_I_13","QGAS","","PHD.OFI_18_3596D"
"Feb 20 2015  5:41PM","W_TB_I_13","WC","","PHD.OFFI_18_3596A"
"Feb 20 2015  5:41PM","W_TB_I_13","GOR","","PHD.OFFI_18_3596B"
"Feb 20 2015  5:41PM","W_TB_I_13","UCP","","PHD.PZI_18_3515"
"Feb 20 2015  5:41PM","W_TB_I_13","UCT","","PHD.TI_18_3523"
"Feb 20 2015  5:41PM","W_TB_I_13","DCP","","PHD.PZI_18_3517"
"Feb 20 2015  5:41PM","W_TB_I_13","DCT","","PHD.TI_18_3516"
"Feb 20 2015  5:41PM","W_TB_I_13","UCP_CALC","","PHD.NPY_18_3596B"
"Feb 20 2015  5:41PM","W_TB_I_13","UCT_CALC","","PHD.NTY_18_3596B"
"Feb 20 2015  5:41PM","W_TB_I_13","DCP_CALC","","PHD.NPY_18_3596C"
"Feb 20 2015  5:41PM","W_TB_I_13","DCT_CALC","","PHD.NTY_18_3596C"
"Feb 20 2015  5:41PM","W_TB_I_13","DP","","PHD.PDI_18_3506"
"Feb 20 2015  5:41PM","W_TB_I_13","CHOKE","","PHD.GI_18_3506A"
"Feb 20 2015  5:41PM","W_TB_I_13","CHOKE_CMD","","PHD.GI_18_3506B"
"Feb 20 2015  5:41PM","W_TB_I_13","CHOKE_CALC","","PHD.NGI_18_3506B"
"Feb 20 2015  5:41PM","W_TB_I_13","ERRF","","PHD.NFI_18_3596Z"
"Feb 20 2015  5:41PM","W_TB_I_13","MODUS","","PHD.HS_18_3506B"
"Feb 20 2015  5:41PM","W_TB_I_13","STATUS","","PHD.NI_18_3563"
"Feb 20 2015  5:41PM","W_TB_I_13","ROUTING","","PHD.GS_18_3509P"
"Feb 20 2015  5:41PM","W_TB_I_13","MeOH","","PHD.OFI_18_3596G"
"Feb 20 2015  5:41PM","W_TB_I_13","DHSVL","","PHD.GSH_18_3501"
"Feb 20 2015  5:41PM","W_TB_I_13","DHSVU","","PHD.GSH_18_3502"
"Feb 20 2015  5:41PM","W_TB_I_13","PMV","","PHD.GSH_18_3503"
"Feb 20 2015  5:41PM","W_TB_I_13","PWV","","PHD.GSH_18_3504"
"Feb 20 2015  5:41PM","W_TB_I_13","AMV","","PHD.GSH_18_3518"
"Feb 20 2015  5:41PM","W_TB_I_13","AWV","","PHD.GSH_18_3512"
"Feb 20 2015  5:41PM","W_TB_I_13","XOV","","PHD.GSH_18_3519"
"Feb 20 2015  5:41PM","W_TB_I_13","GLV","","PHD.GSH_18_3545"
"Feb 20 2015  5:41PM","W_TB_I_13","PCV","","PHD.GSL_18_35_06"
"Feb 20 2015  5:41PM","W_TB_I_13","PFORM_CALC","","PHD.NPY_18_3596A"
"Feb 20 2015  5:41PM","W_TB_I_13","TFORM_CALC","","PHD.NTY_18_3596A"
"Feb 20 2015  5:41PM","W_TB_I_13","CHOKE_POS_PER","","PHD.GI_18_3506E"
"Feb 20 2015  5:41PM","W_TB_I_13","TAG_32","","PHD.OFC_18_3596A"
"Feb 20 2015  5:41PM","W_TB_I_13","TAG_33","","PHD.OFC_18_3596B"
"Feb 20 2015  5:41PM","W_TB_I_13","TAG_34","","PHD.OFC_18_3596C"
"Feb 20 2015  5:41PM","W_TB_I_13","TAG_35","","PHD.OFC_18_3596D"
"Feb 20 2015  5:41PM","W_TB_I_13","TAG_36","","PHD.OFFI_18_3596C"
"Feb 20 2015  5:41PM","W_TB_I_13","GROUP","",""
"Feb 20 2015  5:41PM","W_TB_I_13","CLUSTER","",""
"Feb 20 2015  5:41PM","W_TB_I_13","QOILTARGET","","PHD.UR_18_3601A_X"
"Feb 20 2015  5:41PM","W_TB_I_13","QOILMIN","","PHD.URL_18_3601A_X"
"Feb 20 2015  5:41PM","W_TB_I_13","QOILMAX","","PHD.URH_18_3601A_X"
"Feb 20 2015  5:41PM","W_TB_I_13","QLIQTARGET","","PHD.UR_18_3601C_X"
"Feb 20 2015  5:41PM","W_TB_I_13","LIQMIN","","PHD.URL_18_3601C_X"
"Feb 20 2015  5:41PM","W_TB_I_13","QLIQMAX","","PHD.URH_18_3601C_X"
"Feb 20 2015  5:41PM","W_TB_I_14","EQUIPMENT_NAME","I14",""
"Feb 20 2015  5:41PM","W_TB_I_14","EQUIPMENT_DESC","I14- Troll B",""
"Feb 20 2015  5:41PM","W_TB_I_14","QOIL","","PHD.OFI_18_3696A"
"Feb 20 2015  5:41PM","W_TB_I_14","QWAT","","PHD.OFI_18_3696B"
"Feb 20 2015  5:41PM","W_TB_I_14","QLIQ","","PHD.OFI_18_3696C"
"Feb 20 2015  5:41PM","W_TB_I_14","QGAS","","PHD.OFI_18_3696D"
"Feb 20 2015  5:41PM","W_TB_I_14","WC","","PHD.OFFI_18_3696A"
"Feb 20 2015  5:41PM","W_TB_I_14","GOR","","PHD.OFFI_18_3696B"
"Feb 20 2015  5:41PM","W_TB_I_14","UCP","","PHD.PZI_18_3615"
"Feb 20 2015  5:41PM","W_TB_I_14","UCT","","PHD.TI_18_3623"
"Feb 20 2015  5:41PM","W_TB_I_14","DCP","","PHD.PZI_18_3617"
"Feb 20 2015  5:41PM","W_TB_I_14","DCT","","PHD.TI_18_3616"
"Feb 20 2015  5:41PM","W_TB_I_14","UCP_CALC","","PHD.NPY_18_3696B"
"Feb 20 2015  5:41PM","W_TB_I_14","UCT_CALC","","PHD.NTY_18_3696B"
"Feb 20 2015  5:41PM","W_TB_I_14","DCP_CALC","","PHD.NPY_18_3696C"
"Feb 20 2015  5:41PM","W_TB_I_14","DCT_CALC","","PHD.NTY_18_3696C"
"Feb 20 2015  5:41PM","W_TB_I_14","DP","","PHD.PDI_18_3606"
"Feb 20 2015  5:41PM","W_TB_I_14","CHOKE","","PHD.GI_18_3606A"
"Feb 20 2015  5:41PM","W_TB_I_14","CHOKE_CMD","","PHD.GI_18_3606B"
"Feb 20 2015  5:41PM","W_TB_I_14","CHOKE_CALC","","PHD.NGI_18_3606B"
"Feb 20 2015  5:41PM","W_TB_I_14","ERRF","","PHD.NFI_18_3696Z"
"Feb 20 2015  5:41PM","W_TB_I_14","MODUS","","PHD.HS_18_3606B"
"Feb 20 2015  5:41PM","W_TB_I_14","STATUS","","PHD.NI_18_3663"
"Feb 20 2015  5:41PM","W_TB_I_14","ROUTING","","PHD.GS_18_3609P"
"Feb 20 2015  5:41PM","W_TB_I_14","MeOH","","PHD.OFI_18_3696G"
"Feb 20 2015  5:41PM","W_TB_I_14","DHSVL","","PHD.GSH_18_3601"
"Feb 20 2015  5:41PM","W_TB_I_14","DHSVU","","PHD.GSH_18_3602"
"Feb 20 2015  5:41PM","W_TB_I_14","PMV","","PHD.GSH_18_3603"
"Feb 20 2015  5:41PM","W_TB_I_14","PWV","","PHD.GSH_18_3604"
"Feb 20 2015  5:41PM","W_TB_I_14","AMV","","PHD.GSH_18_3618"
"Feb 20 2015  5:41PM","W_TB_I_14","AWV","","PHD.GSH_18_3612"
"Feb 20 2015  5:41PM","W_TB_I_14","XOV","","PHD.GSH_18_3619"
"Feb 20 2015  5:41PM","W_TB_I_14","GLV","","PHD.GSH_18_3645"
"Feb 20 2015  5:41PM","W_TB_I_14","PCV","","PHD.GSL_18_36_06"
"Feb 20 2015  5:41PM","W_TB_I_14","PFORM_CALC","","PHD.NPY_18_3696A"
"Feb 20 2015  5:41PM","W_TB_I_14","TFORM_CALC","","PHD.NTY_18_3696A"
"Feb 20 2015  5:41PM","W_TB_I_14","CHOKE_POS_PER","","PHD.GI_18_3606E"
"Feb 20 2015  5:41PM","W_TB_I_14","TAG_32","","PHD.OFC_18_3696A"
"Feb 20 2015  5:41PM","W_TB_I_14","TAG_33","","PHD.OFC_18_3696B"
"Feb 20 2015  5:41PM","W_TB_I_14","TAG_34","","PHD.OFC_18_3696C"
"Feb 20 2015  5:41PM","W_TB_I_14","TAG_35","","PHD.OFC_18_3696D"
"Feb 20 2015  5:41PM","W_TB_I_14","TAG_36","","PHD.OFFI_18_3696C"
"Feb 20 2015  5:41PM","W_TB_I_14","GROUP","",""
"Feb 20 2015  5:41PM","W_TB_I_14","CLUSTER","",""
"Feb 20 2015  5:41PM","W_TB_I_14","QOILTARGET","","PHD.UR_18_3701A_X"
"Feb 20 2015  5:41PM","W_TB_I_14","QOILMIN","","PHD.URL_18_3701A_X"
"Feb 20 2015  5:41PM","W_TB_I_14","QOILMAX","","PHD.URH_18_3701A_X"
"Feb 20 2015  5:41PM","W_TB_I_14","QLIQTARGET","","PHD.UR_18_3701C_X"
"Feb 20 2015  5:41PM","W_TB_I_14","LIQMIN","","PHD.URL_18_3701C_X"
"Feb 20 2015  5:41PM","W_TB_I_14","QLIQMAX","","PHD.URH_18_3701C_X"
"Feb 20 2015  5:41PM","W_TB_I_21","EQUIPMENT_NAME","I21",""
"Feb 20 2015  5:41PM","W_TB_I_21","EQUIPMENT_DESC","I21- Troll B",""
"Feb 20 2015  5:41PM","W_TB_I_21","QOIL","","PHD.OFI_18_3796A"
"Feb 20 2015  5:41PM","W_TB_I_21","QWAT","","PHD.OFI_18_3796B"
"Feb 20 2015  5:41PM","W_TB_I_21","QLIQ","","PHD.OFI_18_3796C"
"Feb 20 2015  5:41PM","W_TB_I_21","QGAS","","PHD.OFI_18_3796D"
"Feb 20 2015  5:41PM","W_TB_I_21","WC","","PHD.OFFI_18_3796A"
"Feb 20 2015  5:41PM","W_TB_I_21","GOR","","PHD.OFFI_18_3796B"
"Feb 20 2015  5:41PM","W_TB_I_21","UCP","","PHD.PZI_18_3715"
"Feb 20 2015  5:41PM","W_TB_I_21","UCT","","PHD.TI_18_3723"
"Feb 20 2015  5:41PM","W_TB_I_21","DCP","","PHD.PZI_18_3717"
"Feb 20 2015  5:41PM","W_TB_I_21","DCT","","PHD.TI_18_3716"
"Feb 20 2015  5:41PM","W_TB_I_21","UCP_CALC","","PHD.NPY_18_3796B"
"Feb 20 2015  5:41PM","W_TB_I_21","UCT_CALC","","PHD.NTY_18_3796B"
"Feb 20 2015  5:41PM","W_TB_I_21","DCP_CALC","","PHD.NPY_18_3796C"
"Feb 20 2015  5:41PM","W_TB_I_21","DCT_CALC","","PHD.NTY_18_3796C"
"Feb 20 2015  5:41PM","W_TB_I_21","DP","","PHD.PDI_18_3706"
"Feb 20 2015  5:41PM","W_TB_I_21","CHOKE","","PHD.GI_18_3706A"
"Feb 20 2015  5:41PM","W_TB_I_21","CHOKE_CMD","","PHD.GI_18_3706B"
"Feb 20 2015  5:41PM","W_TB_I_21","CHOKE_CALC","","PHD.NGI_18_3706B"
"Feb 20 2015  5:41PM","W_TB_I_21","ERRF","","PHD.NFI_18_3796Z"
"Feb 20 2015  5:41PM","W_TB_I_21","MODUS","","PHD.HS_18_3706B"
"Feb 20 2015  5:41PM","W_TB_I_21","STATUS","","PHD.NI_18_3763"
"Feb 20 2015  5:41PM","W_TB_I_21","ROUTING","","PHD.GS_18_3709P"
"Feb 20 2015  5:41PM","W_TB_I_21","MeOH","","PHD.OFI_18_3796G"
"Feb 20 2015  5:41PM","W_TB_I_21","DHSVL","","PHD.GSH_18_3701"
"Feb 20 2015  5:41PM","W_TB_I_21","DHSVU","","PHD.GSH_18_3702"
"Feb 20 2015  5:41PM","W_TB_I_21","PMV","","PHD.GSH_18_3703"
"Feb 20 2015  5:41PM","W_TB_I_21","PWV","","PHD.GSH_18_3704"
"Feb 20 2015  5:41PM","W_TB_I_21","AMV","","PHD.GSH_18_3718"
"Feb 20 2015  5:41PM","W_TB_I_21","AWV","","PHD.GSH_18_3712"
"Feb 20 2015  5:41PM","W_TB_I_21","XOV","","PHD.GSH_18_3719"
"Feb 20 2015  5:41PM","W_TB_I_21","GLV","","PHD.GSH_18_3745"
"Feb 20 2015  5:41PM","W_TB_I_21","PCV","","PHD.GSL_18_37_06"
"Feb 20 2015  5:41PM","W_TB_I_21","PFORM_CALC","","PHD.NPY_18_3796A"
"Feb 20 2015  5:41PM","W_TB_I_21","TFORM_CALC","","PHD.NTY_18_3796A"
"Feb 20 2015  5:41PM","W_TB_I_21","CHOKE_POS_PER","","PHD.GI_18_3706E"
"Feb 20 2015  5:41PM","W_TB_I_21","TAG_32","","PHD.OFC_18_3796A"
"Feb 20 2015  5:41PM","W_TB_I_21","TAG_33","","PHD.OFC_18_3796B"
"Feb 20 2015  5:41PM","W_TB_I_21","TAG_34","","PHD.OFC_18_3796C"
"Feb 20 2015  5:41PM","W_TB_I_21","TAG_35","","PHD.OFC_18_3796D"
"Feb 20 2015  5:41PM","W_TB_I_21","TAG_36","","PHD.OFFI_18_3796C"
"Feb 20 2015  5:41PM","W_TB_I_21","GROUP","",""
"Feb 20 2015  5:41PM","W_TB_I_21","CLUSTER","",""
"Feb 20 2015  5:41PM","W_TB_I_21","QOILTARGET","","PHD.UR_18_3801A_X"
"Feb 20 2015  5:41PM","W_TB_I_21","QOILMIN","","PHD.URL_18_3801A_X"
"Feb 20 2015  5:41PM","W_TB_I_21","QOILMAX","","PHD.URH_18_3801A_X"
"Feb 20 2015  5:41PM","W_TB_I_21","QLIQTARGET","","PHD.UR_18_3801C_X"
"Feb 20 2015  5:41PM","W_TB_I_21","LIQMIN","","PHD.URL_18_3801C_X"
"Feb 20 2015  5:41PM","W_TB_I_21","QLIQMAX","","PHD.URH_18_3801C_X"
"Feb 20 2015  5:41PM","W_TB_I_22","EQUIPMENT_NAME","I22",""
"Feb 20 2015  5:41PM","W_TB_I_22","EQUIPMENT_DESC","I22- Troll B",""
"Feb 20 2015  5:41PM","W_TB_I_22","QOIL","","PHD.OFI_18_3896A"
"Feb 20 2015  5:41PM","W_TB_I_22","QWAT","","PHD.OFI_18_3896B"
"Feb 20 2015  5:41PM","W_TB_I_22","QLIQ","","PHD.OFI_18_3896C"
"Feb 20 2015  5:41PM","W_TB_I_22","QGAS","","PHD.OFI_18_3896D"
"Feb 20 2015  5:41PM","W_TB_I_22","WC","","PHD.OFFI_18_3896A"
"Feb 20 2015  5:41PM","W_TB_I_22","GOR","","PHD.OFFI_18_3896B"
"Feb 20 2015  5:41PM","W_TB_I_22","UCP","","PHD.PZI_18_3815"
"Feb 20 2015  5:41PM","W_TB_I_22","UCT","","PHD.TI_18_3823"
"Feb 20 2015  5:41PM","W_TB_I_22","DCP","","PHD.PZI_18_3817"
"Feb 20 2015  5:41PM","W_TB_I_22","DCT","","PHD.TI_18_3816"
"Feb 20 2015  5:41PM","W_TB_I_22","UCP_CALC","","PHD.NPY_18_3896B"
"Feb 20 2015  5:41PM","W_TB_I_22","UCT_CALC","","PHD.NTY_18_3896B"
"Feb 20 2015  5:41PM","W_TB_I_22","DCP_CALC","","PHD.NPY_18_3896C"
"Feb 20 2015  5:41PM","W_TB_I_22","DCT_CALC","","PHD.NTY_18_3896C"
"Feb 20 2015  5:41PM","W_TB_I_22","DP","","PHD.PDI_18_3806"
"Feb 20 2015  5:41PM","W_TB_I_22","CHOKE","","PHD.GI_18_3806A"
"Feb 20 2015  5:41PM","W_TB_I_22","CHOKE_CMD","","PHD.GI_18_3806B"
"Feb 20 2015  5:41PM","W_TB_I_22","CHOKE_CALC","","PHD.NGI_18_3806B"
"Feb 20 2015  5:41PM","W_TB_I_22","ERRF","","PHD.NFI_18_3896Z"
"Feb 20 2015  5:41PM","W_TB_I_22","MODUS","","PHD.HS_18_3806B"
"Feb 20 2015  5:41PM","W_TB_I_22","STATUS","","PHD.NI_18_3863"
"Feb 20 2015  5:41PM","W_TB_I_22","ROUTING","","PHD.GS_18_3809P"
"Feb 20 2015  5:41PM","W_TB_I_22","MeOH","","PHD.OFI_18_3896G"
"Feb 20 2015  5:41PM","W_TB_I_22","DHSVL","","PHD.GSH_18_3801"
"Feb 20 2015  5:41PM","W_TB_I_22","DHSVU","","PHD.GSH_18_3802"
"Feb 20 2015  5:41PM","W_TB_I_22","PMV","","PHD.GSH_18_3803"
"Feb 20 2015  5:41PM","W_TB_I_22","PWV","","PHD.GSH_18_3804"
"Feb 20 2015  5:41PM","W_TB_I_22","AMV","","PHD.GSH_18_3818"
"Feb 20 2015  5:41PM","W_TB_I_22","AWV","","PHD.GSH_18_3812"
"Feb 20 2015  5:41PM","W_TB_I_22","XOV","","PHD.GSH_18_3819"
"Feb 20 2015  5:41PM","W_TB_I_22","GLV","","PHD.GSH_18_3845"
"Feb 20 2015  5:41PM","W_TB_I_22","PCV","","PHD.GSL_18_38_06"
"Feb 20 2015  5:41PM","W_TB_I_22","PFORM_CALC","","PHD.NPY_18_3896A"
"Feb 20 2015  5:41PM","W_TB_I_22","TFORM_CALC","","PHD.NTY_18_3896A"
"Feb 20 2015  5:41PM","W_TB_I_22","CHOKE_POS_PER","","PHD.GI_18_3806E"
"Feb 20 2015  5:41PM","W_TB_I_22","TAG_32","","PHD.OFC_18_3896A"
"Feb 20 2015  5:41PM","W_TB_I_22","TAG_33","","PHD.OFC_18_3896B"
"Feb 20 2015  5:41PM","W_TB_I_22","TAG_34","","PHD.OFC_18_3896C"
"Feb 20 2015  5:41PM","W_TB_I_22","TAG_35","","PHD.OFC_18_3896D"
"Feb 20 2015  5:41PM","W_TB_I_22","TAG_36","","PHD.OFFI_18_3896C"
"Feb 20 2015  5:41PM","W_TB_I_22","GROUP","",""
"Feb 20 2015  5:41PM","W_TB_I_22","CLUSTER","",""
"Feb 20 2015  5:41PM","W_TB_I_22","QOILTARGET","","PHD.UR_18_3901A_X"
"Feb 20 2015  5:41PM","W_TB_I_22","QOILMIN","","PHD.URL_18_3901A_X"
"Feb 20 2015  5:41PM","W_TB_I_22","QOILMAX","","PHD.URH_18_3901A_X"
"Feb 20 2015  5:41PM","W_TB_I_22","QLIQTARGET","","PHD.UR_18_3901C_X"
"Feb 20 2015  5:41PM","W_TB_I_22","LIQMIN","","PHD.URL_18_3901C_X"
"Feb 20 2015  5:41PM","W_TB_I_22","QLIQMAX","","PHD.URH_18_3901C_X"
"Feb 20 2015  5:41PM","W_TB_I_23","EQUIPMENT_NAME","I23",""
"Feb 20 2015  5:41PM","W_TB_I_23","EQUIPMENT_DESC","I23- Troll B",""
"Feb 20 2015  5:41PM","W_TB_I_23","QOIL","","PHD.OFI_18_3996A"
"Feb 20 2015  5:41PM","W_TB_I_23","QWAT","","PHD.OFI_18_3996B"
"Feb 20 2015  5:41PM","W_TB_I_23","QLIQ","","PHD.OFI_18_3996C"
"Feb 20 2015  5:41PM","W_TB_I_23","QGAS","","PHD.OFI_18_3996D"
"Feb 20 2015  5:41PM","W_TB_I_23","WC","","PHD.OFFI_18_3996A"
"Feb 20 2015  5:41PM","W_TB_I_23","GOR","","PHD.OFFI_18_3996B"
"Feb 20 2015  5:41PM","W_TB_I_23","UCP","","PHD.PZI_18_3915"
"Feb 20 2015  5:41PM","W_TB_I_23","UCT","","PHD.TI_18_3923"
"Feb 20 2015  5:41PM","W_TB_I_23","DCP","","PHD.PZI_18_3917"
"Feb 20 2015  5:41PM","W_TB_I_23","DCT","","PHD.TI_18_3916"
"Feb 20 2015  5:41PM","W_TB_I_23","UCP_CALC","","PHD.NPY_18_3996B"
"Feb 20 2015  5:41PM","W_TB_I_23","UCT_CALC","","PHD.NTY_18_3996B"
"Feb 20 2015  5:41PM","W_TB_I_23","DCP_CALC","","PHD.NPY_18_3996C"
"Feb 20 2015  5:41PM","W_TB_I_23","DCT_CALC","","PHD.NTY_18_3996C"
"Feb 20 2015  5:41PM","W_TB_I_23","DP","","PHD.PDI_18_3906"
"Feb 20 2015  5:41PM","W_TB_I_23","CHOKE","","PHD.GI_18_3906A"
"Feb 20 2015  5:41PM","W_TB_I_23","CHOKE_CMD","","PHD.GI_18_3906B"
"Feb 20 2015  5:41PM","W_TB_I_23","CHOKE_CALC","","PHD.NGI_18_3906B"
"Feb 20 2015  5:41PM","W_TB_I_23","ERRF","","PHD.NFI_18_3996Z"
"Feb 20 2015  5:41PM","W_TB_I_23","MODUS","","PHD.HS_18_3906B"
"Feb 20 2015  5:41PM","W_TB_I_23","STATUS","","PHD.NI_18_3963"
"Feb 20 2015  5:41PM","W_TB_I_23","ROUTING","","PHD.GS_18_3909P"
"Feb 20 2015  5:41PM","W_TB_I_23","MeOH","","PHD.OFI_18_3996G"
"Feb 20 2015  5:41PM","W_TB_I_23","DHSVL","","PHD.GSH_18_3901"
"Feb 20 2015  5:41PM","W_TB_I_23","DHSVU","","PHD.GSH_18_3902"
"Feb 20 2015  5:41PM","W_TB_I_23","PMV","","PHD.GSH_18_3903"
"Feb 20 2015  5:41PM","W_TB_I_23","PWV","","PHD.GSH_18_3904"
"Feb 20 2015  5:41PM","W_TB_I_23","AMV","","PHD.GSH_18_3918"
"Feb 20 2015  5:41PM","W_TB_I_23","AWV","","PHD.GSH_18_3912"
"Feb 20 2015  5:41PM","W_TB_I_23","XOV","","PHD.GSH_18_3919"
"Feb 20 2015  5:41PM","W_TB_I_23","GLV","","PHD.GSH_18_3945"
"Feb 20 2015  5:41PM","W_TB_I_23","PCV","","PHD.GSL_18_39_06"
"Feb 20 2015  5:41PM","W_TB_I_23","PFORM_CALC","","PHD.NPY_18_3996A"
"Feb 20 2015  5:41PM","W_TB_I_23","TFORM_CALC","","PHD.NTY_18_3996A"
"Feb 20 2015  5:41PM","W_TB_I_23","CHOKE_POS_PER","","PHD.GI_18_3906E"
"Feb 20 2015  5:41PM","W_TB_I_23","TAG_32","","PHD.OFC_18_3996A"
"Feb 20 2015  5:41PM","W_TB_I_23","TAG_33","","PHD.OFC_18_3996B"
"Feb 20 2015  5:41PM","W_TB_I_23","TAG_34","","PHD.OFC_18_3996C"
"Feb 20 2015  5:41PM","W_TB_I_23","TAG_35","","PHD.OFC_18_3996D"
"Feb 20 2015  5:41PM","W_TB_I_23","TAG_36","","PHD.OFFI_18_3996C"
"Feb 20 2015  5:41PM","W_TB_I_23","GROUP","",""
"Feb 20 2015  5:41PM","W_TB_I_23","CLUSTER","",""
"Feb 20 2015  5:41PM","W_TB_I_23","QOILTARGET","","PHD.UR_18_4001A_X"
"Feb 20 2015  5:41PM","W_TB_I_23","QOILMIN","","PHD.URL_18_4001A_X"
"Feb 20 2015  5:41PM","W_TB_I_23","QOILMAX","","PHD.URH_18_4001A_X"
"Feb 20 2015  5:41PM","W_TB_I_23","QLIQTARGET","","PHD.UR_18_4001C_X"
"Feb 20 2015  5:41PM","W_TB_I_23","LIQMIN","","PHD.URL_18_4001C_X"
"Feb 20 2015  5:41PM","W_TB_I_23","QLIQMAX","","PHD.URH_18_4001C_X"
"Feb 20 2015  5:41PM","W_TB_I_32","EQUIPMENT_NAME","I32",""
"Feb 20 2015  5:41PM","W_TB_I_32","EQUIPMENT_DESC","I32- Troll B",""
"Feb 20 2015  5:41PM","W_TB_I_32","QOIL","","PHD.OFI_18_4096A"
"Feb 20 2015  5:41PM","W_TB_I_32","QWAT","","PHD.OFI_18_4096B"
"Feb 20 2015  5:41PM","W_TB_I_32","QLIQ","","PHD.OFI_18_4096C"
"Feb 20 2015  5:41PM","W_TB_I_32","QGAS","","PHD.OFI_18_4096D"
"Feb 20 2015  5:41PM","W_TB_I_32","WC","","PHD.OFFI_18_4096A"
"Feb 20 2015  5:41PM","W_TB_I_32","GOR","","PHD.OFFI_18_4096B"
"Feb 20 2015  5:41PM","W_TB_I_32","UCP","","PHD.PZI_18_4015"
"Feb 20 2015  5:41PM","W_TB_I_32","UCT","","PHD.TI_18_4023"
"Feb 20 2015  5:41PM","W_TB_I_32","DCP","","PHD.PZI_18_4017"
"Feb 20 2015  5:41PM","W_TB_I_32","DCT","","PHD.TI_18_4016"
"Feb 20 2015  5:41PM","W_TB_I_32","UCP_CALC","","PHD.NPY_18_4096B"
"Feb 20 2015  5:41PM","W_TB_I_32","UCT_CALC","","PHD.NTY_18_4096B"
"Feb 20 2015  5:41PM","W_TB_I_32","DCP_CALC","","PHD.NPY_18_4096C"
"Feb 20 2015  5:41PM","W_TB_I_32","DCT_CALC","","PHD.NTY_18_4096C"
"Feb 20 2015  5:41PM","W_TB_I_32","DP","","PHD.PDI_18_4006"
"Feb 20 2015  5:41PM","W_TB_I_32","CHOKE","","PHD.GI_18_4006A"
"Feb 20 2015  5:41PM","W_TB_I_32","CHOKE_CMD","","PHD.GI_18_4006B"
"Feb 20 2015  5:41PM","W_TB_I_32","CHOKE_CALC","","PHD.NGI_18_4006B"
"Feb 20 2015  5:41PM","W_TB_I_32","ERRF","","PHD.NFI_18_4096Z"
"Feb 20 2015  5:41PM","W_TB_I_32","MODUS","","PHD.HS_18_4006B"
"Feb 20 2015  5:41PM","W_TB_I_32","STATUS","","PHD.NI_18_4063"
"Feb 20 2015  5:41PM","W_TB_I_32","ROUTING","","PHD.GS_18_4009P"
"Feb 20 2015  5:41PM","W_TB_I_32","MeOH","","PHD.OFI_18_4096G"
"Feb 20 2015  5:41PM","W_TB_I_32","DHSVL","","PHD.GSH_18_4001"
"Feb 20 2015  5:41PM","W_TB_I_32","DHSVU","","PHD.GSH_18_4002"
"Feb 20 2015  5:41PM","W_TB_I_32","PMV","","PHD.GSH_18_4003"
"Feb 20 2015  5:41PM","W_TB_I_32","PWV","","PHD.GSH_18_4004"
"Feb 20 2015  5:41PM","W_TB_I_32","AMV","","PHD.GSH_18_4018"
"Feb 20 2015  5:41PM","W_TB_I_32","AWV","","PHD.GSH_18_4012"
"Feb 20 2015  5:41PM","W_TB_I_32","XOV","","PHD.GSH_18_4019"
"Feb 20 2015  5:41PM","W_TB_I_32","GLV","","PHD.GSH_18_4045"
"Feb 20 2015  5:41PM","W_TB_I_32","PCV","","PHD.GSL_18_40_06"
"Feb 20 2015  5:41PM","W_TB_I_32","PFORM_CALC","","PHD.NPY_18_4096A"
"Feb 20 2015  5:41PM","W_TB_I_32","TFORM_CALC","","PHD.NTY_18_4096A"
"Feb 20 2015  5:41PM","W_TB_I_32","CHOKE_POS_PER","","PHD.GI_18_4006E"
"Feb 20 2015  5:41PM","W_TB_I_32","TAG_32","","PHD.OFC_18_4096A"
"Feb 20 2015  5:41PM","W_TB_I_32","TAG_33","","PHD.OFC_18_4096B"
"Feb 20 2015  5:41PM","W_TB_I_32","TAG_34","","PHD.OFC_18_4096C"
"Feb 20 2015  5:41PM","W_TB_I_32","TAG_35","","PHD.OFC_18_4096D"
"Feb 20 2015  5:41PM","W_TB_I_32","TAG_36","","PHD.OFFI_18_4096C"
"Feb 20 2015  5:41PM","W_TB_I_32","GROUP","",""
"Feb 20 2015  5:41PM","W_TB_I_32","CLUSTER","",""
"Feb 20 2015  5:41PM","W_TB_I_32","QOILTARGET","","PHD.UR_18_4101A_X"
"Feb 20 2015  5:41PM","W_TB_I_32","QOILMIN","","PHD.URL_18_4101A_X"
"Feb 20 2015  5:41PM","W_TB_I_32","QOILMAX","","PHD.URH_18_4101A_X"
"Feb 20 2015  5:41PM","W_TB_I_32","QLIQTARGET","","PHD.UR_18_4101C_X"
"Feb 20 2015  5:41PM","W_TB_I_32","LIQMIN","","PHD.URL_18_4101C_X"
"Feb 20 2015  5:41PM","W_TB_I_32","QLIQMAX","","PHD.URH_18_4101C_X"
"Feb 20 2015  5:41PM","W_TB_J_11","EQUIPMENT_NAME","J11",""
"Feb 20 2015  5:41PM","W_TB_J_11","EQUIPMENT_DESC","J11- Troll B",""
"Feb 20 2015  5:41PM","W_TB_J_11","QOIL","","PHD.OFI_18_4196A"
"Feb 20 2015  5:41PM","W_TB_J_11","QWAT","","PHD.OFI_18_4196B"
"Feb 20 2015  5:41PM","W_TB_J_11","QLIQ","","PHD.OFI_18_4196C"
"Feb 20 2015  5:41PM","W_TB_J_11","QGAS","","PHD.OFI_18_4196D"
"Feb 20 2015  5:41PM","W_TB_J_11","WC","","PHD.OFFI_18_4196A"
"Feb 20 2015  5:41PM","W_TB_J_11","GOR","","PHD.OFFI_18_4196B"
"Feb 20 2015  5:41PM","W_TB_J_11","UCP","","PHD.PZI_18_4115"
"Feb 20 2015  5:41PM","W_TB_J_11","UCT","","PHD.TI_18_4123"
"Feb 20 2015  5:41PM","W_TB_J_11","DCP","","PHD.PZI_18_4117"
"Feb 20 2015  5:41PM","W_TB_J_11","DCT","","PHD.TI_18_4116"
"Feb 20 2015  5:41PM","W_TB_J_11","UCP_CALC","","PHD.NPY_18_4196B"
"Feb 20 2015  5:41PM","W_TB_J_11","UCT_CALC","","PHD.NTY_18_4196B"
"Feb 20 2015  5:41PM","W_TB_J_11","DCP_CALC","","PHD.NPY_18_4196C"
"Feb 20 2015  5:41PM","W_TB_J_11","DCT_CALC","","PHD.NTY_18_4196C"
"Feb 20 2015  5:41PM","W_TB_J_11","DP","","PHD.PDI_18_4106"
"Feb 20 2015  5:41PM","W_TB_J_11","CHOKE","","PHD.GI_18_4106A"
"Feb 20 2015  5:41PM","W_TB_J_11","CHOKE_CMD","","PHD.GI_18_4106B"
"Feb 20 2015  5:41PM","W_TB_J_11","CHOKE_CALC","","PHD.NGI_18_4106B"
"Feb 20 2015  5:41PM","W_TB_J_11","ERRF","","PHD.NFI_18_4196Z"
"Feb 20 2015  5:41PM","W_TB_J_11","MODUS","","PHD.HS_18_4106B"
"Feb 20 2015  5:41PM","W_TB_J_11","STATUS","","PHD.NI_18_4163"
"Feb 20 2015  5:41PM","W_TB_J_11","ROUTING","","PHD.GS_18_4109P"
"Feb 20 2015  5:41PM","W_TB_J_11","MeOH","","PHD.OFI_18_4196G"
"Feb 20 2015  5:41PM","W_TB_J_11","DHSVL","","PHD.GSH_18_4101"
"Feb 20 2015  5:41PM","W_TB_J_11","DHSVU","","PHD.GSH_18_4102"
"Feb 20 2015  5:41PM","W_TB_J_11","PMV","","PHD.GSH_18_4103"
"Feb 20 2015  5:41PM","W_TB_J_11","PWV","","PHD.GSH_18_4104"
"Feb 20 2015  5:41PM","W_TB_J_11","AMV","","PHD.GSH_18_4118"
"Feb 20 2015  5:41PM","W_TB_J_11","AWV","","PHD.GSH_18_4112"
"Feb 20 2015  5:41PM","W_TB_J_11","XOV","","PHD.GSH_18_4119"
"Feb 20 2015  5:41PM","W_TB_J_11","GLV","","PHD.GSH_18_4145"
"Feb 20 2015  5:41PM","W_TB_J_11","PCV","","PHD.GSL_18_41_06"
"Feb 20 2015  5:41PM","W_TB_J_11","PFORM_CALC","","PHD.NPY_18_4196A"
"Feb 20 2015  5:41PM","W_TB_J_11","TFORM_CALC","","PHD.NTY_18_4196A"
"Feb 20 2015  5:41PM","W_TB_J_11","CHOKE_POS_PER","","PHD.GI_18_4106E"
"Feb 20 2015  5:41PM","W_TB_J_11","TAG_32","","PHD.OFC_18_4196A"
"Feb 20 2015  5:41PM","W_TB_J_11","TAG_33","","PHD.OFC_18_4196B"
"Feb 20 2015  5:41PM","W_TB_J_11","TAG_34","","PHD.OFC_18_4196C"
"Feb 20 2015  5:41PM","W_TB_J_11","TAG_35","","PHD.OFC_18_4196D"
"Feb 20 2015  5:41PM","W_TB_J_11","TAG_36","","PHD.OFFI_18_4196C"
"Feb 20 2015  5:41PM","W_TB_J_11","GROUP","",""
"Feb 20 2015  5:41PM","W_TB_J_11","CLUSTER","",""
"Feb 20 2015  5:41PM","W_TB_J_11","QOILTARGET","","PHD.UR_18_4201A_X"
"Feb 20 2015  5:41PM","W_TB_J_11","QOILMIN","","PHD.URL_18_4201A_X"
"Feb 20 2015  5:41PM","W_TB_J_11","QOILMAX","","PHD.URH_18_4201A_X"
"Feb 20 2015  5:41PM","W_TB_J_11","QLIQTARGET","","PHD.UR_18_4201C_X"
"Feb 20 2015  5:41PM","W_TB_J_11","LIQMIN","","PHD.URL_18_4201C_X"
"Feb 20 2015  5:41PM","W_TB_J_11","QLIQMAX","","PHD.URH_18_4201C_X"
"Feb 20 2015  5:41PM","W_TB_J_12","EQUIPMENT_NAME","J12",""
"Feb 20 2015  5:41PM","W_TB_J_12","EQUIPMENT_DESC","J12- Troll B",""
"Feb 20 2015  5:41PM","W_TB_J_12","QOIL","","PHD.OFI_18_4296A"
"Feb 20 2015  5:41PM","W_TB_J_12","QWAT","","PHD.OFI_18_4296B"
"Feb 20 2015  5:41PM","W_TB_J_12","QLIQ","","PHD.OFI_18_4296C"
"Feb 20 2015  5:41PM","W_TB_J_12","QGAS","","PHD.OFI_18_4296D"
"Feb 20 2015  5:41PM","W_TB_J_12","WC","","PHD.OFFI_18_4296A"
"Feb 20 2015  5:41PM","W_TB_J_12","GOR","","PHD.OFFI_18_4296B"
"Feb 20 2015  5:41PM","W_TB_J_12","UCP","","PHD.PZI_18_4215"
"Feb 20 2015  5:41PM","W_TB_J_12","UCT","","PHD.TI_18_4223"
"Feb 20 2015  5:41PM","W_TB_J_12","DCP","","PHD.PZI_18_4217"
"Feb 20 2015  5:41PM","W_TB_J_12","DCT","","PHD.TI_18_4216"
"Feb 20 2015  5:41PM","W_TB_J_12","UCP_CALC","","PHD.NPY_18_4296B"
"Feb 20 2015  5:41PM","W_TB_J_12","UCT_CALC","","PHD.NTY_18_4296B"
"Feb 20 2015  5:41PM","W_TB_J_12","DCP_CALC","","PHD.NPY_18_4296C"
"Feb 20 2015  5:41PM","W_TB_J_12","DCT_CALC","","PHD.NTY_18_4296C"
"Feb 20 2015  5:41PM","W_TB_J_12","DP","","PHD.PDI_18_4206"
"Feb 20 2015  5:41PM","W_TB_J_12","CHOKE","","PHD.GI_18_4206A"
"Feb 20 2015  5:41PM","W_TB_J_12","CHOKE_CMD","","PHD.GI_18_4206B"
"Feb 20 2015  5:41PM","W_TB_J_12","CHOKE_CALC","","PHD.NGI_18_4206B"
"Feb 20 2015  5:41PM","W_TB_J_12","ERRF","","PHD.NFI_18_4296Z"
"Feb 20 2015  5:41PM","W_TB_J_12","MODUS","","PHD.HS_18_4206B"
"Feb 20 2015  5:41PM","W_TB_J_12","STATUS","","PHD.NI_18_4263"
"Feb 20 2015  5:41PM","W_TB_J_12","ROUTING","","PHD.GS_18_4209P"
"Feb 20 2015  5:41PM","W_TB_J_12","MeOH","","PHD.OFI_18_4296G"
"Feb 20 2015  5:41PM","W_TB_J_12","DHSVL","","PHD.GSH_18_4201"
"Feb 20 2015  5:41PM","W_TB_J_12","DHSVU","","PHD.GSH_18_4202"
"Feb 20 2015  5:41PM","W_TB_J_12","PMV","","PHD.GSH_18_4203"
"Feb 20 2015  5:41PM","W_TB_J_12","PWV","","PHD.GSH_18_4204"
"Feb 20 2015  5:41PM","W_TB_J_12","AMV","","PHD.GSH_18_4218"
"Feb 20 2015  5:41PM","W_TB_J_12","AWV","","PHD.GSH_18_4212"
"Feb 20 2015  5:41PM","W_TB_J_12","XOV","","PHD.GSH_18_4219"
"Feb 20 2015  5:41PM","W_TB_J_12","GLV","","PHD.GSH_18_4245"
"Feb 20 2015  5:41PM","W_TB_J_12","PCV","","PHD.GSL_18_42_06"
"Feb 20 2015  5:41PM","W_TB_J_12","PFORM_CALC","","PHD.NPY_18_4296A"
"Feb 20 2015  5:41PM","W_TB_J_12","TFORM_CALC","","PHD.NTY_18_4296A"
"Feb 20 2015  5:41PM","W_TB_J_12","CHOKE_POS_PER","","PHD.GI_18_4206E"
"Feb 20 2015  5:41PM","W_TB_J_12","TAG_32","","PHD.OFC_18_4296A"
"Feb 20 2015  5:41PM","W_TB_J_12","TAG_33","","PHD.OFC_18_4296B"
"Feb 20 2015  5:41PM","W_TB_J_12","TAG_34","","PHD.OFC_18_4296C"
"Feb 20 2015  5:41PM","W_TB_J_12","TAG_35","","PHD.OFC_18_4296D"
"Feb 20 2015  5:41PM","W_TB_J_12","TAG_36","","PHD.OFFI_18_4296C"
"Feb 20 2015  5:41PM","W_TB_J_12","GROUP","",""
"Feb 20 2015  5:41PM","W_TB_J_12","CLUSTER","",""
"Feb 20 2015  5:41PM","W_TB_J_12","QOILTARGET","","PHD.UR_18_4301A_X"
"Feb 20 2015  5:41PM","W_TB_J_12","QOILMIN","","PHD.URL_18_4301A_X"
"Feb 20 2015  5:41PM","W_TB_J_12","QOILMAX","","PHD.URH_18_4301A_X"
"Feb 20 2015  5:41PM","W_TB_J_12","QLIQTARGET","","PHD.UR_18_4301C_X"
"Feb 20 2015  5:41PM","W_TB_J_12","LIQMIN","","PHD.URL_18_4301C_X"
"Feb 20 2015  5:41PM","W_TB_J_12","QLIQMAX","","PHD.URH_18_4301C_X"
"Feb 20 2015  5:41PM","W_TB_J_13","EQUIPMENT_NAME","J13",""
"Feb 20 2015  5:41PM","W_TB_J_13","EQUIPMENT_DESC","J13- Troll B",""
"Feb 20 2015  5:41PM","W_TB_J_13","QOIL","","PHD.OFI_18_4396A"
"Feb 20 2015  5:41PM","W_TB_J_13","QWAT","","PHD.OFI_18_4396B"
"Feb 20 2015  5:41PM","W_TB_J_13","QLIQ","","PHD.OFI_18_4396C"
"Feb 20 2015  5:41PM","W_TB_J_13","QGAS","","PHD.OFI_18_4396D"
"Feb 20 2015  5:41PM","W_TB_J_13","WC","","PHD.OFFI_18_4396A"
"Feb 20 2015  5:41PM","W_TB_J_13","GOR","","PHD.OFFI_18_4396B"
"Feb 20 2015  5:41PM","W_TB_J_13","UCP","","PHD.PZI_18_4315"
"Feb 20 2015  5:41PM","W_TB_J_13","UCT","","PHD.TI_18_4323"
"Feb 20 2015  5:41PM","W_TB_J_13","DCP","","PHD.PZI_18_4317"
"Feb 20 2015  5:41PM","W_TB_J_13","DCT","","PHD.TI_18_4316"
"Feb 20 2015  5:41PM","W_TB_J_13","UCP_CALC","","PHD.NPY_18_4396B"
"Feb 20 2015  5:41PM","W_TB_J_13","UCT_CALC","","PHD.NTY_18_4396B"
"Feb 20 2015  5:41PM","W_TB_J_13","DCP_CALC","","PHD.NPY_18_4396C"
"Feb 20 2015  5:41PM","W_TB_J_13","DCT_CALC","","PHD.NTY_18_4396C"
"Feb 20 2015  5:41PM","W_TB_J_13","DP","","PHD.PDI_18_4306"
"Feb 20 2015  5:41PM","W_TB_J_13","CHOKE","","PHD.GI_18_4306A"
"Feb 20 2015  5:41PM","W_TB_J_13","CHOKE_CMD","","PHD.GI_18_4306B"
"Feb 20 2015  5:41PM","W_TB_J_13","CHOKE_CALC","","PHD.NGI_18_4306B"
"Feb 20 2015  5:41PM","W_TB_J_13","ERRF","","PHD.NFI_18_4396Z"
"Feb 20 2015  5:41PM","W_TB_J_13","MODUS","","PHD.HS_18_4306B"
"Feb 20 2015  5:41PM","W_TB_J_13","STATUS","","PHD.NI_18_4363"
"Feb 20 2015  5:41PM","W_TB_J_13","ROUTING","","PHD.GS_18_4309P"
"Feb 20 2015  5:41PM","W_TB_J_13","MeOH","","PHD.OFI_18_4396G"
"Feb 20 2015  5:41PM","W_TB_J_13","DHSVL","","PHD.GSH_18_4301"
"Feb 20 2015  5:41PM","W_TB_J_13","DHSVU","","PHD.GSH_18_4302"
"Feb 20 2015  5:41PM","W_TB_J_13","PMV","","PHD.GSH_18_4303"
"Feb 20 2015  5:41PM","W_TB_J_13","PWV","","PHD.GSH_18_4304"
"Feb 20 2015  5:41PM","W_TB_J_13","AMV","","PHD.GSH_18_4318"
"Feb 20 2015  5:41PM","W_TB_J_13","AWV","","PHD.GSH_18_4312"
"Feb 20 2015  5:41PM","W_TB_J_13","XOV","","PHD.GSH_18_4319"
"Feb 20 2015  5:41PM","W_TB_J_13","GLV","","PHD.GSH_18_4345"
"Feb 20 2015  5:41PM","W_TB_J_13","PCV","","PHD.GSL_18_43_06"
"Feb 20 2015  5:41PM","W_TB_J_13","PFORM_CALC","","PHD.NPY_18_4396A"
"Feb 20 2015  5:41PM","W_TB_J_13","TFORM_CALC","","PHD.NTY_18_4396A"
"Feb 20 2015  5:41PM","W_TB_J_13","CHOKE_POS_PER","","PHD.GI_18_4306E"
"Feb 20 2015  5:41PM","W_TB_J_13","TAG_32","","PHD.OFC_18_4396A"
"Feb 20 2015  5:41PM","W_TB_J_13","TAG_33","","PHD.OFC_18_4396B"
"Feb 20 2015  5:41PM","W_TB_J_13","TAG_34","","PHD.OFC_18_4396C"
"Feb 20 2015  5:41PM","W_TB_J_13","TAG_35","","PHD.OFC_18_4396D"
"Feb 20 2015  5:41PM","W_TB_J_13","TAG_36","","PHD.OFFI_18_4396C"
"Feb 20 2015  5:41PM","W_TB_J_13","GROUP","",""
"Feb 20 2015  5:41PM","W_TB_J_13","CLUSTER","",""
"Feb 20 2015  5:41PM","W_TB_J_13","QOILTARGET","","PHD.UR_18_4401A_X"
"Feb 20 2015  5:41PM","W_TB_J_13","QOILMIN","","PHD.URL_18_4401A_X"
"Feb 20 2015  5:41PM","W_TB_J_13","QOILMAX","","PHD.URH_18_4401A_X"
"Feb 20 2015  5:41PM","W_TB_J_13","QLIQTARGET","","PHD.UR_18_4401C_X"
"Feb 20 2015  5:41PM","W_TB_J_13","LIQMIN","","PHD.URL_18_4401C_X"
"Feb 20 2015  5:41PM","W_TB_J_13","QLIQMAX","","PHD.URH_18_4401C_X"
"Feb 20 2015  5:41PM","W_TB_J_14","EQUIPMENT_NAME","J14",""
"Feb 20 2015  5:41PM","W_TB_J_14","EQUIPMENT_DESC","J14- Troll B",""
"Feb 20 2015  5:41PM","W_TB_J_14","QOIL","","PHD.OFI_18_4496A"
"Feb 20 2015  5:41PM","W_TB_J_14","QWAT","","PHD.OFI_18_4496B"
"Feb 20 2015  5:41PM","W_TB_J_14","QLIQ","","PHD.OFI_18_4496C"
"Feb 20 2015  5:41PM","W_TB_J_14","QGAS","","PHD.OFI_18_4496D"
"Feb 20 2015  5:41PM","W_TB_J_14","WC","","PHD.OFFI_18_4496A"
"Feb 20 2015  5:41PM","W_TB_J_14","GOR","","PHD.OFFI_18_4496B"
"Feb 20 2015  5:41PM","W_TB_J_14","UCP","","PHD.PZI_18_4415"
"Feb 20 2015  5:41PM","W_TB_J_14","UCT","","PHD.TI_18_4423"
"Feb 20 2015  5:41PM","W_TB_J_14","DCP","","PHD.PZI_18_4417"
"Feb 20 2015  5:41PM","W_TB_J_14","DCT","","PHD.TI_18_4416"
"Feb 20 2015  5:41PM","W_TB_J_14","UCP_CALC","","PHD.NPY_18_4496B"
"Feb 20 2015  5:41PM","W_TB_J_14","UCT_CALC","","PHD.NTY_18_4496B"
"Feb 20 2015  5:41PM","W_TB_J_14","DCP_CALC","","PHD.NPY_18_4496C"
"Feb 20 2015  5:41PM","W_TB_J_14","DCT_CALC","","PHD.NTY_18_4496C"
"Feb 20 2015  5:41PM","W_TB_J_14","DP","","PHD.PDI_18_4406"
"Feb 20 2015  5:41PM","W_TB_J_14","CHOKE","","PHD.GI_18_4406A"
"Feb 20 2015  5:41PM","W_TB_J_14","CHOKE_CMD","","PHD.GI_18_4406B"
"Feb 20 2015  5:41PM","W_TB_J_14","CHOKE_CALC","","PHD.NGI_18_4406B"
"Feb 20 2015  5:41PM","W_TB_J_14","ERRF","","PHD.NFI_18_4496Z"
"Feb 20 2015  5:41PM","W_TB_J_14","MODUS","","PHD.HS_18_4406B"
"Feb 20 2015  5:41PM","W_TB_J_14","STATUS","","PHD.NI_18_4463"
"Feb 20 2015  5:41PM","W_TB_J_14","ROUTING","","PHD.GS_18_4409P"
"Feb 20 2015  5:41PM","W_TB_J_14","MeOH","","PHD.OFI_18_4496G"
"Feb 20 2015  5:41PM","W_TB_J_14","DHSVL","","PHD.GSH_18_4401"
"Feb 20 2015  5:41PM","W_TB_J_14","DHSVU","","PHD.GSH_18_4402"
"Feb 20 2015  5:41PM","W_TB_J_14","PMV","","PHD.GSH_18_4403"
"Feb 20 2015  5:41PM","W_TB_J_14","PWV","","PHD.GSH_18_4404"
"Feb 20 2015  5:41PM","W_TB_J_14","AMV","","PHD.GSH_18_4418"
"Feb 20 2015  5:41PM","W_TB_J_14","AWV","","PHD.GSH_18_4412"
"Feb 20 2015  5:41PM","W_TB_J_14","XOV","","PHD.GSH_18_4419"
"Feb 20 2015  5:41PM","W_TB_J_14","GLV","","PHD.GSH_18_4445"
"Feb 20 2015  5:41PM","W_TB_J_14","PCV","","PHD.GSL_18_44_06"
"Feb 20 2015  5:41PM","W_TB_J_14","PFORM_CALC","","PHD.NPY_18_4496A"
"Feb 20 2015  5:41PM","W_TB_J_14","TFORM_CALC","","PHD.NTY_18_4496A"
"Feb 20 2015  5:41PM","W_TB_J_14","CHOKE_POS_PER","","PHD.GI_18_4406E"
"Feb 20 2015  5:41PM","W_TB_J_14","TAG_32","","PHD.OFC_18_4496A"
"Feb 20 2015  5:41PM","W_TB_J_14","TAG_33","","PHD.OFC_18_4496B"
"Feb 20 2015  5:41PM","W_TB_J_14","TAG_34","","PHD.OFC_18_4496C"
"Feb 20 2015  5:41PM","W_TB_J_14","TAG_35","","PHD.OFC_18_4496D"
"Feb 20 2015  5:41PM","W_TB_J_14","TAG_36","","PHD.OFFI_18_4496C"
"Feb 20 2015  5:41PM","W_TB_J_14","GROUP","",""
"Feb 20 2015  5:41PM","W_TB_J_14","CLUSTER","",""
"Feb 20 2015  5:41PM","W_TB_J_14","QOILTARGET","","PHD.UR_18_4501A_X"
"Feb 20 2015  5:41PM","W_TB_J_14","QOILMIN","","PHD.URL_18_4501A_X"
"Feb 20 2015  5:41PM","W_TB_J_14","QOILMAX","","PHD.URH_18_4501A_X"
"Feb 20 2015  5:41PM","W_TB_J_14","QLIQTARGET","","PHD.UR_18_4501C_X"
"Feb 20 2015  5:41PM","W_TB_J_14","LIQMIN","","PHD.URL_18_4501C_X"
"Feb 20 2015  5:41PM","W_TB_J_14","QLIQMAX","","PHD.URH_18_4501C_X"
"Feb 20 2015  5:41PM","W_TB_J_21","EQUIPMENT_NAME","J21",""
"Feb 20 2015  5:41PM","W_TB_J_21","EQUIPMENT_DESC","J21- Troll B",""
"Feb 20 2015  5:41PM","W_TB_J_21","QOIL","","PHD.OFI_18_4596A"
"Feb 20 2015  5:41PM","W_TB_J_21","QWAT","","PHD.OFI_18_4596B"
"Feb 20 2015  5:41PM","W_TB_J_21","QLIQ","","PHD.OFI_18_4596C"
"Feb 20 2015  5:41PM","W_TB_J_21","QGAS","","PHD.OFI_18_4596D"
"Feb 20 2015  5:41PM","W_TB_J_21","WC","","PHD.OFFI_18_4596A"
"Feb 20 2015  5:41PM","W_TB_J_21","GOR","","PHD.OFFI_18_4596B"
"Feb 20 2015  5:41PM","W_TB_J_21","UCP","","PHD.PZI_18_4515"
"Feb 20 2015  5:41PM","W_TB_J_21","UCT","","PHD.TI_18_4523"
"Feb 20 2015  5:41PM","W_TB_J_21","DCP","","PHD.PZI_18_4517"
"Feb 20 2015  5:41PM","W_TB_J_21","DCT","","PHD.TI_18_4516"
"Feb 20 2015  5:41PM","W_TB_J_21","UCP_CALC","","PHD.NPY_18_4596B"
"Feb 20 2015  5:41PM","W_TB_J_21","UCT_CALC","","PHD.NTY_18_4596B"
"Feb 20 2015  5:41PM","W_TB_J_21","DCP_CALC","","PHD.NPY_18_4596C"
"Feb 20 2015  5:41PM","W_TB_J_21","DCT_CALC","","PHD.NTY_18_4596C"
"Feb 20 2015  5:41PM","W_TB_J_21","DP","","PHD.PDI_18_4506"
"Feb 20 2015  5:41PM","W_TB_J_21","CHOKE","","PHD.GI_18_4506A"
"Feb 20 2015  5:41PM","W_TB_J_21","CHOKE_CMD","","PHD.GI_18_4506B"
"Feb 20 2015  5:41PM","W_TB_J_21","CHOKE_CALC","","PHD.NGI_18_4506B"
"Feb 20 2015  5:41PM","W_TB_J_21","ERRF","","PHD.NFI_18_4596Z"
"Feb 20 2015  5:41PM","W_TB_J_21","MODUS","","PHD.HS_18_4506B"
"Feb 20 2015  5:41PM","W_TB_J_21","STATUS","","PHD.NI_18_4563"
"Feb 20 2015  5:41PM","W_TB_J_21","ROUTING","","PHD.GS_18_4509P"
"Feb 20 2015  5:41PM","W_TB_J_21","MeOH","","PHD.OFI_18_4596G"
"Feb 20 2015  5:41PM","W_TB_J_21","DHSVL","","PHD.GSH_18_4501"
"Feb 20 2015  5:41PM","W_TB_J_21","DHSVU","","PHD.GSH_18_4502"
"Feb 20 2015  5:41PM","W_TB_J_21","PMV","","PHD.GSH_18_4503"
"Feb 20 2015  5:41PM","W_TB_J_21","PWV","","PHD.GSH_18_4504"
"Feb 20 2015  5:41PM","W_TB_J_21","AMV","","PHD.GSH_18_4518"
"Feb 20 2015  5:41PM","W_TB_J_21","AWV","","PHD.GSH_18_4512"
"Feb 20 2015  5:41PM","W_TB_J_21","XOV","","PHD.GSH_18_4519"
"Feb 20 2015  5:41PM","W_TB_J_21","GLV","","PHD.GSH_18_4545"
"Feb 20 2015  5:41PM","W_TB_J_21","PCV","","PHD.GSL_18_45_06"
"Feb 20 2015  5:41PM","W_TB_J_21","PFORM_CALC","","PHD.NPY_18_4596A"
"Feb 20 2015  5:41PM","W_TB_J_21","TFORM_CALC","","PHD.NTY_18_4596A"
"Feb 20 2015  5:41PM","W_TB_J_21","CHOKE_POS_PER","","PHD.GI_18_4506E"
"Feb 20 2015  5:41PM","W_TB_J_21","TAG_32","","PHD.OFC_18_4596A"
"Feb 20 2015  5:41PM","W_TB_J_21","TAG_33","","PHD.OFC_18_4596B"
"Feb 20 2015  5:41PM","W_TB_J_21","TAG_34","","PHD.OFC_18_4596C"
"Feb 20 2015  5:41PM","W_TB_J_21","TAG_35","","PHD.OFC_18_4596D"
"Feb 20 2015  5:41PM","W_TB_J_21","TAG_36","","PHD.OFFI_18_4596C"
"Feb 20 2015  5:41PM","W_TB_J_21","GROUP","",""
"Feb 20 2015  5:41PM","W_TB_J_21","CLUSTER","",""
"Feb 20 2015  5:41PM","W_TB_J_21","QOILTARGET","","PHD.UR_18_4601A_X"
"Feb 20 2015  5:41PM","W_TB_J_21","QOILMIN","","PHD.URL_18_4601A_X"
"Feb 20 2015  5:41PM","W_TB_J_21","QOILMAX","","PHD.URH_18_4601A_X"
"Feb 20 2015  5:41PM","W_TB_J_21","QLIQTARGET","","PHD.UR_18_4601C_X"
"Feb 20 2015  5:41PM","W_TB_J_21","LIQMIN","","PHD.URL_18_4601C_X"
"Feb 20 2015  5:41PM","W_TB_J_21","QLIQMAX","","PHD.URH_18_4601C_X"
"Feb 20 2015  5:41PM","W_TB_J_22","EQUIPMENT_NAME","J22",""
"Feb 20 2015  5:41PM","W_TB_J_22","EQUIPMENT_DESC","J22- Troll B",""
"Feb 20 2015  5:41PM","W_TB_J_22","QOIL","","PHD.OFI_18_4696A"
"Feb 20 2015  5:41PM","W_TB_J_22","QWAT","","PHD.OFI_18_4696B"
"Feb 20 2015  5:41PM","W_TB_J_22","QLIQ","","PHD.OFI_18_4696C"
"Feb 20 2015  5:41PM","W_TB_J_22","QGAS","","PHD.OFI_18_4696D"
"Feb 20 2015  5:41PM","W_TB_J_22","WC","","PHD.OFFI_18_4696A"
"Feb 20 2015  5:41PM","W_TB_J_22","GOR","","PHD.OFFI_18_4696B"
"Feb 20 2015  5:41PM","W_TB_J_22","UCP","","PHD.PZI_18_4615"
"Feb 20 2015  5:41PM","W_TB_J_22","UCT","","PHD.TI_18_4623"
"Feb 20 2015  5:41PM","W_TB_J_22","DCP","","PHD.PZI_18_4617"
"Feb 20 2015  5:41PM","W_TB_J_22","DCT","","PHD.TI_18_4616"
"Feb 20 2015  5:41PM","W_TB_J_22","UCP_CALC","","PHD.NPY_18_4696B"
"Feb 20 2015  5:41PM","W_TB_J_22","UCT_CALC","","PHD.NTY_18_4696B"
"Feb 20 2015  5:41PM","W_TB_J_22","DCP_CALC","","PHD.NPY_18_4696C"
"Feb 20 2015  5:41PM","W_TB_J_22","DCT_CALC","","PHD.NTY_18_4696C"
"Feb 20 2015  5:41PM","W_TB_J_22","DP","","PHD.PDI_18_4606"
"Feb 20 2015  5:41PM","W_TB_J_22","CHOKE","","PHD.GI_18_4606A"
"Feb 20 2015  5:41PM","W_TB_J_22","CHOKE_CMD","","PHD.GI_18_4606B"
"Feb 20 2015  5:41PM","W_TB_J_22","CHOKE_CALC","","PHD.NGI_18_4606B"
"Feb 20 2015  5:41PM","W_TB_J_22","ERRF","","PHD.NFI_18_4696Z"
"Feb 20 2015  5:41PM","W_TB_J_22","MODUS","","PHD.HS_18_4606B"
"Feb 20 2015  5:41PM","W_TB_J_22","STATUS","","PHD.NI_18_4663"
"Feb 20 2015  5:41PM","W_TB_J_22","ROUTING","","PHD.GS_18_4609P"
"Feb 20 2015  5:41PM","W_TB_J_22","MeOH","","PHD.OFI_18_4696G"
"Feb 20 2015  5:41PM","W_TB_J_22","DHSVL","","PHD.GSH_18_4601"
"Feb 20 2015  5:41PM","W_TB_J_22","DHSVU","","PHD.GSH_18_4602"
"Feb 20 2015  5:41PM","W_TB_J_22","PMV","","PHD.GSH_18_4603"
"Feb 20 2015  5:41PM","W_TB_J_22","PWV","","PHD.GSH_18_4604"
"Feb 20 2015  5:41PM","W_TB_J_22","AMV","","PHD.GSH_18_4618"
"Feb 20 2015  5:41PM","W_TB_J_22","AWV","","PHD.GSH_18_4612"
"Feb 20 2015  5:41PM","W_TB_J_22","XOV","","PHD.GSH_18_4619"
"Feb 20 2015  5:41PM","W_TB_J_22","GLV","","PHD.GSH_18_4645"
"Feb 20 2015  5:41PM","W_TB_J_22","PCV","","PHD.GSL_18_46_06"
"Feb 20 2015  5:41PM","W_TB_J_22","PFORM_CALC","","PHD.NPY_18_4696A"
"Feb 20 2015  5:41PM","W_TB_J_22","TFORM_CALC","","PHD.NTY_18_4696A"
"Feb 20 2015  5:41PM","W_TB_J_22","CHOKE_POS_PER","","PHD.GI_18_4606E"
"Feb 20 2015  5:41PM","W_TB_J_22","TAG_32","","PHD.OFC_18_4696A"
"Feb 20 2015  5:41PM","W_TB_J_22","TAG_33","","PHD.OFC_18_4696B"
"Feb 20 2015  5:41PM","W_TB_J_22","TAG_34","","PHD.OFC_18_4696C"
"Feb 20 2015  5:41PM","W_TB_J_22","TAG_35","","PHD.OFC_18_4696D"
"Feb 20 2015  5:41PM","W_TB_J_22","TAG_36","","PHD.OFFI_18_4696C"
"Feb 20 2015  5:41PM","W_TB_J_22","GROUP","",""
"Feb 20 2015  5:41PM","W_TB_J_22","CLUSTER","",""
"Feb 20 2015  5:41PM","W_TB_J_22","QOILTARGET","","PHD.UR_18_4701A_X"
"Feb 20 2015  5:41PM","W_TB_J_22","QOILMIN","","PHD.URL_18_4701A_X"
"Feb 20 2015  5:41PM","W_TB_J_22","QOILMAX","","PHD.URH_18_4701A_X"
"Feb 20 2015  5:41PM","W_TB_J_22","QLIQTARGET","","PHD.UR_18_4701C_X"
"Feb 20 2015  5:41PM","W_TB_J_22","LIQMIN","","PHD.URL_18_4701C_X"
"Feb 20 2015  5:41PM","W_TB_J_22","QLIQMAX","","PHD.URH_18_4701C_X"
"Feb 20 2015  5:41PM","W_TB_J_23","EQUIPMENT_NAME","J23",""
"Feb 20 2015  5:41PM","W_TB_J_23","EQUIPMENT_DESC","J23- Troll B",""
"Feb 20 2015  5:41PM","W_TB_J_23","QOIL","","PHD.OFI_18_4796A"
"Feb 20 2015  5:41PM","W_TB_J_23","QWAT","","PHD.OFI_18_4796B"
"Feb 20 2015  5:41PM","W_TB_J_23","QLIQ","","PHD.OFI_18_4796C"
"Feb 20 2015  5:41PM","W_TB_J_23","QGAS","","PHD.OFI_18_4796D"
"Feb 20 2015  5:41PM","W_TB_J_23","WC","","PHD.OFFI_18_4796A"
"Feb 20 2015  5:41PM","W_TB_J_23","GOR","","PHD.OFFI_18_4796B"
"Feb 20 2015  5:41PM","W_TB_J_23","UCP","","PHD.PZI_18_4715"
"Feb 20 2015  5:41PM","W_TB_J_23","UCT","","PHD.TI_18_4723"
"Feb 20 2015  5:41PM","W_TB_J_23","DCP","","PHD.PZI_18_4717"
"Feb 20 2015  5:41PM","W_TB_J_23","DCT","","PHD.TI_18_4716"
"Feb 20 2015  5:41PM","W_TB_J_23","UCP_CALC","","PHD.NPY_18_4796B"
"Feb 20 2015  5:41PM","W_TB_J_23","UCT_CALC","","PHD.NTY_18_4796B"
"Feb 20 2015  5:41PM","W_TB_J_23","DCP_CALC","","PHD.NPY_18_4796C"
"Feb 20 2015  5:41PM","W_TB_J_23","DCT_CALC","","PHD.NTY_18_4796C"
"Feb 20 2015  5:41PM","W_TB_J_23","DP","","PHD.PDI_18_4706"
"Feb 20 2015  5:41PM","W_TB_J_23","CHOKE","","PHD.GI_18_4706A"
"Feb 20 2015  5:41PM","W_TB_J_23","CHOKE_CMD","","PHD.GI_18_4706B"
"Feb 20 2015  5:41PM","W_TB_J_23","CHOKE_CALC","","PHD.NGI_18_4706B"
"Feb 20 2015  5:41PM","W_TB_J_23","ERRF","","PHD.NFI_18_4796Z"
"Feb 20 2015  5:41PM","W_TB_J_23","MODUS","","PHD.HS_18_4706B"
"Feb 20 2015  5:41PM","W_TB_J_23","STATUS","","PHD.NI_18_4763"
"Feb 20 2015  5:41PM","W_TB_J_23","ROUTING","","PHD.GS_18_4709P"
"Feb 20 2015  5:41PM","W_TB_J_23","MeOH","","PHD.OFI_18_4796G"
"Feb 20 2015  5:41PM","W_TB_J_23","DHSVL","","PHD.GSH_18_4701"
"Feb 20 2015  5:41PM","W_TB_J_23","DHSVU","","PHD.GSH_18_4702"
"Feb 20 2015  5:41PM","W_TB_J_23","PMV","","PHD.GSH_18_4703"
"Feb 20 2015  5:41PM","W_TB_J_23","PWV","","PHD.GSH_18_4704"
"Feb 20 2015  5:41PM","W_TB_J_23","AMV","","PHD.GSH_18_4718"
"Feb 20 2015  5:41PM","W_TB_J_23","AWV","","PHD.GSH_18_4712"
"Feb 20 2015  5:41PM","W_TB_J_23","XOV","","PHD.GSH_18_4719"
"Feb 20 2015  5:41PM","W_TB_J_23","GLV","","PHD.GSH_18_4745"
"Feb 20 2015  5:41PM","W_TB_J_23","PCV","","PHD.GSL_18_47_06"
"Feb 20 2015  5:41PM","W_TB_J_23","PFORM_CALC","","PHD.NPY_18_4796A"
"Feb 20 2015  5:41PM","W_TB_J_23","TFORM_CALC","","PHD.NTY_18_4796A"
"Feb 20 2015  5:41PM","W_TB_J_23","CHOKE_POS_PER","","PHD.GI_18_4706E"
"Feb 20 2015  5:41PM","W_TB_J_23","TAG_32","","PHD.OFC_18_4796A"
"Feb 20 2015  5:41PM","W_TB_J_23","TAG_33","","PHD.OFC_18_4796B"
"Feb 20 2015  5:41PM","W_TB_J_23","TAG_34","","PHD.OFC_18_4796C"
"Feb 20 2015  5:41PM","W_TB_J_23","TAG_35","","PHD.OFC_18_4796D"
"Feb 20 2015  5:41PM","W_TB_J_23","TAG_36","","PHD.OFFI_18_4796C"
"Feb 20 2015  5:41PM","W_TB_J_23","GROUP","",""
"Feb 20 2015  5:41PM","W_TB_J_23","CLUSTER","",""
"Feb 20 2015  5:41PM","W_TB_J_23","QOILTARGET","","PHD.UR_18_4801A_X"
"Feb 20 2015  5:41PM","W_TB_J_23","QOILMIN","","PHD.URL_18_4801A_X"
"Feb 20 2015  5:41PM","W_TB_J_23","QOILMAX","","PHD.URH_18_4801A_X"
"Feb 20 2015  5:41PM","W_TB_J_23","QLIQTARGET","","PHD.UR_18_4801C_X"
"Feb 20 2015  5:41PM","W_TB_J_23","LIQMIN","","PHD.URL_18_4801C_X"
"Feb 20 2015  5:41PM","W_TB_J_23","QLIQMAX","","PHD.URH_18_4801C_X"
"Feb 20 2015  5:41PM","W_TB_J_24","EQUIPMENT_NAME","J24",""
"Feb 20 2015  5:41PM","W_TB_J_24","EQUIPMENT_DESC","J24- Troll B",""
"Feb 20 2015  5:41PM","W_TB_J_24","QOIL","","PHD.OFI_18_4896A"
"Feb 20 2015  5:41PM","W_TB_J_24","QWAT","","PHD.OFI_18_4896B"
"Feb 20 2015  5:41PM","W_TB_J_24","QLIQ","","PHD.OFI_18_4896C"
"Feb 20 2015  5:41PM","W_TB_J_24","QGAS","","PHD.OFI_18_4896D"
"Feb 20 2015  5:41PM","W_TB_J_24","WC","","PHD.OFFI_18_4896A"
"Feb 20 2015  5:41PM","W_TB_J_24","GOR","","PHD.OFFI_18_4896B"
"Feb 20 2015  5:41PM","W_TB_J_24","UCP","","PHD.PZI_18_4815"
"Feb 20 2015  5:41PM","W_TB_J_24","UCT","","PHD.TI_18_4823"
"Feb 20 2015  5:41PM","W_TB_J_24","DCP","","PHD.PZI_18_4817"
"Feb 20 2015  5:41PM","W_TB_J_24","DCT","","PHD.TI_18_4816"
"Feb 20 2015  5:41PM","W_TB_J_24","UCP_CALC","","PHD.NPY_18_4896B"
"Feb 20 2015  5:41PM","W_TB_J_24","UCT_CALC","","PHD.NTY_18_4896B"
"Feb 20 2015  5:41PM","W_TB_J_24","DCP_CALC","","PHD.NPY_18_4896C"
"Feb 20 2015  5:41PM","W_TB_J_24","DCT_CALC","","PHD.NTY_18_4896C"
"Feb 20 2015  5:41PM","W_TB_J_24","DP","","PHD.PDI_18_4806"
"Feb 20 2015  5:41PM","W_TB_J_24","CHOKE","","PHD.GI_18_4806A"
"Feb 20 2015  5:41PM","W_TB_J_24","CHOKE_CMD","","PHD.GI_18_4806B"
"Feb 20 2015  5:41PM","W_TB_J_24","CHOKE_CALC","","PHD.NGI_18_4806B"
"Feb 20 2015  5:41PM","W_TB_J_24","ERRF","","PHD.NFI_18_4896Z"
"Feb 20 2015  5:41PM","W_TB_J_24","MODUS","","PHD.HS_18_4806B"
"Feb 20 2015  5:41PM","W_TB_J_24","STATUS","","PHD.NI_18_4863"
"Feb 20 2015  5:41PM","W_TB_J_24","ROUTING","","PHD.GS_18_4809P"
"Feb 20 2015  5:41PM","W_TB_J_24","MeOH","","PHD.OFI_18_4896G"
"Feb 20 2015  5:41PM","W_TB_J_24","DHSVL","","PHD.GSH_18_4801"
"Feb 20 2015  5:41PM","W_TB_J_24","DHSVU","","PHD.GSH_18_4802"
"Feb 20 2015  5:41PM","W_TB_J_24","PMV","","PHD.GSH_18_4803"
"Feb 20 2015  5:41PM","W_TB_J_24","PWV","","PHD.GSH_18_4804"
"Feb 20 2015  5:41PM","W_TB_J_24","AMV","","PHD.GSH_18_4818"
"Feb 20 2015  5:41PM","W_TB_J_24","AWV","","PHD.GSH_18_4812"
"Feb 20 2015  5:41PM","W_TB_J_24","XOV","","PHD.GSH_18_4819"
"Feb 20 2015  5:41PM","W_TB_J_24","GLV","","PHD.GSH_18_4845"
"Feb 20 2015  5:41PM","W_TB_J_24","PCV","","PHD.GSL_18_48_06"
"Feb 20 2015  5:41PM","W_TB_J_24","PFORM_CALC","","PHD.NPY_18_4896A"
"Feb 20 2015  5:41PM","W_TB_J_24","TFORM_CALC","","PHD.NTY_18_4896A"
"Feb 20 2015  5:41PM","W_TB_J_24","CHOKE_POS_PER","","PHD.GI_18_4806E"
"Feb 20 2015  5:41PM","W_TB_J_24","TAG_32","","PHD.OFC_18_4896A"
"Feb 20 2015  5:41PM","W_TB_J_24","TAG_33","","PHD.OFC_18_4896B"
"Feb 20 2015  5:41PM","W_TB_J_24","TAG_34","","PHD.OFC_18_4896C"
"Feb 20 2015  5:41PM","W_TB_J_24","TAG_35","","PHD.OFC_18_4896D"
"Feb 20 2015  5:41PM","W_TB_J_24","TAG_36","","PHD.OFFI_18_4896C"
"Feb 20 2015  5:41PM","W_TB_J_24","GROUP","",""
"Feb 20 2015  5:41PM","W_TB_J_24","CLUSTER","",""
"Feb 20 2015  5:41PM","W_TB_J_24","QOILTARGET","","PHD.UR_18_4901A_X"
"Feb 20 2015  5:41PM","W_TB_J_24","QOILMIN","","PHD.URL_18_4901A_X"
"Feb 20 2015  5:41PM","W_TB_J_24","QOILMAX","","PHD.URH_18_4901A_X"
"Feb 20 2015  5:41PM","W_TB_J_24","QLIQTARGET","","PHD.UR_18_4901C_X"
"Feb 20 2015  5:41PM","W_TB_J_24","LIQMIN","","PHD.URL_18_4901C_X"
"Feb 20 2015  5:41PM","W_TB_J_24","QLIQMAX","","PHD.URH_18_4901C_X"
"Feb 20 2015  5:41PM","W_TB_K_11","EQUIPMENT_NAME","K11",""
"Feb 20 2015  5:41PM","W_TB_K_11","EQUIPMENT_DESC","K11- Troll B",""
"Feb 20 2015  5:41PM","W_TB_K_11","QOIL","","PHD.OFI_18_4996A"
"Feb 20 2015  5:41PM","W_TB_K_11","QWAT","","PHD.OFI_18_4996B"
"Feb 20 2015  5:41PM","W_TB_K_11","QLIQ","","PHD.OFI_18_4996C"
"Feb 20 2015  5:41PM","W_TB_K_11","QGAS","","PHD.OFI_18_4996D"
"Feb 20 2015  5:41PM","W_TB_K_11","WC","","PHD.OFFI_18_4996A"
"Feb 20 2015  5:41PM","W_TB_K_11","GOR","","PHD.OFFI_18_4996B"
"Feb 20 2015  5:41PM","W_TB_K_11","UCP","","PHD.PZI_18_4915"
"Feb 20 2015  5:41PM","W_TB_K_11","UCT","","PHD.TI_18_4923"
"Feb 20 2015  5:41PM","W_TB_K_11","DCP","","PHD.PZI_18_4917"
"Feb 20 2015  5:41PM","W_TB_K_11","DCT","","PHD.TI_18_4916"
"Feb 20 2015  5:41PM","W_TB_K_11","UCP_CALC","","PHD.NPY_18_4996B"
"Feb 20 2015  5:41PM","W_TB_K_11","UCT_CALC","","PHD.NTY_18_4996B"
"Feb 20 2015  5:41PM","W_TB_K_11","DCP_CALC","","PHD.NPY_18_4996C"
"Feb 20 2015  5:41PM","W_TB_K_11","DCT_CALC","","PHD.NTY_18_4996C"
"Feb 20 2015  5:41PM","W_TB_K_11","DP","","PHD.PDI_18_4906"
"Feb 20 2015  5:41PM","W_TB_K_11","CHOKE","","PHD.GI_18_4906A"
"Feb 20 2015  5:41PM","W_TB_K_11","CHOKE_CMD","","PHD.GI_18_4906B"
"Feb 20 2015  5:41PM","W_TB_K_11","CHOKE_CALC","","PHD.NGI_18_4906B"
"Feb 20 2015  5:41PM","W_TB_K_11","ERRF","","PHD.NFI_18_4996Z"
"Feb 20 2015  5:41PM","W_TB_K_11","MODUS","","PHD.HS_18_4906B"
"Feb 20 2015  5:41PM","W_TB_K_11","STATUS","","PHD.NI_18_4963"
"Feb 20 2015  5:41PM","W_TB_K_11","ROUTING","","PHD.GS_18_4909P"
"Feb 20 2015  5:41PM","W_TB_K_11","MeOH","","PHD.OFI_18_4996G"
"Feb 20 2015  5:41PM","W_TB_K_11","DHSVL","","PHD.GSH_18_4901"
"Feb 20 2015  5:41PM","W_TB_K_11","DHSVU","","PHD.GSH_18_4902"
"Feb 20 2015  5:41PM","W_TB_K_11","PMV","","PHD.GSH_18_4903"
"Feb 20 2015  5:41PM","W_TB_K_11","PWV","","PHD.GSH_18_4904"
"Feb 20 2015  5:41PM","W_TB_K_11","AMV","","PHD.GSH_18_4918"
"Feb 20 2015  5:41PM","W_TB_K_11","AWV","","PHD.GSH_18_4912"
"Feb 20 2015  5:41PM","W_TB_K_11","XOV","","PHD.GSH_18_4919"
"Feb 20 2015  5:41PM","W_TB_K_11","GLV","","PHD.GSH_18_4945"
"Feb 20 2015  5:41PM","W_TB_K_11","PCV","","PHD.GSL_18_49_06"
"Feb 20 2015  5:41PM","W_TB_K_11","PFORM_CALC","","PHD.NPY_18_4996A"
"Feb 20 2015  5:41PM","W_TB_K_11","TFORM_CALC","","PHD.NTY_18_4996A"
"Feb 20 2015  5:41PM","W_TB_K_11","CHOKE_POS_PER","","PHD.GI_18_4906E"
"Feb 20 2015  5:41PM","W_TB_K_11","TAG_32","","PHD.OFC_18_4996A"
"Feb 20 2015  5:41PM","W_TB_K_11","TAG_33","","PHD.OFC_18_4996B"
"Feb 20 2015  5:41PM","W_TB_K_11","TAG_34","","PHD.OFC_18_4996C"
"Feb 20 2015  5:41PM","W_TB_K_11","TAG_35","","PHD.OFC_18_4996D"
"Feb 20 2015  5:41PM","W_TB_K_11","TAG_36","","PHD.OFFI_18_4996C"
"Feb 20 2015  5:41PM","W_TB_K_11","GROUP","",""
"Feb 20 2015  5:41PM","W_TB_K_11","CLUSTER","",""
"Feb 20 2015  5:41PM","W_TB_K_11","QOILTARGET","","PHD.UR_18_5001A_X"
"Feb 20 2015  5:41PM","W_TB_K_11","QOILMIN","","PHD.URL_18_5001A_X"
"Feb 20 2015  5:41PM","W_TB_K_11","QOILMAX","","PHD.URH_18_5001A_X"
"Feb 20 2015  5:41PM","W_TB_K_11","QLIQTARGET","","PHD.UR_18_5001C_X"
"Feb 20 2015  5:41PM","W_TB_K_11","LIQMIN","","PHD.URL_18_5001C_X"
"Feb 20 2015  5:41PM","W_TB_K_11","QLIQMAX","","PHD.URH_18_5001C_X"
"Feb 20 2015  5:41PM","W_TB_K_12","EQUIPMENT_NAME","K12",""
"Feb 20 2015  5:41PM","W_TB_K_12","EQUIPMENT_DESC","K12- Troll B",""
"Feb 20 2015  5:41PM","W_TB_K_12","QOIL","","PHD.OFI_18_5096A"
"Feb 20 2015  5:41PM","W_TB_K_12","QWAT","","PHD.OFI_18_5096B"
"Feb 20 2015  5:41PM","W_TB_K_12","QLIQ","","PHD.OFI_18_5096C"
"Feb 20 2015  5:41PM","W_TB_K_12","QGAS","","PHD.OFI_18_5096D"
"Feb 20 2015  5:41PM","W_TB_K_12","WC","","PHD.OFFI_18_5096A"
"Feb 20 2015  5:41PM","W_TB_K_12","GOR","","PHD.OFFI_18_5096B"
"Feb 20 2015  5:41PM","W_TB_K_12","UCP","","PHD.PZI_18_5015"
"Feb 20 2015  5:41PM","W_TB_K_12","UCT","","PHD.TI_18_5023"
"Feb 20 2015  5:41PM","W_TB_K_12","DCP","","PHD.PZI_18_5017"
"Feb 20 2015  5:41PM","W_TB_K_12","DCT","","PHD.TI_18_5016"
"Feb 20 2015  5:41PM","W_TB_K_12","UCP_CALC","","PHD.NPY_18_5096B"
"Feb 20 2015  5:41PM","W_TB_K_12","UCT_CALC","","PHD.NTY_18_5096B"
"Feb 20 2015  5:41PM","W_TB_K_12","DCP_CALC","","PHD.NPY_18_5096C"
"Feb 20 2015  5:41PM","W_TB_K_12","DCT_CALC","","PHD.NTY_18_5096C"
"Feb 20 2015  5:41PM","W_TB_K_12","DP","","PHD.PDI_18_5006"
"Feb 20 2015  5:41PM","W_TB_K_12","CHOKE","","PHD.GI_18_5006A"
"Feb 20 2015  5:41PM","W_TB_K_12","CHOKE_CMD","","PHD.GI_18_5006B"
"Feb 20 2015  5:41PM","W_TB_K_12","CHOKE_CALC","","PHD.NGI_18_5006B"
"Feb 20 2015  5:41PM","W_TB_K_12","ERRF","","PHD.NFI_18_5096Z"
"Feb 20 2015  5:41PM","W_TB_K_12","MODUS","","PHD.HS_18_5006B"
"Feb 20 2015  5:41PM","W_TB_K_12","STATUS","","PHD.NI_18_5063"
"Feb 20 2015  5:41PM","W_TB_K_12","ROUTING","","PHD.GS_18_5009P"
"Feb 20 2015  5:41PM","W_TB_K_12","MeOH","","PHD.OFI_18_5096G"
"Feb 20 2015  5:41PM","W_TB_K_12","DHSVL","","PHD.GSH_18_5001"
"Feb 20 2015  5:41PM","W_TB_K_12","DHSVU","","PHD.GSH_18_5002"
"Feb 20 2015  5:41PM","W_TB_K_12","PMV","","PHD.GSH_18_5003"
"Feb 20 2015  5:41PM","W_TB_K_12","PWV","","PHD.GSH_18_5004"
"Feb 20 2015  5:41PM","W_TB_K_12","AMV","","PHD.GSH_18_5018"
"Feb 20 2015  5:41PM","W_TB_K_12","AWV","","PHD.GSH_18_5012"
"Feb 20 2015  5:41PM","W_TB_K_12","XOV","","PHD.GSH_18_5019"
"Feb 20 2015  5:41PM","W_TB_K_12","GLV","","PHD.GSH_18_5045"
"Feb 20 2015  5:41PM","W_TB_K_12","PCV","","PHD.GSL_18_50_06"
"Feb 20 2015  5:41PM","W_TB_K_12","PFORM_CALC","","PHD.NPY_18_5096A"
"Feb 20 2015  5:41PM","W_TB_K_12","TFORM_CALC","","PHD.NTY_18_5096A"
"Feb 20 2015  5:41PM","W_TB_K_12","CHOKE_POS_PER","","PHD.GI_18_5006E"
"Feb 20 2015  5:41PM","W_TB_K_12","TAG_32","","PHD.OFC_18_5096A"
"Feb 20 2015  5:41PM","W_TB_K_12","TAG_33","","PHD.OFC_18_5096B"
"Feb 20 2015  5:41PM","W_TB_K_12","TAG_34","","PHD.OFC_18_5096C"
"Feb 20 2015  5:41PM","W_TB_K_12","TAG_35","","PHD.OFC_18_5096D"
"Feb 20 2015  5:41PM","W_TB_K_12","TAG_36","","PHD.OFFI_18_5096C"
"Feb 20 2015  5:41PM","W_TB_K_12","GROUP","",""
"Feb 20 2015  5:41PM","W_TB_K_12","CLUSTER","",""
"Feb 20 2015  5:41PM","W_TB_K_12","QOILTARGET","","PHD.UR_18_5101A_X"
"Feb 20 2015  5:41PM","W_TB_K_12","QOILMIN","","PHD.URL_18_5101A_X"
"Feb 20 2015  5:41PM","W_TB_K_12","QOILMAX","","PHD.URH_18_5101A_X"
"Feb 20 2015  5:41PM","W_TB_K_12","QLIQTARGET","","PHD.UR_18_5101C_X"
"Feb 20 2015  5:41PM","W_TB_K_12","LIQMIN","","PHD.URL_18_5101C_X"
"Feb 20 2015  5:41PM","W_TB_K_12","QLIQMAX","","PHD.URH_18_5101C_X"
"Feb 20 2015  5:41PM","W_TB_K_13","EQUIPMENT_NAME","K13",""
"Feb 20 2015  5:41PM","W_TB_K_13","EQUIPMENT_DESC","K13- Troll B",""
"Feb 20 2015  5:41PM","W_TB_K_13","QOIL","","PHD.OFI_18_5196A"
"Feb 20 2015  5:41PM","W_TB_K_13","QWAT","","PHD.OFI_18_5196B"
"Feb 20 2015  5:41PM","W_TB_K_13","QLIQ","","PHD.OFI_18_5196C"
"Feb 20 2015  5:41PM","W_TB_K_13","QGAS","","PHD.OFI_18_5196D"
"Feb 20 2015  5:41PM","W_TB_K_13","WC","","PHD.OFFI_18_5196A"
"Feb 20 2015  5:41PM","W_TB_K_13","GOR","","PHD.OFFI_18_5196B"
"Feb 20 2015  5:41PM","W_TB_K_13","UCP","","PHD.PZI_18_5115"
"Feb 20 2015  5:41PM","W_TB_K_13","UCT","","PHD.TI_18_5123"
"Feb 20 2015  5:41PM","W_TB_K_13","DCP","","PHD.PZI_18_5117"
"Feb 20 2015  5:41PM","W_TB_K_13","DCT","","PHD.TI_18_5116"
"Feb 20 2015  5:41PM","W_TB_K_13","UCP_CALC","","PHD.NPY_18_5196B"
"Feb 20 2015  5:41PM","W_TB_K_13","UCT_CALC","","PHD.NTY_18_5196B"
"Feb 20 2015  5:41PM","W_TB_K_13","DCP_CALC","","PHD.NPY_18_5196C"
"Feb 20 2015  5:41PM","W_TB_K_13","DCT_CALC","","PHD.NTY_18_5196C"
"Feb 20 2015  5:41PM","W_TB_K_13","DP","","PHD.PDI_18_5106"
"Feb 20 2015  5:41PM","W_TB_K_13","CHOKE","","PHD.GI_18_5106A"
"Feb 20 2015  5:41PM","W_TB_K_13","CHOKE_CMD","","PHD.GI_18_5106B"
"Feb 20 2015  5:41PM","W_TB_K_13","CHOKE_CALC","","PHD.NGI_18_5106B"
"Feb 20 2015  5:41PM","W_TB_K_13","ERRF","","PHD.NFI_18_5196Z"
"Feb 20 2015  5:41PM","W_TB_K_13","MODUS","","PHD.HS_18_5106B"
"Feb 20 2015  5:41PM","W_TB_K_13","STATUS","","PHD.NI_18_5163"
"Feb 20 2015  5:41PM","W_TB_K_13","ROUTING","","PHD.GS_18_5109P"
"Feb 20 2015  5:41PM","W_TB_K_13","MeOH","","PHD.OFI_18_5196G"
"Feb 20 2015  5:41PM","W_TB_K_13","DHSVL","","PHD.GSH_18_5101"
"Feb 20 2015  5:41PM","W_TB_K_13","DHSVU","","PHD.GSH_18_5102"
"Feb 20 2015  5:41PM","W_TB_K_13","PMV","","PHD.GSH_18_5103"
"Feb 20 2015  5:41PM","W_TB_K_13","PWV","","PHD.GSH_18_5104"
"Feb 20 2015  5:41PM","W_TB_K_13","AMV","","PHD.GSH_18_5118"
"Feb 20 2015  5:41PM","W_TB_K_13","AWV","","PHD.GSH_18_5112"
"Feb 20 2015  5:41PM","W_TB_K_13","XOV","","PHD.GSH_18_5119"
"Feb 20 2015  5:41PM","W_TB_K_13","GLV","","PHD.GSH_18_5145"
"Feb 20 2015  5:41PM","W_TB_K_13","PCV","","PHD.GSL_18_51_06"
"Feb 20 2015  5:41PM","W_TB_K_13","PFORM_CALC","","PHD.NPY_18_5196A"
"Feb 20 2015  5:41PM","W_TB_K_13","TFORM_CALC","","PHD.NTY_18_5196A"
"Feb 20 2015  5:41PM","W_TB_K_13","CHOKE_POS_PER","","PHD.GI_18_5106E"
"Feb 20 2015  5:41PM","W_TB_K_13","TAG_32","","PHD.OFC_18_5196A"
"Feb 20 2015  5:41PM","W_TB_K_13","TAG_33","","PHD.OFC_18_5196B"
"Feb 20 2015  5:41PM","W_TB_K_13","TAG_34","","PHD.OFC_18_5196C"
"Feb 20 2015  5:41PM","W_TB_K_13","TAG_35","","PHD.OFC_18_5196D"
"Feb 20 2015  5:41PM","W_TB_K_13","TAG_36","","PHD.OFFI_18_5196C"
"Feb 20 2015  5:41PM","W_TB_K_13","GROUP","",""
"Feb 20 2015  5:41PM","W_TB_K_13","CLUSTER","",""
"Feb 20 2015  5:41PM","W_TB_K_13","QOILTARGET","","PHD.UR_18_5201A_X"
"Feb 20 2015  5:41PM","W_TB_K_13","QOILMIN","","PHD.URL_18_5201A_X"
"Feb 20 2015  5:41PM","W_TB_K_13","QOILMAX","","PHD.URH_18_5201A_X"
"Feb 20 2015  5:41PM","W_TB_K_13","QLIQTARGET","","PHD.UR_18_5201C_X"
"Feb 20 2015  5:41PM","W_TB_K_13","LIQMIN","","PHD.URL_18_5201C_X"
"Feb 20 2015  5:41PM","W_TB_K_13","QLIQMAX","","PHD.URH_18_5201C_X"
"Feb 20 2015  5:41PM","W_TB_K_14","EQUIPMENT_NAME","K14",""
"Feb 20 2015  5:41PM","W_TB_K_14","EQUIPMENT_DESC","K14- Troll B",""
"Feb 20 2015  5:41PM","W_TB_K_14","QOIL","","PHD.OFI_18_5296A"
"Feb 20 2015  5:41PM","W_TB_K_14","QWAT","","PHD.OFI_18_5296B"
"Feb 20 2015  5:41PM","W_TB_K_14","QLIQ","","PHD.OFI_18_5296C"
"Feb 20 2015  5:41PM","W_TB_K_14","QGAS","","PHD.OFI_18_5296D"
"Feb 20 2015  5:41PM","W_TB_K_14","WC","","PHD.OFFI_18_5296A"
"Feb 20 2015  5:41PM","W_TB_K_14","GOR","","PHD.OFFI_18_5296B"
"Feb 20 2015  5:41PM","W_TB_K_14","UCP","","PHD.PZI_18_5215"
"Feb 20 2015  5:41PM","W_TB_K_14","UCT","","PHD.TI_18_5223"
"Feb 20 2015  5:41PM","W_TB_K_14","DCP","","PHD.PZI_18_5217"
"Feb 20 2015  5:41PM","W_TB_K_14","DCT","","PHD.TI_18_5216"
"Feb 20 2015  5:41PM","W_TB_K_14","UCP_CALC","","PHD.NPY_18_5296B"
"Feb 20 2015  5:41PM","W_TB_K_14","UCT_CALC","","PHD.NTY_18_5296B"
"Feb 20 2015  5:41PM","W_TB_K_14","DCP_CALC","","PHD.NPY_18_5296C"
"Feb 20 2015  5:41PM","W_TB_K_14","DCT_CALC","","PHD.NTY_18_5296C"
"Feb 20 2015  5:41PM","W_TB_K_14","DP","","PHD.PDI_18_5206"
"Feb 20 2015  5:41PM","W_TB_K_14","CHOKE","","PHD.GI_18_5206A"
"Feb 20 2015  5:41PM","W_TB_K_14","CHOKE_CMD","","PHD.GI_18_5206B"
"Feb 20 2015  5:41PM","W_TB_K_14","CHOKE_CALC","","PHD.NGI_18_5206B"
"Feb 20 2015  5:41PM","W_TB_K_14","ERRF","","PHD.NFI_18_5296Z"
"Feb 20 2015  5:41PM","W_TB_K_14","MODUS","","PHD.HS_18_5206B"
"Feb 20 2015  5:41PM","W_TB_K_14","STATUS","","PHD.NI_18_5263"
"Feb 20 2015  5:41PM","W_TB_K_14","ROUTING","","PHD.GS_18_5209P"
"Feb 20 2015  5:41PM","W_TB_K_14","MeOH","","PHD.OFI_18_5296G"
"Feb 20 2015  5:41PM","W_TB_K_14","DHSVL","","PHD.GSH_18_5201"
"Feb 20 2015  5:41PM","W_TB_K_14","DHSVU","","PHD.GSH_18_5202"
"Feb 20 2015  5:41PM","W_TB_K_14","PMV","","PHD.GSH_18_5203"
"Feb 20 2015  5:41PM","W_TB_K_14","PWV","","PHD.GSH_18_5204"
"Feb 20 2015  5:41PM","W_TB_K_14","AMV","","PHD.GSH_18_5218"
"Feb 20 2015  5:41PM","W_TB_K_14","AWV","","PHD.GSH_18_5212"
"Feb 20 2015  5:41PM","W_TB_K_14","XOV","","PHD.GSH_18_5219"
"Feb 20 2015  5:41PM","W_TB_K_14","GLV","","PHD.GSH_18_5245"
"Feb 20 2015  5:41PM","W_TB_K_14","PCV","","PHD.GSL_18_52_06"
"Feb 20 2015  5:41PM","W_TB_K_14","PFORM_CALC","","PHD.NPY_18_5296A"
"Feb 20 2015  5:41PM","W_TB_K_14","TFORM_CALC","","PHD.NTY_18_5296A"
"Feb 20 2015  5:41PM","W_TB_K_14","CHOKE_POS_PER","","PHD.GI_18_5206E"
"Feb 20 2015  5:41PM","W_TB_K_14","TAG_32","","PHD.OFC_18_5296A"
"Feb 20 2015  5:41PM","W_TB_K_14","TAG_33","","PHD.OFC_18_5296B"
"Feb 20 2015  5:41PM","W_TB_K_14","TAG_34","","PHD.OFC_18_5296C"
"Feb 20 2015  5:41PM","W_TB_K_14","TAG_35","","PHD.OFC_18_5296D"
"Feb 20 2015  5:41PM","W_TB_K_14","TAG_36","","PHD.OFFI_18_5296C"
"Feb 20 2015  5:41PM","W_TB_K_14","GROUP","",""
"Feb 20 2015  5:41PM","W_TB_K_14","CLUSTER","",""
"Feb 20 2015  5:41PM","W_TB_K_14","QOILTARGET","","PHD.UR_18_5301A_X"
"Feb 20 2015  5:41PM","W_TB_K_14","QOILMIN","","PHD.URL_18_5301A_X"
"Feb 20 2015  5:41PM","W_TB_K_14","QOILMAX","","PHD.URH_18_5301A_X"
"Feb 20 2015  5:41PM","W_TB_K_14","QLIQTARGET","","PHD.UR_18_5301C_X"
"Feb 20 2015  5:41PM","W_TB_K_14","LIQMIN","","PHD.URL_18_5301C_X"
"Feb 20 2015  5:41PM","W_TB_K_14","QLIQMAX","","PHD.URH_18_5301C_X"
"Feb 20 2015  5:41PM","W_TB_K_21","EQUIPMENT_NAME","K21",""
"Feb 20 2015  5:41PM","W_TB_K_21","EQUIPMENT_DESC","K21- Troll B",""
"Feb 20 2015  5:41PM","W_TB_K_21","QOIL","","PHD.OFI_18_5396A"
"Feb 20 2015  5:41PM","W_TB_K_21","QWAT","","PHD.OFI_18_5396B"
"Feb 20 2015  5:41PM","W_TB_K_21","QLIQ","","PHD.OFI_18_5396C"
"Feb 20 2015  5:41PM","W_TB_K_21","QGAS","","PHD.OFI_18_5396D"
"Feb 20 2015  5:41PM","W_TB_K_21","WC","","PHD.OFFI_18_5396A"
"Feb 20 2015  5:41PM","W_TB_K_21","GOR","","PHD.OFFI_18_5396B"
"Feb 20 2015  5:41PM","W_TB_K_21","UCP","","PHD.PZI_18_5315"
"Feb 20 2015  5:41PM","W_TB_K_21","UCT","","PHD.TI_18_5323"
"Feb 20 2015  5:41PM","W_TB_K_21","DCP","","PHD.PZI_18_5317"
"Feb 20 2015  5:41PM","W_TB_K_21","DCT","","PHD.TI_18_5316"
"Feb 20 2015  5:41PM","W_TB_K_21","UCP_CALC","","PHD.NPY_18_5396B"
"Feb 20 2015  5:41PM","W_TB_K_21","UCT_CALC","","PHD.NTY_18_5396B"
"Feb 20 2015  5:41PM","W_TB_K_21","DCP_CALC","","PHD.NPY_18_5396C"
"Feb 20 2015  5:41PM","W_TB_K_21","DCT_CALC","","PHD.NTY_18_5396C"
"Feb 20 2015  5:41PM","W_TB_K_21","DP","","PHD.PDI_18_5306"
"Feb 20 2015  5:41PM","W_TB_K_21","CHOKE","","PHD.GI_18_5306A"
"Feb 20 2015  5:41PM","W_TB_K_21","CHOKE_CMD","","PHD.GI_18_5306B"
"Feb 20 2015  5:41PM","W_TB_K_21","CHOKE_CALC","","PHD.NGI_18_5306B"
"Feb 20 2015  5:41PM","W_TB_K_21","ERRF","","PHD.NFI_18_5396Z"
"Feb 20 2015  5:41PM","W_TB_K_21","MODUS","","PHD.HS_18_5306B"
"Feb 20 2015  5:41PM","W_TB_K_21","STATUS","","PHD.NI_18_5363"
"Feb 20 2015  5:41PM","W_TB_K_21","ROUTING","","PHD.GS_18_5309P"
"Feb 20 2015  5:41PM","W_TB_K_21","MeOH","","PHD.OFI_18_5396G"
"Feb 20 2015  5:41PM","W_TB_K_21","DHSVL","","PHD.GSH_18_5301"
"Feb 20 2015  5:41PM","W_TB_K_21","DHSVU","","PHD.GSH_18_5302"
"Feb 20 2015  5:41PM","W_TB_K_21","PMV","","PHD.GSH_18_5303"
"Feb 20 2015  5:41PM","W_TB_K_21","PWV","","PHD.GSH_18_5304"
"Feb 20 2015  5:41PM","W_TB_K_21","AMV","","PHD.GSH_18_5318"
"Feb 20 2015  5:41PM","W_TB_K_21","AWV","","PHD.GSH_18_5312"
"Feb 20 2015  5:41PM","W_TB_K_21","XOV","","PHD.GSH_18_5319"
"Feb 20 2015  5:41PM","W_TB_K_21","GLV","","PHD.GSH_18_5345"
"Feb 20 2015  5:41PM","W_TB_K_21","PCV","","PHD.GSL_18_53_06"
"Feb 20 2015  5:41PM","W_TB_K_21","PFORM_CALC","","PHD.NPY_18_5396A"
"Feb 20 2015  5:41PM","W_TB_K_21","TFORM_CALC","","PHD.NTY_18_5396A"
"Feb 20 2015  5:41PM","W_TB_K_21","CHOKE_POS_PER","","PHD.GI_18_5306E"
"Feb 20 2015  5:41PM","W_TB_K_21","TAG_32","","PHD.OFC_18_5396A"
"Feb 20 2015  5:41PM","W_TB_K_21","TAG_33","","PHD.OFC_18_5396B"
"Feb 20 2015  5:41PM","W_TB_K_21","TAG_34","","PHD.OFC_18_5396C"
"Feb 20 2015  5:41PM","W_TB_K_21","TAG_35","","PHD.OFC_18_5396D"
"Feb 20 2015  5:41PM","W_TB_K_21","TAG_36","","PHD.OFFI_18_5396C"
"Feb 20 2015  5:41PM","W_TB_K_21","GROUP","",""
"Feb 20 2015  5:41PM","W_TB_K_21","CLUSTER","",""
"Feb 20 2015  5:41PM","W_TB_K_21","QOILTARGET","","PHD.UR_18_5401A_X"
"Feb 20 2015  5:41PM","W_TB_K_21","QOILMIN","","PHD.URL_18_5401A_X"
"Feb 20 2015  5:41PM","W_TB_K_21","QOILMAX","","PHD.URH_18_5401A_X"
"Feb 20 2015  5:41PM","W_TB_K_21","QLIQTARGET","","PHD.UR_18_5401C_X"
"Feb 20 2015  5:41PM","W_TB_K_21","LIQMIN","","PHD.URL_18_5401C_X"
"Feb 20 2015  5:41PM","W_TB_K_21","QLIQMAX","","PHD.URH_18_5401C_X"
"Feb 20 2015  5:41PM","W_TB_K_22","EQUIPMENT_NAME","K22",""
"Feb 20 2015  5:41PM","W_TB_K_22","EQUIPMENT_DESC","K22- Troll B",""
"Feb 20 2015  5:41PM","W_TB_K_22","QOIL","","PHD.OFI_18_5496A"
"Feb 20 2015  5:41PM","W_TB_K_22","QWAT","","PHD.OFI_18_5496B"
"Feb 20 2015  5:41PM","W_TB_K_22","QLIQ","","PHD.OFI_18_5496C"
"Feb 20 2015  5:41PM","W_TB_K_22","QGAS","","PHD.OFI_18_5496D"
"Feb 20 2015  5:41PM","W_TB_K_22","WC","","PHD.OFFI_18_5496A"
"Feb 20 2015  5:41PM","W_TB_K_22","GOR","","PHD.OFFI_18_5496B"
"Feb 20 2015  5:41PM","W_TB_K_22","UCP","","PHD.PZI_18_5415"
"Feb 20 2015  5:41PM","W_TB_K_22","UCT","","PHD.TI_18_5423"
"Feb 20 2015  5:41PM","W_TB_K_22","DCP","","PHD.PZI_18_5417"
"Feb 20 2015  5:41PM","W_TB_K_22","DCT","","PHD.TI_18_5416"
"Feb 20 2015  5:41PM","W_TB_K_22","UCP_CALC","","PHD.NPY_18_5496B"
"Feb 20 2015  5:41PM","W_TB_K_22","UCT_CALC","","PHD.NTY_18_5496B"
"Feb 20 2015  5:41PM","W_TB_K_22","DCP_CALC","","PHD.NPY_18_5496C"
"Feb 20 2015  5:41PM","W_TB_K_22","DCT_CALC","","PHD.NTY_18_5496C"
"Feb 20 2015  5:41PM","W_TB_K_22","DP","","PHD.PDI_18_5406"
"Feb 20 2015  5:41PM","W_TB_K_22","CHOKE","","PHD.GI_18_5406A"
"Feb 20 2015  5:41PM","W_TB_K_22","CHOKE_CMD","","PHD.GI_18_5406B"
"Feb 20 2015  5:41PM","W_TB_K_22","CHOKE_CALC","","PHD.NGI_18_5406B"
"Feb 20 2015  5:41PM","W_TB_K_22","ERRF","","PHD.NFI_18_5496Z"
"Feb 20 2015  5:41PM","W_TB_K_22","MODUS","","PHD.HS_18_5406B"
"Feb 20 2015  5:41PM","W_TB_K_22","STATUS","","PHD.NI_18_5463"
"Feb 20 2015  5:41PM","W_TB_K_22","ROUTING","","PHD.GS_18_5409P"
"Feb 20 2015  5:41PM","W_TB_K_22","MeOH","","PHD.OFI_18_5496G"
"Feb 20 2015  5:41PM","W_TB_K_22","DHSVL","","PHD.GSH_18_5401"
"Feb 20 2015  5:41PM","W_TB_K_22","DHSVU","","PHD.GSH_18_5402"
"Feb 20 2015  5:41PM","W_TB_K_22","PMV","","PHD.GSH_18_5403"
"Feb 20 2015  5:41PM","W_TB_K_22","PWV","","PHD.GSH_18_5404"
"Feb 20 2015  5:41PM","W_TB_K_22","AMV","","PHD.GSH_18_5418"
"Feb 20 2015  5:41PM","W_TB_K_22","AWV","","PHD.GSH_18_5412"
"Feb 20 2015  5:41PM","W_TB_K_22","XOV","","PHD.GSH_18_5419"
"Feb 20 2015  5:41PM","W_TB_K_22","GLV","","PHD.GSH_18_5445"
"Feb 20 2015  5:41PM","W_TB_K_22","PCV","","PHD.GSL_18_54_06"
"Feb 20 2015  5:41PM","W_TB_K_22","PFORM_CALC","","PHD.NPY_18_5496A"
"Feb 20 2015  5:41PM","W_TB_K_22","TFORM_CALC","","PHD.NTY_18_5496A"
"Feb 20 2015  5:41PM","W_TB_K_22","CHOKE_POS_PER","","PHD.GI_18_5406E"
"Feb 20 2015  5:41PM","W_TB_K_22","TAG_32","","PHD.OFC_18_5496A"
"Feb 20 2015  5:41PM","W_TB_K_22","TAG_33","","PHD.OFC_18_5496B"
"Feb 20 2015  5:41PM","W_TB_K_22","TAG_34","","PHD.OFC_18_5496C"
"Feb 20 2015  5:41PM","W_TB_K_22","TAG_35","","PHD.OFC_18_5496D"
"Feb 20 2015  5:41PM","W_TB_K_22","TAG_36","","PHD.OFFI_18_5496C"
"Feb 20 2015  5:41PM","W_TB_K_22","GROUP","",""
"Feb 20 2015  5:41PM","W_TB_K_22","CLUSTER","",""
"Feb 20 2015  5:41PM","W_TB_K_22","QOILTARGET","","PHD.UR_18_5501A_X"
"Feb 20 2015  5:41PM","W_TB_K_22","QOILMIN","","PHD.URL_18_5501A_X"
"Feb 20 2015  5:41PM","W_TB_K_22","QOILMAX","","PHD.URH_18_5501A_X"
"Feb 20 2015  5:41PM","W_TB_K_22","QLIQTARGET","","PHD.UR_18_5501C_X"
"Feb 20 2015  5:41PM","W_TB_K_22","LIQMIN","","PHD.URL_18_5501C_X"
"Feb 20 2015  5:41PM","W_TB_K_22","QLIQMAX","","PHD.URH_18_5501C_X"
"Feb 20 2015  5:41PM","W_TB_K_23","EQUIPMENT_NAME","K23",""
"Feb 20 2015  5:41PM","W_TB_K_23","EQUIPMENT_DESC","K23- Troll B",""
"Feb 20 2015  5:41PM","W_TB_K_23","QOIL","","PHD.OFI_18_5596A"
"Feb 20 2015  5:41PM","W_TB_K_23","QWAT","","PHD.OFI_18_5596B"
"Feb 20 2015  5:41PM","W_TB_K_23","QLIQ","","PHD.OFI_18_5596C"
"Feb 20 2015  5:41PM","W_TB_K_23","QGAS","","PHD.OFI_18_5596D"
"Feb 20 2015  5:41PM","W_TB_K_23","WC","","PHD.OFFI_18_5596A"
"Feb 20 2015  5:41PM","W_TB_K_23","GOR","","PHD.OFFI_18_5596B"
"Feb 20 2015  5:41PM","W_TB_K_23","UCP","","PHD.PZI_18_5515"
"Feb 20 2015  5:41PM","W_TB_K_23","UCT","","PHD.TI_18_5523"
"Feb 20 2015  5:41PM","W_TB_K_23","DCP","","PHD.PZI_18_5517"
"Feb 20 2015  5:41PM","W_TB_K_23","DCT","","PHD.TI_18_5516"
"Feb 20 2015  5:41PM","W_TB_K_23","UCP_CALC","","PHD.NPY_18_5596B"
"Feb 20 2015  5:41PM","W_TB_K_23","UCT_CALC","","PHD.NTY_18_5596B"
"Feb 20 2015  5:41PM","W_TB_K_23","DCP_CALC","","PHD.NPY_18_5596C"
"Feb 20 2015  5:41PM","W_TB_K_23","DCT_CALC","","PHD.NTY_18_5596C"
"Feb 20 2015  5:41PM","W_TB_K_23","DP","","PHD.PDI_18_5506"
"Feb 20 2015  5:41PM","W_TB_K_23","CHOKE","","PHD.GI_18_5506A"
"Feb 20 2015  5:41PM","W_TB_K_23","CHOKE_CMD","","PHD.GI_18_5506B"
"Feb 20 2015  5:41PM","W_TB_K_23","CHOKE_CALC","","PHD.NGI_18_5506B"
"Feb 20 2015  5:41PM","W_TB_K_23","ERRF","","PHD.NFI_18_5596Z"
"Feb 20 2015  5:41PM","W_TB_K_23","MODUS","","PHD.HS_18_5506B"
"Feb 20 2015  5:41PM","W_TB_K_23","STATUS","","PHD.NI_18_5563"
"Feb 20 2015  5:41PM","W_TB_K_23","ROUTING","","PHD.GS_18_5509P"
"Feb 20 2015  5:41PM","W_TB_K_23","MeOH","","PHD.OFI_18_5596G"
"Feb 20 2015  5:41PM","W_TB_K_23","DHSVL","","PHD.GSH_18_5501"
"Feb 20 2015  5:41PM","W_TB_K_23","DHSVU","","PHD.GSH_18_5502"
"Feb 20 2015  5:41PM","W_TB_K_23","PMV","","PHD.GSH_18_5503"
"Feb 20 2015  5:41PM","W_TB_K_23","PWV","","PHD.GSH_18_5504"
"Feb 20 2015  5:41PM","W_TB_K_23","AMV","","PHD.GSH_18_5518"
"Feb 20 2015  5:41PM","W_TB_K_23","AWV","","PHD.GSH_18_5512"
"Feb 20 2015  5:41PM","W_TB_K_23","XOV","","PHD.GSH_18_5519"
"Feb 20 2015  5:41PM","W_TB_K_23","GLV","","PHD.GSH_18_5545"
"Feb 20 2015  5:41PM","W_TB_K_23","PCV","","PHD.GSL_18_55_06"
"Feb 20 2015  5:41PM","W_TB_K_23","PFORM_CALC","","PHD.NPY_18_5596A"
"Feb 20 2015  5:41PM","W_TB_K_23","TFORM_CALC","","PHD.NTY_18_5596A"
"Feb 20 2015  5:41PM","W_TB_K_23","CHOKE_POS_PER","","PHD.GI_18_5506E"
"Feb 20 2015  5:41PM","W_TB_K_23","TAG_32","","PHD.OFC_18_5596A"
"Feb 20 2015  5:41PM","W_TB_K_23","TAG_33","","PHD.OFC_18_5596B"
"Feb 20 2015  5:41PM","W_TB_K_23","TAG_34","","PHD.OFC_18_5596C"
"Feb 20 2015  5:41PM","W_TB_K_23","TAG_35","","PHD.OFC_18_5596D"
"Feb 20 2015  5:41PM","W_TB_K_23","TAG_36","","PHD.OFFI_18_5596C"
"Feb 20 2015  5:41PM","W_TB_K_23","GROUP","",""
"Feb 20 2015  5:41PM","W_TB_K_23","CLUSTER","",""
"Feb 20 2015  5:41PM","W_TB_K_23","QOILTARGET","","PHD.UR_18_5601A_X"
"Feb 20 2015  5:41PM","W_TB_K_23","QOILMIN","","PHD.URL_18_5601A_X"
"Feb 20 2015  5:41PM","W_TB_K_23","QOILMAX","","PHD.URH_18_5601A_X"
"Feb 20 2015  5:41PM","W_TB_K_23","QLIQTARGET","","PHD.UR_18_5601C_X"
"Feb 20 2015  5:41PM","W_TB_K_23","LIQMIN","","PHD.URL_18_5601C_X"
"Feb 20 2015  5:41PM","W_TB_K_23","QLIQMAX","","PHD.URH_18_5601C_X"
"Feb 20 2015  5:41PM","W_TB_K_24","EQUIPMENT_NAME","K24",""
"Feb 20 2015  5:41PM","W_TB_K_24","EQUIPMENT_DESC","K24- Troll B",""
"Feb 20 2015  5:41PM","W_TB_K_24","QOIL","","PHD.OFI_18_5696A"
"Feb 20 2015  5:41PM","W_TB_K_24","QWAT","","PHD.OFI_18_5696B"
"Feb 20 2015  5:41PM","W_TB_K_24","QLIQ","","PHD.OFI_18_5696C"
"Feb 20 2015  5:41PM","W_TB_K_24","QGAS","","PHD.OFI_18_5696D"
"Feb 20 2015  5:41PM","W_TB_K_24","WC","","PHD.OFFI_18_5696A"
"Feb 20 2015  5:41PM","W_TB_K_24","GOR","","PHD.OFFI_18_5696B"
"Feb 20 2015  5:41PM","W_TB_K_24","UCP","","PHD.PZI_18_5615"
"Feb 20 2015  5:41PM","W_TB_K_24","UCT","","PHD.TI_18_5623"
"Feb 20 2015  5:41PM","W_TB_K_24","DCP","","PHD.PZI_18_5617"
"Feb 20 2015  5:41PM","W_TB_K_24","DCT","","PHD.TI_18_5616"
"Feb 20 2015  5:41PM","W_TB_K_24","UCP_CALC","","PHD.NPY_18_5696B"
"Feb 20 2015  5:41PM","W_TB_K_24","UCT_CALC","","PHD.NTY_18_5696B"
"Feb 20 2015  5:41PM","W_TB_K_24","DCP_CALC","","PHD.NPY_18_5696C"
"Feb 20 2015  5:41PM","W_TB_K_24","DCT_CALC","","PHD.NTY_18_5696C"
"Feb 20 2015  5:41PM","W_TB_K_24","DP","","PHD.PDI_18_5606"
"Feb 20 2015  5:41PM","W_TB_K_24","CHOKE","","PHD.GI_18_5606A"
"Feb 20 2015  5:41PM","W_TB_K_24","CHOKE_CMD","","PHD.GI_18_5606B"
"Feb 20 2015  5:41PM","W_TB_K_24","CHOKE_CALC","","PHD.NGI_18_5606B"
"Feb 20 2015  5:41PM","W_TB_K_24","ERRF","","PHD.NFI_18_5696Z"
"Feb 20 2015  5:41PM","W_TB_K_24","MODUS","","PHD.HS_18_5606B"
"Feb 20 2015  5:41PM","W_TB_K_24","STATUS","","PHD.NI_18_5663"
"Feb 20 2015  5:41PM","W_TB_K_24","ROUTING","","PHD.GS_18_5609P"
"Feb 20 2015  5:41PM","W_TB_K_24","MeOH","","PHD.OFI_18_5696G"
"Feb 20 2015  5:41PM","W_TB_K_24","DHSVL","","PHD.GSH_18_5601"
"Feb 20 2015  5:41PM","W_TB_K_24","DHSVU","","PHD.GSH_18_5602"
"Feb 20 2015  5:41PM","W_TB_K_24","PMV","","PHD.GSH_18_5603"
"Feb 20 2015  5:41PM","W_TB_K_24","PWV","","PHD.GSH_18_5604"
"Feb 20 2015  5:41PM","W_TB_K_24","AMV","","PHD.GSH_18_5618"
"Feb 20 2015  5:41PM","W_TB_K_24","AWV","","PHD.GSH_18_5612"
"Feb 20 2015  5:41PM","W_TB_K_24","XOV","","PHD.GSH_18_5619"
"Feb 20 2015  5:41PM","W_TB_K_24","GLV","","PHD.GSH_18_5645"
"Feb 20 2015  5:41PM","W_TB_K_24","PCV","","PHD.GSL_18_56_06"
"Feb 20 2015  5:41PM","W_TB_K_24","PFORM_CALC","","PHD.NPY_18_5696A"
"Feb 20 2015  5:41PM","W_TB_K_24","TFORM_CALC","","PHD.NTY_18_5696A"
"Feb 20 2015  5:41PM","W_TB_K_24","CHOKE_POS_PER","","PHD.GI_18_5606E"
"Feb 20 2015  5:41PM","W_TB_K_24","TAG_32","","PHD.OFC_18_5696A"
"Feb 20 2015  5:41PM","W_TB_K_24","TAG_33","","PHD.OFC_18_5696B"
"Feb 20 2015  5:41PM","W_TB_K_24","TAG_34","","PHD.OFC_18_5696C"
"Feb 20 2015  5:41PM","W_TB_K_24","TAG_35","","PHD.OFC_18_5696D"
"Feb 20 2015  5:41PM","W_TB_K_24","TAG_36","","PHD.OFFI_18_5696C"
"Feb 20 2015  5:41PM","W_TB_K_24","GROUP","",""
"Feb 20 2015  5:41PM","W_TB_K_24","CLUSTER","",""
"Feb 20 2015  5:41PM","W_TB_K_24","QOILTARGET","","PHD.UR_18_7201A_X"
"Feb 20 2015  5:41PM","W_TB_K_24","QOILMIN","","PHD.URL_18_7201A_X"
"Feb 20 2015  5:41PM","W_TB_K_24","QOILMAX","","PHD.URH_18_7201A_X"
"Feb 20 2015  5:41PM","W_TB_K_24","QLIQTARGET","","PHD.UR_18_7201C_X"
"Feb 20 2015  5:41PM","W_TB_K_24","LIQMIN","","PHD.URL_18_7201C_X"
"Feb 20 2015  5:41PM","W_TB_K_24","QLIQMAX","","PHD.URH_18_7201C_X"
"Feb 20 2015  5:41PM","W_TB_L_11","EQUIPMENT_NAME","L11",""
"Feb 20 2015  5:41PM","W_TB_L_11","EQUIPMENT_DESC","L11- Troll B",""
"Feb 20 2015  5:41PM","W_TB_L_11","QOIL","","PHD.OFI_18_7296A"
"Feb 20 2015  5:41PM","W_TB_L_11","QWAT","","PHD.OFI_18_7296B"
"Feb 20 2015  5:41PM","W_TB_L_11","QLIQ","","PHD.OFI_18_7296C"
"Feb 20 2015  5:41PM","W_TB_L_11","QGAS","","PHD.OFI_18_7296D"
"Feb 20 2015  5:41PM","W_TB_L_11","WC","","PHD.OFFI_18_7296A"
"Feb 20 2015  5:41PM","W_TB_L_11","GOR","","PHD.OFFI_18_7296B"
"Feb 20 2015  5:41PM","W_TB_L_11","UCP","","PHD.PZI_18_7215"
"Feb 20 2015  5:41PM","W_TB_L_11","UCT","","PHD.TI_18_7223"
"Feb 20 2015  5:41PM","W_TB_L_11","DCP","","PHD.PZI_18_7217"
"Feb 20 2015  5:41PM","W_TB_L_11","DCT","","PHD.TI_18_7216"
"Feb 20 2015  5:41PM","W_TB_L_11","UCP_CALC","","PHD.NPY_18_7296B"
"Feb 20 2015  5:41PM","W_TB_L_11","UCT_CALC","","PHD.NTY_18_7296B"
"Feb 20 2015  5:41PM","W_TB_L_11","DCP_CALC","","PHD.NPY_18_7296C"
"Feb 20 2015  5:41PM","W_TB_L_11","DCT_CALC","","PHD.NTY_18_7296C"
"Feb 20 2015  5:41PM","W_TB_L_11","DP","","PHD.PDI_18_7206"
"Feb 20 2015  5:41PM","W_TB_L_11","CHOKE","","PHD.GI_18_7206A"
"Feb 20 2015  5:41PM","W_TB_L_11","CHOKE_CMD","","PHD.GI_18_7206B"
"Feb 20 2015  5:41PM","W_TB_L_11","CHOKE_CALC","","PHD.NGI_18_7206B"
"Feb 20 2015  5:41PM","W_TB_L_11","ERRF","","PHD.NFI_18_7296Z"
"Feb 20 2015  5:41PM","W_TB_L_11","MODUS","","PHD.HS_18_7206B"
"Feb 20 2015  5:41PM","W_TB_L_11","STATUS","","PHD.NI_18_7263"
"Feb 20 2015  5:41PM","W_TB_L_11","ROUTING","","PHD.GS_18_7209P"
"Feb 20 2015  5:41PM","W_TB_L_11","MeOH","","PHD.OFI_18_7296G"
"Feb 20 2015  5:41PM","W_TB_L_11","DHSVL","","PHD.GSH_18_7201"
"Feb 20 2015  5:41PM","W_TB_L_11","DHSVU","","PHD.GSH_18_7202"
"Feb 20 2015  5:41PM","W_TB_L_11","PMV","","PHD.GSH_18_7203"
"Feb 20 2015  5:41PM","W_TB_L_11","PWV","","PHD.GSH_18_7204"
"Feb 20 2015  5:41PM","W_TB_L_11","AMV","","PHD.GSH_18_7218"
"Feb 20 2015  5:41PM","W_TB_L_11","AWV","","PHD.GSH_18_7212"
"Feb 20 2015  5:41PM","W_TB_L_11","XOV","","PHD.GSH_18_7219"
"Feb 20 2015  5:41PM","W_TB_L_11","GLV","","PHD.GSH_18_7245"
"Feb 20 2015  5:41PM","W_TB_L_11","PCV","","PHD.GSL_18_72_06"
"Feb 20 2015  5:41PM","W_TB_L_11","PFORM_CALC","","PHD.NPY_18_7296A"
"Feb 20 2015  5:41PM","W_TB_L_11","TFORM_CALC","","PHD.NTY_18_7296A"
"Feb 20 2015  5:41PM","W_TB_L_11","CHOKE_POS_PER","","PHD.GI_18_7206E"
"Feb 20 2015  5:41PM","W_TB_L_11","TAG_32","","PHD.OFC_18_7296A"
"Feb 20 2015  5:41PM","W_TB_L_11","TAG_33","","PHD.OFC_18_7296B"
"Feb 20 2015  5:41PM","W_TB_L_11","TAG_34","","PHD.OFC_18_7296C"
"Feb 20 2015  5:41PM","W_TB_L_11","TAG_35","","PHD.OFC_18_7296D"
"Feb 20 2015  5:41PM","W_TB_L_11","TAG_36","","PHD.OFFI_18_7296C"
"Feb 20 2015  5:41PM","W_TB_L_11","GROUP","",""
"Feb 20 2015  5:41PM","W_TB_L_11","CLUSTER","",""
"Feb 20 2015  5:41PM","W_TB_L_11","QOILTARGET","","PHD.UR_18_7301A_X"
"Feb 20 2015  5:41PM","W_TB_L_11","QOILMIN","","PHD.URL_18_7301A_X"
"Feb 20 2015  5:41PM","W_TB_L_11","QOILMAX","","PHD.URH_18_7301A_X"
"Feb 20 2015  5:41PM","W_TB_L_11","QLIQTARGET","","PHD.UR_18_7301C_X"
"Feb 20 2015  5:41PM","W_TB_L_11","LIQMIN","","PHD.URL_18_7301C_X"
"Feb 20 2015  5:41PM","W_TB_L_11","QLIQMAX","","PHD.URH_18_7301C_X"
"Feb 20 2015  5:41PM","W_TB_L_12","EQUIPMENT_NAME","L12",""
"Feb 20 2015  5:41PM","W_TB_L_12","EQUIPMENT_DESC","L12- Troll B",""
"Feb 20 2015  5:41PM","W_TB_L_12","QOIL","","PHD.OFI_18_7396A"
"Feb 20 2015  5:41PM","W_TB_L_12","QWAT","","PHD.OFI_18_7396B"
"Feb 20 2015  5:41PM","W_TB_L_12","QLIQ","","PHD.OFI_18_7396C"
"Feb 20 2015  5:41PM","W_TB_L_12","QGAS","","PHD.OFI_18_7396D"
"Feb 20 2015  5:41PM","W_TB_L_12","WC","","PHD.OFFI_18_7396A"
"Feb 20 2015  5:41PM","W_TB_L_12","GOR","","PHD.OFFI_18_7396B"
"Feb 20 2015  5:41PM","W_TB_L_12","UCP","","PHD.PZI_18_7315"
"Feb 20 2015  5:41PM","W_TB_L_12","UCT","","PHD.TI_18_7323"
"Feb 20 2015  5:41PM","W_TB_L_12","DCP","","PHD.PZI_18_7317"
"Feb 20 2015  5:41PM","W_TB_L_12","DCT","","PHD.TI_18_7316"
"Feb 20 2015  5:41PM","W_TB_L_12","UCP_CALC","","PHD.NPY_18_7396B"
"Feb 20 2015  5:41PM","W_TB_L_12","UCT_CALC","","PHD.NTY_18_7396B"
"Feb 20 2015  5:41PM","W_TB_L_12","DCP_CALC","","PHD.NPY_18_7396C"
"Feb 20 2015  5:41PM","W_TB_L_12","DCT_CALC","","PHD.NTY_18_7396C"
"Feb 20 2015  5:41PM","W_TB_L_12","DP","","PHD.PDI_18_7306"
"Feb 20 2015  5:41PM","W_TB_L_12","CHOKE","","PHD.GI_18_7306A"
"Feb 20 2015  5:41PM","W_TB_L_12","CHOKE_CMD","","PHD.GI_18_7306B"
"Feb 20 2015  5:41PM","W_TB_L_12","CHOKE_CALC","","PHD.NGI_18_7306B"
"Feb 20 2015  5:41PM","W_TB_L_12","ERRF","","PHD.NFI_18_7396Z"
"Feb 20 2015  5:41PM","W_TB_L_12","MODUS","","PHD.HS_18_7306B"
"Feb 20 2015  5:41PM","W_TB_L_12","STATUS","","PHD.NI_18_7363"
"Feb 20 2015  5:41PM","W_TB_L_12","ROUTING","","PHD.GS_18_7309P"
"Feb 20 2015  5:41PM","W_TB_L_12","MeOH","","PHD.OFI_18_7396G"
"Feb 20 2015  5:41PM","W_TB_L_12","DHSVL","","PHD.GSH_18_7301"
"Feb 20 2015  5:41PM","W_TB_L_12","DHSVU","","PHD.GSH_18_7302"
"Feb 20 2015  5:41PM","W_TB_L_12","PMV","","PHD.GSH_18_7303"
"Feb 20 2015  5:41PM","W_TB_L_12","PWV","","PHD.GSH_18_7304"
"Feb 20 2015  5:41PM","W_TB_L_12","AMV","","PHD.GSH_18_7318"
"Feb 20 2015  5:41PM","W_TB_L_12","AWV","","PHD.GSH_18_7312"
"Feb 20 2015  5:41PM","W_TB_L_12","XOV","","PHD.GSH_18_7319"
"Feb 20 2015  5:41PM","W_TB_L_12","GLV","","PHD.GSH_18_7345"
"Feb 20 2015  5:41PM","W_TB_L_12","PCV","","PHD.GSL_18_73_06"
"Feb 20 2015  5:41PM","W_TB_L_12","PFORM_CALC","","PHD.NPY_18_7396A"
"Feb 20 2015  5:41PM","W_TB_L_12","TFORM_CALC","","PHD.NTY_18_7396A"
"Feb 20 2015  5:41PM","W_TB_L_12","CHOKE_POS_PER","","PHD.GI_18_7306E"
"Feb 20 2015  5:41PM","W_TB_L_12","TAG_32","","PHD.OFC_18_7396A"
"Feb 20 2015  5:41PM","W_TB_L_12","TAG_33","","PHD.OFC_18_7396B"
"Feb 20 2015  5:41PM","W_TB_L_12","TAG_34","","PHD.OFC_18_7396C"
"Feb 20 2015  5:41PM","W_TB_L_12","TAG_35","","PHD.OFC_18_7396D"
"Feb 20 2015  5:41PM","W_TB_L_12","TAG_36","","PHD.OFFI_18_7396C"
"Feb 20 2015  5:41PM","W_TB_L_12","GROUP","",""
"Feb 20 2015  5:41PM","W_TB_L_12","CLUSTER","",""
"Feb 20 2015  5:41PM","W_TB_L_12","QOILTARGET","","PHD.UR_18_7401A_X"
"Feb 20 2015  5:41PM","W_TB_L_12","QOILMIN","","PHD.URL_18_7401A_X"
"Feb 20 2015  5:41PM","W_TB_L_12","QOILMAX","","PHD.URH_18_7401A_X"
"Feb 20 2015  5:41PM","W_TB_L_12","QLIQTARGET","","PHD.UR_18_7401C_X"
"Feb 20 2015  5:41PM","W_TB_L_12","LIQMIN","","PHD.URL_18_7401C_X"
"Feb 20 2015  5:41PM","W_TB_L_12","QLIQMAX","","PHD.URH_18_7401C_X"
"Feb 20 2015  5:41PM","W_TB_L_13","EQUIPMENT_NAME","L13",""
"Feb 20 2015  5:41PM","W_TB_L_13","EQUIPMENT_DESC","L13- Troll B",""
"Feb 20 2015  5:41PM","W_TB_L_13","QOIL","","PHD.OFI_18_7496A"
"Feb 20 2015  5:41PM","W_TB_L_13","QWAT","","PHD.OFI_18_7496B"
"Feb 20 2015  5:41PM","W_TB_L_13","QLIQ","","PHD.OFI_18_7496C"
"Feb 20 2015  5:41PM","W_TB_L_13","QGAS","","PHD.OFI_18_7496D"
"Feb 20 2015  5:41PM","W_TB_L_13","WC","","PHD.OFFI_18_7496A"
"Feb 20 2015  5:41PM","W_TB_L_13","GOR","","PHD.OFFI_18_7496B"
"Feb 20 2015  5:41PM","W_TB_L_13","UCP","","PHD.PZI_18_7415"
"Feb 20 2015  5:41PM","W_TB_L_13","UCT","","PHD.TI_18_7423"
"Feb 20 2015  5:41PM","W_TB_L_13","DCP","","PHD.PZI_18_7417"
"Feb 20 2015  5:41PM","W_TB_L_13","DCT","","PHD.TI_18_7416"
"Feb 20 2015  5:41PM","W_TB_L_13","UCP_CALC","","PHD.NPY_18_7496B"
"Feb 20 2015  5:41PM","W_TB_L_13","UCT_CALC","","PHD.NTY_18_7496B"
"Feb 20 2015  5:41PM","W_TB_L_13","DCP_CALC","","PHD.NPY_18_7496C"
"Feb 20 2015  5:41PM","W_TB_L_13","DCT_CALC","","PHD.NTY_18_7496C"
"Feb 20 2015  5:41PM","W_TB_L_13","DP","","PHD.PDI_18_7406"
"Feb 20 2015  5:41PM","W_TB_L_13","CHOKE","","PHD.GI_18_7406A"
"Feb 20 2015  5:41PM","W_TB_L_13","CHOKE_CMD","","PHD.GI_18_7406B"
"Feb 20 2015  5:41PM","W_TB_L_13","CHOKE_CALC","","PHD.NGI_18_7406B"
"Feb 20 2015  5:41PM","W_TB_L_13","ERRF","","PHD.NFI_18_7496Z"
"Feb 20 2015  5:41PM","W_TB_L_13","MODUS","","PHD.HS_18_7406B"
"Feb 20 2015  5:41PM","W_TB_L_13","STATUS","","PHD.NI_18_7463"
"Feb 20 2015  5:41PM","W_TB_L_13","ROUTING","","PHD.GS_18_7409P"
"Feb 20 2015  5:41PM","W_TB_L_13","MeOH","","PHD.OFI_18_7496G"
"Feb 20 2015  5:41PM","W_TB_L_13","DHSVL","","PHD.GSH_18_7401"
"Feb 20 2015  5:41PM","W_TB_L_13","DHSVU","","PHD.GSH_18_7402"
"Feb 20 2015  5:41PM","W_TB_L_13","PMV","","PHD.GSH_18_7403"
"Feb 20 2015  5:41PM","W_TB_L_13","PWV","","PHD.GSH_18_7404"
"Feb 20 2015  5:41PM","W_TB_L_13","AMV","","PHD.GSH_18_7418"
"Feb 20 2015  5:41PM","W_TB_L_13","AWV","","PHD.GSH_18_7412"
"Feb 20 2015  5:41PM","W_TB_L_13","XOV","","PHD.GSH_18_7419"
"Feb 20 2015  5:41PM","W_TB_L_13","GLV","","PHD.GSH_18_7445"
"Feb 20 2015  5:41PM","W_TB_L_13","PCV","","PHD.GSL_18_74_06"
"Feb 20 2015  5:41PM","W_TB_L_13","PFORM_CALC","","PHD.NPY_18_7496A"
"Feb 20 2015  5:41PM","W_TB_L_13","TFORM_CALC","","PHD.NTY_18_7496A"
"Feb 20 2015  5:41PM","W_TB_L_13","CHOKE_POS_PER","","PHD.GI_18_7406E"
"Feb 20 2015  5:41PM","W_TB_L_13","TAG_32","","PHD.OFC_18_7496A"
"Feb 20 2015  5:41PM","W_TB_L_13","TAG_33","","PHD.OFC_18_7496B"
"Feb 20 2015  5:41PM","W_TB_L_13","TAG_34","","PHD.OFC_18_7496C"
"Feb 20 2015  5:41PM","W_TB_L_13","TAG_35","","PHD.OFC_18_7496D"
"Feb 20 2015  5:41PM","W_TB_L_13","TAG_36","","PHD.OFFI_18_7496C"
"Feb 20 2015  5:41PM","W_TB_L_13","GROUP","",""
"Feb 20 2015  5:41PM","W_TB_L_13","CLUSTER","",""
"Feb 20 2015  5:41PM","W_TB_L_13","QOILTARGET","","PHD.UR_18_7501A_X"
"Feb 20 2015  5:41PM","W_TB_L_13","QOILMIN","","PHD.URL_18_7501A_X"
"Feb 20 2015  5:41PM","W_TB_L_13","QOILMAX","","PHD.URH_18_7501A_X"
"Feb 20 2015  5:41PM","W_TB_L_13","QLIQTARGET","","PHD.UR_18_7501C_X"
"Feb 20 2015  5:41PM","W_TB_L_13","LIQMIN","","PHD.URL_18_7501C_X"
"Feb 20 2015  5:41PM","W_TB_L_13","QLIQMAX","","PHD.URH_18_7501C_X"
"Feb 20 2015  5:41PM","W_TB_L_14","EQUIPMENT_NAME","L14",""
"Feb 20 2015  5:41PM","W_TB_L_14","EQUIPMENT_DESC","L14- Troll B",""
"Feb 20 2015  5:41PM","W_TB_L_14","QOIL","","PHD.OFI_18_7596A"
"Feb 20 2015  5:41PM","W_TB_L_14","QWAT","","PHD.OFI_18_7596B"
"Feb 20 2015  5:41PM","W_TB_L_14","QLIQ","","PHD.OFI_18_7596C"
"Feb 20 2015  5:41PM","W_TB_L_14","QGAS","","PHD.OFI_18_7596D"
"Feb 20 2015  5:41PM","W_TB_L_14","WC","","PHD.OFFI_18_7596A"
"Feb 20 2015  5:41PM","W_TB_L_14","GOR","","PHD.OFFI_18_7596B"
"Feb 20 2015  5:41PM","W_TB_L_14","UCP","","PHD.PZI_18_7515"
"Feb 20 2015  5:41PM","W_TB_L_14","UCT","","PHD.TI_18_7523"
"Feb 20 2015  5:41PM","W_TB_L_14","DCP","","PHD.PZI_18_7517"
"Feb 20 2015  5:41PM","W_TB_L_14","DCT","","PHD.TI_18_7516"
"Feb 20 2015  5:41PM","W_TB_L_14","UCP_CALC","","PHD.NPY_18_7596B"
"Feb 20 2015  5:41PM","W_TB_L_14","UCT_CALC","","PHD.NTY_18_7596B"
"Feb 20 2015  5:41PM","W_TB_L_14","DCP_CALC","","PHD.NPY_18_7596C"
"Feb 20 2015  5:41PM","W_TB_L_14","DCT_CALC","","PHD.NTY_18_7596C"
"Feb 20 2015  5:41PM","W_TB_L_14","DP","","PHD.PDI_18_7506"
"Feb 20 2015  5:41PM","W_TB_L_14","CHOKE","","PHD.GI_18_7506A"
"Feb 20 2015  5:41PM","W_TB_L_14","CHOKE_CMD","","PHD.GI_18_7506B"
"Feb 20 2015  5:41PM","W_TB_L_14","CHOKE_CALC","","PHD.NGI_18_7506B"
"Feb 20 2015  5:41PM","W_TB_L_14","ERRF","","PHD.NFI_18_7596Z"
"Feb 20 2015  5:41PM","W_TB_L_14","MODUS","","PHD.HS_18_7506B"
"Feb 20 2015  5:41PM","W_TB_L_14","STATUS","","PHD.NI_18_7563"
"Feb 20 2015  5:41PM","W_TB_L_14","ROUTING","","PHD.GS_18_7509P"
"Feb 20 2015  5:41PM","W_TB_L_14","MeOH","","PHD.OFI_18_7596G"
"Feb 20 2015  5:41PM","W_TB_L_14","DHSVL","","PHD.GSH_18_7501"
"Feb 20 2015  5:41PM","W_TB_L_14","DHSVU","","PHD.GSH_18_7502"
"Feb 20 2015  5:41PM","W_TB_L_14","PMV","","PHD.GSH_18_7503"
"Feb 20 2015  5:41PM","W_TB_L_14","PWV","","PHD.GSH_18_7504"
"Feb 20 2015  5:41PM","W_TB_L_14","AMV","","PHD.GSH_18_7518"
"Feb 20 2015  5:41PM","W_TB_L_14","AWV","","PHD.GSH_18_7512"
"Feb 20 2015  5:41PM","W_TB_L_14","XOV","","PHD.GSH_18_7519"
"Feb 20 2015  5:41PM","W_TB_L_14","GLV","","PHD.GSH_18_7545"
"Feb 20 2015  5:41PM","W_TB_L_14","PCV","","PHD.GSL_18_75_06"
"Feb 20 2015  5:41PM","W_TB_L_14","PFORM_CALC","","PHD.NPY_18_7596A"
"Feb 20 2015  5:41PM","W_TB_L_14","TFORM_CALC","","PHD.NTY_18_7596A"
"Feb 20 2015  5:41PM","W_TB_L_14","CHOKE_POS_PER","","PHD.GI_18_7506E"
"Feb 20 2015  5:41PM","W_TB_L_14","TAG_32","","PHD.OFC_18_7596A"
"Feb 20 2015  5:41PM","W_TB_L_14","TAG_33","","PHD.OFC_18_7596B"
"Feb 20 2015  5:41PM","W_TB_L_14","TAG_34","","PHD.OFC_18_7596C"
"Feb 20 2015  5:41PM","W_TB_L_14","TAG_35","","PHD.OFC_18_7596D"
"Feb 20 2015  5:41PM","W_TB_L_14","TAG_36","","PHD.OFFI_18_7596C"
"Feb 20 2015  5:41PM","W_TB_L_14","GROUP","",""
"Feb 20 2015  5:41PM","W_TB_L_14","CLUSTER","",""
"Feb 20 2015  5:41PM","W_TB_L_14","QOILTARGET","","PHD.UR_18_7601A_X"
"Feb 20 2015  5:41PM","W_TB_L_14","QOILMIN","","PHD.URL_18_7601A_X"
"Feb 20 2015  5:41PM","W_TB_L_14","QOILMAX","","PHD.URH_18_7601A_X"
"Feb 20 2015  5:41PM","W_TB_L_14","QLIQTARGET","","PHD.UR_18_7601C_X"
"Feb 20 2015  5:41PM","W_TB_L_14","LIQMIN","","PHD.URL_18_7601C_X"
"Feb 20 2015  5:41PM","W_TB_L_14","QLIQMAX","","PHD.URH_18_7601C_X"
"Feb 20 2015  5:41PM","W_TB_L_21","EQUIPMENT_NAME","L21",""
"Feb 20 2015  5:41PM","W_TB_L_21","EQUIPMENT_DESC","L21- Troll B",""
"Feb 20 2015  5:41PM","W_TB_L_21","QOIL","","PHD.OFI_18_7696A"
"Feb 20 2015  5:41PM","W_TB_L_21","QWAT","","PHD.OFI_18_7696B"
"Feb 20 2015  5:41PM","W_TB_L_21","QLIQ","","PHD.OFI_18_7696C"
"Feb 20 2015  5:41PM","W_TB_L_21","QGAS","","PHD.OFI_18_7696D"
"Feb 20 2015  5:41PM","W_TB_L_21","WC","","PHD.OFFI_18_7696A"
"Feb 20 2015  5:41PM","W_TB_L_21","GOR","","PHD.OFFI_18_7696B"
"Feb 20 2015  5:41PM","W_TB_L_21","UCP","","PHD.PZI_18_7615"
"Feb 20 2015  5:41PM","W_TB_L_21","UCT","","PHD.TI_18_7623"
"Feb 20 2015  5:41PM","W_TB_L_21","DCP","","PHD.PZI_18_7617"
"Feb 20 2015  5:41PM","W_TB_L_21","DCT","","PHD.TI_18_7616"
"Feb 20 2015  5:41PM","W_TB_L_21","UCP_CALC","","PHD.NPY_18_7696B"
"Feb 20 2015  5:41PM","W_TB_L_21","UCT_CALC","","PHD.NTY_18_7696B"
"Feb 20 2015  5:41PM","W_TB_L_21","DCP_CALC","","PHD.NPY_18_7696C"
"Feb 20 2015  5:41PM","W_TB_L_21","DCT_CALC","","PHD.NTY_18_7696C"
"Feb 20 2015  5:41PM","W_TB_L_21","DP","","PHD.PDI_18_7606"
"Feb 20 2015  5:41PM","W_TB_L_21","CHOKE","","PHD.GI_18_7606A"
"Feb 20 2015  5:41PM","W_TB_L_21","CHOKE_CMD","","PHD.GI_18_7606B"
"Feb 20 2015  5:41PM","W_TB_L_21","CHOKE_CALC","","PHD.NGI_18_7606B"
"Feb 20 2015  5:41PM","W_TB_L_21","ERRF","","PHD.NFI_18_7696Z"
"Feb 20 2015  5:41PM","W_TB_L_21","MODUS","","PHD.HS_18_7606B"
"Feb 20 2015  5:41PM","W_TB_L_21","STATUS","","PHD.NI_18_7663"
"Feb 20 2015  5:41PM","W_TB_L_21","ROUTING","","PHD.GS_18_7609P"
"Feb 20 2015  5:41PM","W_TB_L_21","MeOH","","PHD.OFI_18_7696G"
"Feb 20 2015  5:41PM","W_TB_L_21","DHSVL","","PHD.GSH_18_7601"
"Feb 20 2015  5:41PM","W_TB_L_21","DHSVU","","PHD.GSH_18_7602"
"Feb 20 2015  5:41PM","W_TB_L_21","PMV","","PHD.GSH_18_7603"
"Feb 20 2015  5:41PM","W_TB_L_21","PWV","","PHD.GSH_18_7604"
"Feb 20 2015  5:41PM","W_TB_L_21","AMV","","PHD.GSH_18_7618"
"Feb 20 2015  5:41PM","W_TB_L_21","AWV","","PHD.GSH_18_7612"
"Feb 20 2015  5:41PM","W_TB_L_21","XOV","","PHD.GSH_18_7619"
"Feb 20 2015  5:41PM","W_TB_L_21","GLV","","PHD.GSH_18_7645"
"Feb 20 2015  5:41PM","W_TB_L_21","PCV","","PHD.GSL_18_76_06"
"Feb 20 2015  5:41PM","W_TB_L_21","PFORM_CALC","","PHD.NPY_18_7696A"
"Feb 20 2015  5:41PM","W_TB_L_21","TFORM_CALC","","PHD.NTY_18_7696A"
"Feb 20 2015  5:41PM","W_TB_L_21","CHOKE_POS_PER","","PHD.GI_18_7606E"
"Feb 20 2015  5:41PM","W_TB_L_21","TAG_32","","PHD.OFC_18_7696A"
"Feb 20 2015  5:41PM","W_TB_L_21","TAG_33","","PHD.OFC_18_7696B"
"Feb 20 2015  5:41PM","W_TB_L_21","TAG_34","","PHD.OFC_18_7696C"
"Feb 20 2015  5:41PM","W_TB_L_21","TAG_35","","PHD.OFC_18_7696D"
"Feb 20 2015  5:41PM","W_TB_L_21","TAG_36","","PHD.OFFI_18_7696C"
"Feb 20 2015  5:41PM","W_TB_L_21","GROUP","",""
"Feb 20 2015  5:41PM","W_TB_L_21","CLUSTER","",""
"Feb 20 2015  5:41PM","W_TB_L_21","QOILTARGET","","PHD.UR_18_7701A_X"
"Feb 20 2015  5:41PM","W_TB_L_21","QOILMIN","","PHD.URL_18_7701A_X"
"Feb 20 2015  5:41PM","W_TB_L_21","QOILMAX","","PHD.URH_18_7701A_X"
"Feb 20 2015  5:41PM","W_TB_L_21","QLIQTARGET","","PHD.UR_18_7701C_X"
"Feb 20 2015  5:41PM","W_TB_L_21","LIQMIN","","PHD.URL_18_7701C_X"
"Feb 20 2015  5:41PM","W_TB_L_21","QLIQMAX","","PHD.URH_18_7701C_X"
"Feb 20 2015  5:41PM","W_TB_L_22","EQUIPMENT_NAME","L22",""
"Feb 20 2015  5:41PM","W_TB_L_22","EQUIPMENT_DESC","L22- Troll B",""
"Feb 20 2015  5:41PM","W_TB_L_22","QOIL","","PHD.OFI_18_7796A"
"Feb 20 2015  5:41PM","W_TB_L_22","QWAT","","PHD.OFI_18_7796B"
"Feb 20 2015  5:41PM","W_TB_L_22","QLIQ","","PHD.OFI_18_7796C"
"Feb 20 2015  5:41PM","W_TB_L_22","QGAS","","PHD.OFI_18_7796D"
"Feb 20 2015  5:41PM","W_TB_L_22","WC","","PHD.OFFI_18_7796A"
"Feb 20 2015  5:41PM","W_TB_L_22","GOR","","PHD.OFFI_18_7796B"
"Feb 20 2015  5:41PM","W_TB_L_22","UCP","","PHD.PZI_18_7715"
"Feb 20 2015  5:41PM","W_TB_L_22","UCT","","PHD.TI_18_7723"
"Feb 20 2015  5:41PM","W_TB_L_22","DCP","","PHD.PZI_18_7717"
"Feb 20 2015  5:41PM","W_TB_L_22","DCT","","PHD.TI_18_7716"
"Feb 20 2015  5:41PM","W_TB_L_22","UCP_CALC","","PHD.NPY_18_7796B"
"Feb 20 2015  5:41PM","W_TB_L_22","UCT_CALC","","PHD.NTY_18_7796B"
"Feb 20 2015  5:41PM","W_TB_L_22","DCP_CALC","","PHD.NPY_18_7796C"
"Feb 20 2015  5:41PM","W_TB_L_22","DCT_CALC","","PHD.NTY_18_7796C"
"Feb 20 2015  5:41PM","W_TB_L_22","DP","","PHD.PDI_18_7706"
"Feb 20 2015  5:41PM","W_TB_L_22","CHOKE","","PHD.GI_18_7706A"
"Feb 20 2015  5:41PM","W_TB_L_22","CHOKE_CMD","","PHD.GI_18_7706B"
"Feb 20 2015  5:41PM","W_TB_L_22","CHOKE_CALC","","PHD.NGI_18_7706B"
"Feb 20 2015  5:41PM","W_TB_L_22","ERRF","","PHD.NFI_18_7796Z"
"Feb 20 2015  5:41PM","W_TB_L_22","MODUS","","PHD.HS_18_7706B"
"Feb 20 2015  5:41PM","W_TB_L_22","STATUS","","PHD.NI_18_7763"
"Feb 20 2015  5:41PM","W_TB_L_22","ROUTING","","PHD.GS_18_7709P"
"Feb 20 2015  5:41PM","W_TB_L_22","MeOH","","PHD.OFI_18_7796G"
"Feb 20 2015  5:41PM","W_TB_L_22","DHSVL","","PHD.GSH_18_7701"
"Feb 20 2015  5:41PM","W_TB_L_22","DHSVU","","PHD.GSH_18_7702"
"Feb 20 2015  5:41PM","W_TB_L_22","PMV","","PHD.GSH_18_7703"
"Feb 20 2015  5:41PM","W_TB_L_22","PWV","","PHD.GSH_18_7704"
"Feb 20 2015  5:41PM","W_TB_L_22","AMV","","PHD.GSH_18_7718"
"Feb 20 2015  5:41PM","W_TB_L_22","AWV","","PHD.GSH_18_7712"
"Feb 20 2015  5:41PM","W_TB_L_22","XOV","","PHD.GSH_18_7719"
"Feb 20 2015  5:41PM","W_TB_L_22","GLV","","PHD.GSH_18_7745"
"Feb 20 2015  5:41PM","W_TB_L_22","PCV","","PHD.GSL_18_77_06"
"Feb 20 2015  5:41PM","W_TB_L_22","PFORM_CALC","","PHD.NPY_18_7796A"
"Feb 20 2015  5:41PM","W_TB_L_22","TFORM_CALC","","PHD.NTY_18_7796A"
"Feb 20 2015  5:41PM","W_TB_L_22","CHOKE_POS_PER","","PHD.GI_18_7706E"
"Feb 20 2015  5:41PM","W_TB_L_22","TAG_32","","PHD.OFC_18_7796A"
"Feb 20 2015  5:41PM","W_TB_L_22","TAG_33","","PHD.OFC_18_7796B"
"Feb 20 2015  5:41PM","W_TB_L_22","TAG_34","","PHD.OFC_18_7796C"
"Feb 20 2015  5:41PM","W_TB_L_22","TAG_35","","PHD.OFC_18_7796D"
"Feb 20 2015  5:41PM","W_TB_L_22","TAG_36","","PHD.OFFI_18_7796C"
"Feb 20 2015  5:41PM","W_TB_L_22","GROUP","",""
"Feb 20 2015  5:41PM","W_TB_L_22","CLUSTER","",""
"Feb 20 2015  5:41PM","W_TB_L_22","QOILTARGET","","PHD.UR_18_7801A_X"
"Feb 20 2015  5:41PM","W_TB_L_22","QOILMIN","","PHD.URL_18_7801A_X"
"Feb 20 2015  5:41PM","W_TB_L_22","QOILMAX","","PHD.URH_18_7801A_X"
"Feb 20 2015  5:41PM","W_TB_L_22","QLIQTARGET","","PHD.UR_18_7801C_X"
"Feb 20 2015  5:41PM","W_TB_L_22","LIQMIN","","PHD.URL_18_7801C_X"
"Feb 20 2015  5:41PM","W_TB_L_22","QLIQMAX","","PHD.URH_18_7801C_X"
"Feb 20 2015  5:41PM","W_TB_L_23","EQUIPMENT_NAME","L23",""
"Feb 20 2015  5:41PM","W_TB_L_23","EQUIPMENT_DESC","L23- Troll B",""
"Feb 20 2015  5:41PM","W_TB_L_23","QOIL","","PHD.OFI_18_7896A"
"Feb 20 2015  5:41PM","W_TB_L_23","QWAT","","PHD.OFI_18_7896B"
"Feb 20 2015  5:41PM","W_TB_L_23","QLIQ","","PHD.OFI_18_7896C"
"Feb 20 2015  5:41PM","W_TB_L_23","QGAS","","PHD.OFI_18_7896D"
"Feb 20 2015  5:41PM","W_TB_L_23","WC","","PHD.OFFI_18_7896A"
"Feb 20 2015  5:41PM","W_TB_L_23","GOR","","PHD.OFFI_18_7896B"
"Feb 20 2015  5:41PM","W_TB_L_23","UCP","","PHD.PZI_18_7815"
"Feb 20 2015  5:41PM","W_TB_L_23","UCT","","PHD.TI_18_7823"
"Feb 20 2015  5:41PM","W_TB_L_23","DCP","","PHD.PZI_18_7817"
"Feb 20 2015  5:41PM","W_TB_L_23","DCT","","PHD.TI_18_7816"
"Feb 20 2015  5:41PM","W_TB_L_23","UCP_CALC","","PHD.NPY_18_7896B"
"Feb 20 2015  5:41PM","W_TB_L_23","UCT_CALC","","PHD.NTY_18_7896B"
"Feb 20 2015  5:41PM","W_TB_L_23","DCP_CALC","","PHD.NPY_18_7896C"
"Feb 20 2015  5:41PM","W_TB_L_23","DCT_CALC","","PHD.NTY_18_7896C"
"Feb 20 2015  5:41PM","W_TB_L_23","DP","","PHD.PDI_18_7806"
"Feb 20 2015  5:41PM","W_TB_L_23","CHOKE","","PHD.GI_18_7806A"
"Feb 20 2015  5:41PM","W_TB_L_23","CHOKE_CMD","","PHD.GI_18_7806B"
"Feb 20 2015  5:41PM","W_TB_L_23","CHOKE_CALC","","PHD.NGI_18_7806B"
"Feb 20 2015  5:41PM","W_TB_L_23","ERRF","","PHD.NFI_18_7896Z"
"Feb 20 2015  5:41PM","W_TB_L_23","MODUS","","PHD.HS_18_7806B"
"Feb 20 2015  5:41PM","W_TB_L_23","STATUS","","PHD.NI_18_7863"
"Feb 20 2015  5:41PM","W_TB_L_23","ROUTING","","PHD.GS_18_7809P"
"Feb 20 2015  5:41PM","W_TB_L_23","MeOH","","PHD.OFI_18_7896G"
"Feb 20 2015  5:41PM","W_TB_L_23","DHSVL","","PHD.GSH_18_7801"
"Feb 20 2015  5:41PM","W_TB_L_23","DHSVU","","PHD.GSH_18_7802"
"Feb 20 2015  5:41PM","W_TB_L_23","PMV","","PHD.GSH_18_7803"
"Feb 20 2015  5:41PM","W_TB_L_23","PWV","","PHD.GSH_18_7804"
"Feb 20 2015  5:41PM","W_TB_L_23","AMV","","PHD.GSH_18_7818"
"Feb 20 2015  5:41PM","W_TB_L_23","AWV","","PHD.GSH_18_7812"
"Feb 20 2015  5:41PM","W_TB_L_23","XOV","","PHD.GSH_18_7819"
"Feb 20 2015  5:41PM","W_TB_L_23","GLV","","PHD.GSH_18_7845"
"Feb 20 2015  5:41PM","W_TB_L_23","PCV","","PHD.GSL_18_78_06"
"Feb 20 2015  5:41PM","W_TB_L_23","PFORM_CALC","","PHD.NPY_18_7896A"
"Feb 20 2015  5:41PM","W_TB_L_23","TFORM_CALC","","PHD.NTY_18_7896A"
"Feb 20 2015  5:41PM","W_TB_L_23","CHOKE_POS_PER","","PHD.GI_18_7806E"
"Feb 20 2015  5:41PM","W_TB_L_23","TAG_32","","PHD.OFC_18_7896A"
"Feb 20 2015  5:41PM","W_TB_L_23","TAG_33","","PHD.OFC_18_7896B"
"Feb 20 2015  5:41PM","W_TB_L_23","TAG_34","","PHD.OFC_18_7896C"
"Feb 20 2015  5:41PM","W_TB_L_23","TAG_35","","PHD.OFC_18_7896D"
"Feb 20 2015  5:41PM","W_TB_L_23","TAG_36","","PHD.OFFI_18_7896C"
"Feb 20 2015  5:41PM","W_TB_L_23","GROUP","",""
"Feb 20 2015  5:41PM","W_TB_L_23","CLUSTER","",""
"Feb 20 2015  5:41PM","W_TB_L_23","QOILTARGET","","PHD.UR_18_7901A_X"
"Feb 20 2015  5:41PM","W_TB_L_23","QOILMIN","","PHD.URL_18_7901A_X"
"Feb 20 2015  5:41PM","W_TB_L_23","QOILMAX","","PHD.URH_18_7901A_X"
"Feb 20 2015  5:41PM","W_TB_L_23","QLIQTARGET","","PHD.UR_18_7901C_X"
"Feb 20 2015  5:41PM","W_TB_L_23","LIQMIN","","PHD.URL_18_7901C_X"
"Feb 20 2015  5:41PM","W_TB_L_23","QLIQMAX","","PHD.URH_18_7901C_X"
"Feb 20 2015  5:41PM","W_TB_L_24","EQUIPMENT_NAME","L24",""
"Feb 20 2015  5:41PM","W_TB_L_24","EQUIPMENT_DESC","L24- Troll B",""
"Feb 20 2015  5:41PM","W_TB_L_24","QOIL","","PHD.OFI_18_7996A"
"Feb 20 2015  5:41PM","W_TB_L_24","QWAT","","PHD.OFI_18_7996B"
"Feb 20 2015  5:41PM","W_TB_L_24","QLIQ","","PHD.OFI_18_7996C"
"Feb 20 2015  5:41PM","W_TB_L_24","QGAS","","PHD.OFI_18_7996D"
"Feb 20 2015  5:41PM","W_TB_L_24","WC","","PHD.OFFI_18_7996A"
"Feb 20 2015  5:41PM","W_TB_L_24","GOR","","PHD.OFFI_18_7996B"
"Feb 20 2015  5:41PM","W_TB_L_24","UCP","","PHD.PZI_18_7915"
"Feb 20 2015  5:41PM","W_TB_L_24","UCT","","PHD.TI_18_7923"
"Feb 20 2015  5:41PM","W_TB_L_24","DCP","","PHD.PZI_18_7917"
"Feb 20 2015  5:41PM","W_TB_L_24","DCT","","PHD.TI_18_7916"
"Feb 20 2015  5:41PM","W_TB_L_24","UCP_CALC","","PHD.NPY_18_7996B"
"Feb 20 2015  5:41PM","W_TB_L_24","UCT_CALC","","PHD.NTY_18_7996B"
"Feb 20 2015  5:41PM","W_TB_L_24","DCP_CALC","","PHD.NPY_18_7996C"
"Feb 20 2015  5:41PM","W_TB_L_24","DCT_CALC","","PHD.NTY_18_7996C"
"Feb 20 2015  5:41PM","W_TB_L_24","DP","","PHD.PDI_18_7906"
"Feb 20 2015  5:41PM","W_TB_L_24","CHOKE","","PHD.GI_18_7906A"
"Feb 20 2015  5:41PM","W_TB_L_24","CHOKE_CMD","","PHD.GI_18_7906B"
"Feb 20 2015  5:41PM","W_TB_L_24","CHOKE_CALC","","PHD.NGI_18_7906B"
"Feb 20 2015  5:41PM","W_TB_L_24","ERRF","","PHD.NFI_18_7996Z"
"Feb 20 2015  5:41PM","W_TB_L_24","MODUS","","PHD.HS_18_7906B"
"Feb 20 2015  5:41PM","W_TB_L_24","STATUS","","PHD.NI_18_7963"
"Feb 20 2015  5:41PM","W_TB_L_24","ROUTING","","PHD.GS_18_7909P"
"Feb 20 2015  5:41PM","W_TB_L_24","MeOH","","PHD.OFI_18_7996G"
"Feb 20 2015  5:41PM","W_TB_L_24","DHSVL","","PHD.GSH_18_7901"
"Feb 20 2015  5:41PM","W_TB_L_24","DHSVU","","PHD.GSH_18_7902"
"Feb 20 2015  5:41PM","W_TB_L_24","PMV","","PHD.GSH_18_7903"
"Feb 20 2015  5:41PM","W_TB_L_24","PWV","","PHD.GSH_18_7904"
"Feb 20 2015  5:41PM","W_TB_L_24","AMV","","PHD.GSH_18_7918"
"Feb 20 2015  5:41PM","W_TB_L_24","AWV","","PHD.GSH_18_7912"
"Feb 20 2015  5:41PM","W_TB_L_24","XOV","","PHD.GSH_18_7919"
"Feb 20 2015  5:41PM","W_TB_L_24","GLV","","PHD.GSH_18_7945"
"Feb 20 2015  5:41PM","W_TB_L_24","PCV","","PHD.GSL_18_79_06"
"Feb 20 2015  5:41PM","W_TB_L_24","PFORM_CALC","","PHD.NPY_18_7996A"
"Feb 20 2015  5:41PM","W_TB_L_24","TFORM_CALC","","PHD.NTY_18_7996A"
"Feb 20 2015  5:41PM","W_TB_L_24","CHOKE_POS_PER","","PHD.GI_18_7906E"
"Feb 20 2015  5:41PM","W_TB_L_24","TAG_32","","PHD.OFC_18_7996A"
"Feb 20 2015  5:41PM","W_TB_L_24","TAG_33","","PHD.OFC_18_7996B"
"Feb 20 2015  5:41PM","W_TB_L_24","TAG_34","","PHD.OFC_18_7996C"
"Feb 20 2015  5:41PM","W_TB_L_24","TAG_35","","PHD.OFC_18_7996D"
"Feb 20 2015  5:41PM","W_TB_L_24","TAG_36","","PHD.OFFI_18_7996C"
"Feb 20 2015  5:41PM","W_TB_L_24","GROUP","",""
"Feb 20 2015  5:41PM","W_TB_L_24","CLUSTER","",""
"Feb 20 2015  5:41PM","W_TB_L_24","QOILTARGET","",""
"Feb 20 2015  5:41PM","W_TB_L_24","QOILMIN","",""
"Feb 20 2015  5:41PM","W_TB_L_24","QOILMAX","",""
"Feb 20 2015  5:41PM","W_TB_L_24","QLIQTARGET","",""
"Feb 20 2015  5:41PM","W_TB_L_24","LIQMIN","",""
"Feb 20 2015  5:41PM","W_TB_L_24","QLIQMAX","",""
"Feb 20 2015  5:41PM","TP_TB_1","EQUIPMENT_NAME","Mongstad",""
"Feb 20 2015  5:41PM","TP_TB_1","EQUIPMENT_DESC","Oljerate/gassrate, Import Mongstad",""
"Feb 20 2015  5:41PM","TP_TB_1","QOIL","","PHD.FT_83_0001B"
"Feb 20 2015  5:41PM","TP_TB_1","QWAT","",""
"Feb 20 2015  5:41PM","TP_TB_1","QLIQ","",""
"Feb 20 2015  5:41PM","TP_TB_1","QGAS","",""
"Feb 20 2015  5:41PM","TP_TB_1","QOIL_TARGET","","PHD.UR_1840PL"
"Feb 20 2015  5:41PM","TP_TB_1","QOIL_LOW","","PHD.URL_1840PL"
"Feb 20 2015  5:41PM","TP_TB_1","QOIL_LOWLOW","","PHD.URLL_1840PL"
"Feb 20 2015  5:41PM","TP_TB_1","QOIL_HIGH","","PHD.URH_1840PL"
"Feb 20 2015  5:41PM","TP_TB_1","QOIL_HIGHHIGH","","PHD.URHH_1840PL"
"Feb 20 2015  5:41PM","TP_TB_1","QOIL_ALARMSTATUS","","PHD.URA_1840PL"
"Feb 20 2015  5:41PM","TP_TB_1","QGAS_TARGET","","PHD.URTA_1843PL"
"Feb 20 2015  5:41PM","TP_TB_1","QGAS_LOW","","PHD.URL_1843PL"
"Feb 20 2015  5:41PM","TP_TB_1","QGAS_LOWLOW","","PHD.URLL_1843PL"
"Feb 20 2015  5:41PM","TP_TB_1","QGAS_HIGH","","PHD.URH_1843PL"
"Feb 20 2015  5:41PM","TP_TB_1","QGAS_HIGHHIGH","","PHD.URHH_1843PL"
"Feb 20 2015  5:41PM","TP_TB_1","QGAS_ALARMSTATUS","","PHD.URA_1843PL"
"Feb 20 2015  5:41PM","TP_TB_2","EQUIPMENT_NAME","TPIS",""
"Feb 20 2015  5:41PM","TP_TB_2","EQUIPMENT_DESC","Oljerate/gassinjeksjon, Idun",""
"Feb 20 2015  5:41PM","TP_TB_2","QOIL","","PHD.OFI_18_8196A"
"Feb 20 2015  5:41PM","TP_TB_2","QWAT","",""
"Feb 20 2015  5:41PM","TP_TB_2","QLIQ","",""
"Feb 20 2015  5:41PM","TP_TB_2","QGAS","","PHD.GASTOTAL"
"Feb 20 2015  5:41PM","TP_TB_2","QOIL_TARGET","","PHD.UR_1840PL"
"Feb 20 2015  5:41PM","TP_TB_2","QOIL_LOW","","PHD.URL_1840PL"
"Feb 20 2015  5:41PM","TP_TB_2","QOIL_LOWLOW","","PHD.URLL_1840PL"
"Feb 20 2015  5:41PM","TP_TB_2","QOIL_HIGH","","PHD.URH_1840PL"
"Feb 20 2015  5:41PM","TP_TB_2","QOIL_HIGHHIGH","","PHD.URHH_1840PL"
"Feb 20 2015  5:41PM","TP_TB_2","QOIL_ALARMSTATUS","","PHD.URA_1840PL"
"Feb 20 2015  5:41PM","TP_TB_2","QGAS_TARGET","","PHD.URTA_1843PL"
"Feb 20 2015  5:41PM","TP_TB_2","QGAS_LOW","","PHD.URL_1843PL"
"Feb 20 2015  5:41PM","TP_TB_2","QGAS_LOWLOW","","PHD.URLL_1843PL"
"Feb 20 2015  5:41PM","TP_TB_2","QGAS_HIGH","","PHD.URH_1843PL"
"Feb 20 2015  5:41PM","TP_TB_2","QGAS_HIGHHIGH","","PHD.URHH_1843PL"
"Feb 20 2015  5:41PM","TP_TB_2","QGAS_ALARMSTATUS","","PHD.URA_1843PL"
"Feb 20 2015  5:41PM","TP_TB_3","EQUIPMENT_NAME","Troll_B",""
"Feb 20 2015  5:41PM","TP_TB_3","EQUIPMENT_DESC","Export Troll B",""
"Feb 20 2015  5:41PM","TP_TB_3","QOIL","","PHD.NFY_21_0601A"
"Feb 20 2015  5:41PM","TP_TB_3","QWAT","","PHD.FT_39_0209"
"Feb 20 2015  5:41PM","TP_TB_3","QLIQ","","PHD.UFI_18_8101C"
"Feb 20 2015  5:41PM","TP_TB_3","QGAS","","PHD.NFY_25_0017ADL"
"Feb 20 2015  5:41PM","TP_TB_3","QOIL_TARGET","","PHD.UR_1840PL"
"Feb 20 2015  5:41PM","TP_TB_3","QOIL_LOW","","PHD.URL_1840PL"
"Feb 20 2015  5:41PM","TP_TB_3","QOIL_LOWLOW","","PHD.URLL_1840PL"
"Feb 20 2015  5:41PM","TP_TB_3","QOIL_HIGH","","PHD.URH_1840PL"
"Feb 20 2015  5:41PM","TP_TB_3","QOIL_HIGHHIGH","","PHD.URHH_1840PL"
"Feb 20 2015  5:41PM","TP_TB_3","QOIL_ALARMSTATUS","","PHD.URA_1840PL"
"Feb 20 2015  5:41PM","TP_TB_3","QGAS_TARGET","","PHD.URTA_1843PL"
"Feb 20 2015  5:41PM","TP_TB_3","QGAS_LOW","","PHD.URL_1843PL"
"Feb 20 2015  5:41PM","TP_TB_3","QGAS_LOWLOW","","PHD.URLL_1843PL"
"Feb 20 2015  5:41PM","TP_TB_3","QGAS_HIGH","","PHD.URH_1843PL"
"Feb 20 2015  5:41PM","TP_TB_3","QGAS_HIGHHIGH","","PHD.URHH_1843PL"
"Feb 20 2015  5:41PM","TP_TB_3","QGAS_ALARMSTATUS","","PHD.URA_1843PL"
"Feb 20 2015  5:41PM","S_TB_1TEST","EQUIPMENT_NAME","T1",""
"Feb 20 2015  5:41PM","S_TB_1TEST","EQUIPMENT_DESC","Troll B 1st test separator",""
"Feb 20 2015  5:41PM","S_TB_1TEST","SEPTAG","","PHD.VA-20-0004"
"Feb 20 2015  5:41PM","S_TB_1TEST","QOIL","","PHD.V-SEP-QOIL-04"
"Feb 20 2015  5:41PM","S_TB_1TEST","QWAT","","PHD.V-SEP-QWAT-04"
"Feb 20 2015  5:41PM","S_TB_1TEST","QLIQ","","PHD.V-SEP-QLIQ-04"
"Feb 20 2015  5:41PM","S_TB_1TEST","QGAS","","PHD.FI_20_0615"
"Feb 20 2015  5:41PM","S_TB_1TEST","WC","","PHD.V-SEP-WC-04"
"Feb 20 2015  5:41PM","S_TB_1TEST","GOR","","PHD.V-SEP-GOR-04"
"Feb 20 2015  5:41PM","S_TB_1TEST","PSEP","","PHD.PT_20_0605"
"Feb 20 2015  5:41PM","S_TB_1TEST","TSEP","","PHD.TT_20_0613"
"Feb 20 2015  5:41PM","S_TB_1TEST","RHOOIL","","PHD.DT_20_0611"
"Feb 20 2015  5:41PM","S_TB_1TEST","RHOGAS","","PHD.DT_20_0614"
"Feb 20 2015  5:41PM","S_TB_2TEST","EQUIPMENT_NAME","T2",""
"Feb 20 2015  5:41PM","S_TB_2TEST","EQUIPMENT_DESC","Troll B 2nd test separator",""
"Feb 20 2015  5:41PM","S_TB_2TEST","SEPTAG","","PHD.VA-20-0005"
"Feb 20 2015  5:41PM","S_TB_2TEST","QOIL","","PHD.V-SEP-QOIL-05"
"Feb 20 2015  5:41PM","S_TB_2TEST","QWAT","","PHD.V-SEP-QWAT-05"
"Feb 20 2015  5:41PM","S_TB_2TEST","QLIQ","","PHD.V-SEP-QLIQ-05"
"Feb 20 2015  5:41PM","S_TB_2TEST","QGAS","","PHD.FI_20_0665"
"Feb 20 2015  5:41PM","S_TB_2TEST","WC","","PHD.V-SEP-WC-05"
"Feb 20 2015  5:41PM","S_TB_2TEST","GOR","","PHD.V-SEP-GOR-05"
"Feb 20 2015  5:41PM","S_TB_2TEST","PSEP","","PHD.PT_20_0655"
"Feb 20 2015  5:41PM","S_TB_2TEST","TSEP","","PHD.TT_20_0551"
"Feb 20 2015  5:41PM","S_TB_2TEST","RHOOIL","","PHD.DT_20_0661"
"Feb 20 2015  5:41PM","S_TB_2TEST","RHOGAS","","PHD.DT_20_0664"
"Feb 20 2015  5:41PM","DP","EQUIPMENT_NAME","DP",""
"Feb 20 2015  5:41PM","DP","EQUIPMENT_DESC","DP",""
"Feb 20 2015  5:41PM","DP","WATERLEVELPCT","","PHD.LIC_20_0103"
"Feb 20 2015  5:41PM","DP","WATERLEVEL","","PHD.LIC_20_0103C"
"Feb 20 2015  5:41PM","DP","OILLEVELPCT","","PHD.LT_20_0101"
"Feb 20 2015  5:41PM","DP","OILLEVEL","","PHD.LIC_20_0101C"
"Feb 20 2015  5:41PM","DP","WATEROUT","","PHD.FT_20_0111"
"Feb 20 2015  5:41PM","DP","OILOUT","","PHD.FT_20_0109"
"Feb 20 2015  5:41PM","DP","TEMPERATURE","","PHD.TT_20_0005"
"Feb 20 2015  5:41PM","DP","PRESSURE","","PHD.PZT_20_0106"
"Feb 20 2015  5:41PM","DP","EMULSIONTHICKNESSDOWN","","PHD.LYL_20_0103"
"Feb 20 2015  5:41PM","DP","EMULSIONTHICKNESSUP","","PHD.LYH_20_0103"
"Feb 20 2015  5:41PM","DP","EMULSIONDENSITYLOW","","PHD.DYL_20_0103"
"Feb 20 2015  5:41PM","DP","EMULSIONDENSITYHIGH","","PHD.DYH_20_0103"
"Feb 20 2015  5:41PM","DP","DIRECTION","","PHD.LY_20_0103C"
"Feb 20 2015  5:41PM","DP","DENSITYLEVEL1","","PHD.LY_20_0103C"
"Feb 20 2015  5:41PM","DP","DENSITY1","","PHD.DY_20_0103"
"Feb 20 2015  5:41PM","DP","DENSITYLEVEL2","","PHD.LY_20_0104C"
"Feb 20 2015  5:41PM","DP","DENSITY2","","PHD.DY_20_0104"
"Feb 20 2015  5:41PM","DP","SCANNINGON1","","PHD.KS_20_0103D"
"Feb 20 2015  5:41PM","DP","SCANNINGON2","","PHD.KS_20_0104D"
"Jan 13 2023 10:07AM","W_TB_D_01","GLV","","PHD.GI_18_0145"
"Jan 13 2023 10:07AM","W_TB_D_01","GLV","","PHD.GI_18_0145"
"Jan 13 2023 11:59AM","W_TB_D_02","GLV","","PHD.GI_18_0245"
"Jan 13 2023 11:59AM","W_TB_D_05","GLV","","PHD.GI_18_0545"
"Jan 13 2023 11:59AM","W_TB_D_06","GLV","","PHD.GI_18_0645"
"Jan 13 2023 11:59AM","W_TB_D_07","GLV","","PHD.GI_18_0745"
"Jan 13 2023 11:59AM","W_TB_D_08","GLV","","PHD.GI_18_0845"
"Jan 13 2023 11:59AM","W_TB_D_02","GLV","","PHD.GI_18_0245"
"Jan 13 2023 11:59AM","W_TB_D_05","GLV","","PHD.GI_18_0545"
"Jan 13 2023 11:59AM","W_TB_D_06","GLV","","PHD.GI_18_0645"
"Jan 13 2023 11:59AM","W_TB_D_07","GLV","","PHD.GI_18_0745"
"Jan 13 2023 11:59AM","W_TB_D_08","GLV","","PHD.GI_18_0845"
"Jan 13 2023 12:01PM","W_TB_E_04","GLV","","PHD.GI_18_1245"
"Jan 13 2023 12:01PM","W_TB_E_05","GLV","","PHD.GI_18_1345"
"Jan 13 2023 12:01PM","W_TB_E_06","GLV","","PHD.GI_18_1445"
"Jan 13 2023 12:01PM","W_TB_E_04","GLV","","PHD.GI_18_1245"
"Jan 13 2023 12:01PM","W_TB_E_05","GLV","","PHD.GI_18_1345"
"Jan 13 2023 12:01PM","W_TB_E_06","GLV","","PHD.GI_18_1445"
"Jan 13 2023 12:02PM","W_TB_E_01","GLV","","PHD.GI_18_0945"
"Jan 13 2023 12:02PM","W_TB_E_03","GLV","","PHD.GI_18_1145"
"Jan 13 2023 12:02PM","W_TB_E_04","GLV","","PHD.GI_18_1245"
"Jan 13 2023 12:02PM","W_TB_E_05","GLV","","PHD.GI_18_1345"
"Jan 13 2023 12:02PM","W_TB_E_06","GLV","","PHD.GI_18_1445"
"Jan 13 2023 12:02PM","W_TB_E_01","GLV","","PHD.GI_18_0945"
"Jan 13 2023 12:02PM","W_TB_E_03","GLV","","PHD.GI_18_1145"
"Jan 13 2023 12:02PM","W_TB_E_04","GLV","","PHD.GI_18_1245"
"Jan 13 2023 12:02PM","W_TB_E_05","GLV","","PHD.GI_18_1345"
"Jan 13 2023 12:02PM","W_TB_E_06","GLV","","PHD.GI_18_1445"
"Jan 13 2023 12:04PM","W_TB_F_01","GLV","","PHD.GI_18_1545"
"Jan 13 2023 12:04PM","W_TB_F_04","GLV","","PHD.GI_18_1845"
"Jan 13 2023 12:04PM","W_TB_F_06","GLV","","PHD.GI_18_2045"
"Jan 13 2023 12:04PM","W_TB_F_01","GLV","","PHD.GI_18_1545"
"Jan 13 2023 12:04PM","W_TB_F_04","GLV","","PHD.GI_18_1845"
"Jan 13 2023 12:04PM","W_TB_F_06","GLV","","PHD.GI_18_2045"
"Jan 13 2023 12:05PM","W_TB_G_01","GLV","","PHD.GI_18_2145"
"Jan 13 2023 12:05PM","W_TB_G_03","GLV","","PHD.GI_18_2345"
"Jan 13 2023 12:05PM","W_TB_G_04","GLV","","PHD.GI_18_2445"
"Jan 13 2023 12:05PM","W_TB_G_06","GLV","","PHD.GI_18_2645"
"Jan 13 2023 12:05PM","W_TB_G_01","GLV","","PHD.GI_18_2145"
"Jan 13 2023 12:05PM","W_TB_G_03","GLV","","PHD.GI_18_2345"
"Jan 13 2023 12:05PM","W_TB_G_04","GLV","","PHD.GI_18_2445"
"Jan 13 2023 12:05PM","W_TB_G_06","GLV","","PHD.GI_18_2645"
"Jan 13 2023 12:06PM","W_TB_H_01","GLV","","PHD.GI_18_2745"
"Jan 13 2023 12:06PM","W_TB_H_02","GLV","","PHD.GI_18_2845"
"Jan 13 2023 12:06PM","W_TB_H_03","GLV","","PHD.GI_18_2945"
"Jan 13 2023 12:06PM","W_TB_H_04","GLV","","PHD.GI_18_3045"
"Jan 13 2023 12:06PM","W_TB_H_05","GLV","","PHD.GI_18_3145"
"Jan 13 2023 12:06PM","W_TB_H_01","GLV","","PHD.GI_18_2745"
"Jan 13 2023 12:06PM","W_TB_H_02","GLV","","PHD.GI_18_2845"
"Jan 13 2023 12:06PM","W_TB_H_03","GLV","","PHD.GI_18_2945"
"Jan 13 2023 12:06PM","W_TB_H_04","GLV","","PHD.GI_18_3045"
"Jan 13 2023 12:06PM","W_TB_H_05","GLV","","PHD.GI_18_3145"
"Jan 13 2023 12:13PM","W_TB_I_11","GLV","","PHD.GI_18_3345"
"Jan 13 2023 12:13PM","W_TB_I_11","GLV","","PHD.GI_18_3345"
"Jan 13 2023  1:05PM","W_TB_I_11","GLV","","PHD.GI_18_3345"
"Jan 13 2023  1:05PM","W_TB_I_12","GLV","","PHD.GI_18_3445"
"Jan 13 2023  1:05PM","W_TB_I_13","GLV","","PHD.GI_18_3545"
"Jan 13 2023  1:05PM","W_TB_I_14","GLV","","PHD.GI_18_3645"
"Jan 13 2023  1:05PM","W_TB_I_21","GLV","","PHD.GI_18_3745"
"Jan 13 2023  1:05PM","W_TB_I_22","GLV","","PHD.GI_18_3845"
"Jan 13 2023  1:05PM","W_TB_I_23","GLV","","PHD.GI_18_3945"
"Jan 13 2023  1:05PM","W_TB_I_32","GLV","","PHD.GI_18_4045"
"Jan 13 2023  1:05PM","W_TB_I_11","GLV","","PHD.GI_18_3345"
"Jan 13 2023  1:05PM","W_TB_I_12","GLV","","PHD.GI_18_3445"
"Jan 13 2023  1:05PM","W_TB_I_13","GLV","","PHD.GI_18_3545"
"Jan 13 2023  1:05PM","W_TB_I_14","GLV","","PHD.GI_18_3645"
"Jan 13 2023  1:05PM","W_TB_I_21","GLV","","PHD.GI_18_3745"
"Jan 13 2023  1:05PM","W_TB_I_22","GLV","","PHD.GI_18_3845"
"Jan 13 2023  1:05PM","W_TB_I_23","GLV","","PHD.GI_18_3945"
"Jan 13 2023  1:05PM","W_TB_I_32","GLV","","PHD.GI_18_4045"
"Jan 13 2023  1:09PM","W_TB_I_11","GLV","","PHD.GI_18_3345"
"Jan 13 2023  1:09PM","W_TB_I_12","GLV","","PHD.GI_18_3445"
"Jan 13 2023  1:09PM","W_TB_I_13","GLV","","PHD.GI_18_3545"
"Jan 13 2023  1:09PM","W_TB_I_14","GLV","","PHD.GI_18_3645"
"Jan 13 2023  1:09PM","W_TB_I_21","GLV","","PHD.GI_18_3745"
"Jan 13 2023  1:09PM","W_TB_I_22","GLV","","PHD.GI_18_3845"
"Jan 13 2023  1:09PM","W_TB_I_23","GLV","","PHD.GI_18_3945"
"Jan 13 2023  1:09PM","W_TB_I_32","GLV","","PHD.GI_18_4045"
"Jan 13 2023  1:10PM","W_TB_J_11","GLV","","PHD.GI_18_4145"
"Jan 13 2023  1:10PM","W_TB_J_12","GLV","","PHD.GI_18_4245"
"Jan 13 2023  1:10PM","W_TB_J_13","GLV","","PHD.GI_18_4345"
"Jan 13 2023  1:10PM","W_TB_J_14","GLV","","PHD.GI_18_4445"
"Jan 13 2023  1:10PM","W_TB_J_21","GLV","","PHD.GI_18_4545"
"Jan 13 2023  1:10PM","W_TB_J_22","GLV","","PHD.GI_18_4645"
"Jan 13 2023  1:10PM","W_TB_J_23","GLV","","PHD.GI_18_4745"
"Jan 13 2023  1:10PM","W_TB_J_24","GLV","","PHD.GI_18_4845"
"Jan 13 2023  1:10PM","W_TB_J_11","GLV","","PHD.GI_18_4145"
"Jan 13 2023  1:10PM","W_TB_J_12","GLV","","PHD.GI_18_4245"
"Jan 13 2023  1:10PM","W_TB_J_13","GLV","","PHD.GI_18_4345"
"Jan 13 2023  1:10PM","W_TB_J_14","GLV","","PHD.GI_18_4445"
"Jan 13 2023  1:10PM","W_TB_J_21","GLV","","PHD.GI_18_4545"
"Jan 13 2023  1:10PM","W_TB_J_22","GLV","","PHD.GI_18_4645"
"Jan 13 2023  1:10PM","W_TB_J_23","GLV","","PHD.GI_18_4745"
"Jan 13 2023  1:10PM","W_TB_J_24","GLV","","PHD.GI_18_4845"
"Jan 13 2023  1:11PM","W_TB_J_11","GLV","","PHD.GI_18_4145"
"Jan 13 2023  1:11PM","W_TB_J_12","GLV","","PHD.GI_18_4245"
"Jan 13 2023  1:11PM","W_TB_J_13","GLV","","PHD.GI_18_4345"
"Jan 13 2023  1:11PM","W_TB_J_14","GLV","","PHD.GI_18_4445"
"Jan 13 2023  1:11PM","W_TB_J_21","GLV","","PHD.GI_18_4545"
"Jan 13 2023  1:11PM","W_TB_J_22","GLV","","PHD.GI_18_4645"
"Jan 13 2023  1:11PM","W_TB_J_23","GLV","","PHD.GI_18_4745"
"Jan 13 2023  1:11PM","W_TB_J_24","GLV","","PHD.GI_18_4845"
"Jan 13 2023  1:11PM","W_TB_K_11","GLV","","PHD.GI_18_4945"
"Jan 13 2023  1:11PM","W_TB_K_12","GLV","","PHD.GI_18_5045"
"Jan 13 2023  1:11PM","W_TB_K_13","GLV","","PHD.GI_18_5145"
"Jan 13 2023  1:11PM","W_TB_K_14","GLV","","PHD.GI_18_5245"
"Jan 13 2023  1:11PM","W_TB_K_21","GLV","","PHD.GI_18_5345"
"Jan 13 2023  1:11PM","W_TB_K_22","GLV","","PHD.GI_18_5445"
"Jan 13 2023  1:11PM","W_TB_K_23","GLV","","PHD.GI_18_5545"
"Jan 13 2023  1:11PM","W_TB_K_24","GLV","","PHD.GI_18_5645"
"Jan 13 2023  1:11PM","W_TB_K_11","GLV","","PHD.GI_18_4945"
"Jan 13 2023  1:11PM","W_TB_K_12","GLV","","PHD.GI_18_5045"
"Jan 13 2023  1:11PM","W_TB_K_13","GLV","","PHD.GI_18_5145"
"Jan 13 2023  1:11PM","W_TB_K_14","GLV","","PHD.GI_18_5245"
"Jan 13 2023  1:11PM","W_TB_K_21","GLV","","PHD.GI_18_5345"
"Jan 13 2023  1:11PM","W_TB_K_22","GLV","","PHD.GI_18_5445"
"Jan 13 2023  1:11PM","W_TB_K_23","GLV","","PHD.GI_18_5545"
"Jan 13 2023  1:11PM","W_TB_K_24","GLV","","PHD.GI_18_5645"
"Jan 13 2023  1:12PM","W_TB_K_11","GLV","","PHD.GI_18_4945"
"Jan 13 2023  1:12PM","W_TB_K_12","GLV","","PHD.GI_18_5045"
"Jan 13 2023  1:12PM","W_TB_K_13","GLV","","PHD.GI_18_5145"
"Jan 13 2023  1:12PM","W_TB_K_14","GLV","","PHD.GI_18_5245"
"Jan 13 2023  1:12PM","W_TB_K_21","GLV","","PHD.GI_18_5345"
"Jan 13 2023  1:12PM","W_TB_K_22","GLV","","PHD.GI_18_5445"
"Jan 13 2023  1:12PM","W_TB_K_23","GLV","","PHD.GI_18_5545"
"Jan 13 2023  1:12PM","W_TB_K_24","GLV","","PHD.GI_18_5645"
"Jan 13 2023  1:12PM","W_TB_L_11","GLV","","PHD.GI_18_7245"
"Jan 13 2023  1:12PM","W_TB_L_12","GLV","","PHD.GI_18_7345"
"Jan 13 2023  1:12PM","W_TB_L_13","GLV","","PHD.GI_18_7445"
"Jan 13 2023  1:12PM","W_TB_L_14","GLV","","PHD.GI_18_7545"
"Jan 13 2023  1:12PM","W_TB_L_21","GLV","","PHD.GI_18_7645"
"Jan 13 2023  1:12PM","W_TB_L_22","GLV","","PHD.GI_18_7745"
"Jan 13 2023  1:12PM","W_TB_L_23","GLV","","PHD.GI_18_7845"
"Jan 13 2023  1:12PM","W_TB_L_24","GLV","","PHD.GI_18_7945"
"Jan 13 2023  1:12PM","W_TB_L_11","GLV","","PHD.GI_18_7245"
"Jan 13 2023  1:12PM","W_TB_L_12","GLV","","PHD.GI_18_7345"
"Jan 13 2023  1:12PM","W_TB_L_13","GLV","","PHD.GI_18_7445"
"Jan 13 2023  1:12PM","W_TB_L_14","GLV","","PHD.GI_18_7545"
"Jan 13 2023  1:12PM","W_TB_L_21","GLV","","PHD.GI_18_7645"
"Jan 13 2023  1:12PM","W_TB_L_22","GLV","","PHD.GI_18_7745"
"Jan 13 2023  1:12PM","W_TB_L_23","GLV","","PHD.GI_18_7845"
"Jan 13 2023  1:12PM","W_TB_L_24","GLV","","PHD.GI_18_7945"
"Jan 13 2023  1:13PM","W_TB_L_11","GLV","","PHD.GI_18_7245"
"Jan 13 2023  1:13PM","W_TB_L_12","GLV","","PHD.GI_18_7345"
"Jan 13 2023  1:13PM","W_TB_L_13","GLV","","PHD.GI_18_7445"
"Jan 13 2023  1:13PM","W_TB_L_14","GLV","","PHD.GI_18_7545"
"Jan 13 2023  1:13PM","W_TB_L_21","GLV","","PHD.GI_18_7645"
"Jan 13 2023  1:13PM","W_TB_L_22","GLV","","PHD.GI_18_7745"
"Jan 13 2023  1:13PM","W_TB_L_23","GLV","","PHD.GI_18_7845"
"Jan 13 2023  1:13PM","W_TB_L_24","GLV","","PHD.GI_18_7945"
