"EQ_NAME","ATTR_OWN","ATTR","VALUE","UNITS","TAGNAME","DOMAIN_NAME","PROC_TYP","CALC_PROC","ENABLED","EFFCTV_START_DT","EFFCTV_END_DT","MOD_DT_TM","MOD_BY_USER"
"CL_TB_D","PCC","EQUIPMENT_NAME","D","","","","","","-1","Feb 20 2015  5:41PM","","",""
"PL_TB_D_P","PCC","QLIQ","","","","","","PHD.OFI_18_6196PC","-1","Feb 20 2015  5:41PM","","",""
"PL_TB_F_T","PCC","QGAS","","","","","","PHD.OFI_18_6396TD","-1","Feb 20 2015  5:41PM","","",""
"PL_TB_I_P","PCC","WC","","","","","","PHD.OFFI_18_6896PA","-1","Feb 20 2015  5:41PM","","",""
"PL_TB_K_T","PCC","WC","","","","","","PHD.OFFI_18_7096TA","-1","Feb 20 2015  5:41PM","","",""
"W_TB_D_01","PCC","TAG_34","","","","","","PHD.OFC_18_0196C","-1","Feb 20 2015  5:41PM","","",""
"W_TB_D_03","PCC","DHSVL","","","","","","PHD.GSH_18_0301","-1","Feb 20 2015  5:41PM","","",""
"W_TB_D_05","PCC","UCP_CALC","","","","","","PHD.NPY_18_0596B","-1","Feb 20 2015  5:41PM","","",""
"W_TB_D_06","PCC","LIQMIN","","","","","","PHD.URL_18_0601C_X","-1","Feb 20 2015  5:41PM","","",""
"W_TB_D_08","PCC","PFORM_CALC","","","","","","PHD.NPY_18_0896A","-1","Feb 20 2015  5:41PM","","",""
"W_TB_E_02","PCC","ERRF","","","","","","PHD.NFI_18_1096Z","-1","Feb 20 2015  5:41PM","","",""
"W_TB_E_04","PCC","WC","","","","","","PHD.OFFI_18_1296A","-1","Feb 20 2015  5:41PM","","",""
"W_TB_E_05","PCC","GROUP","","","","","","","-1","Feb 20 2015  5:41PM","","",""
"W_TB_F_01","PCC","PWV","","","","","","PHD.GSH_18_1504","-1","Feb 20 2015  5:41PM","","",""
"W_TB_F_03","PCC","DCT_CALC","","","","","","PHD.NULL","-1","Feb 20 2015  5:41PM","","",""
"W_TB_F_05","PCC","QOIL","","","","","","PHD.OFI_18_1996A","-1","Feb 20 2015  5:41PM","","",""
"W_TB_F_06","PCC","TAG_33","","","","","","PHD.OFC_18_2096B","-1","Feb 20 2015  5:41PM","","",""
"W_TB_G_02","PCC","MeOH","","","","","","PHD.OFI_18_2296G","-1","Feb 20 2015  5:41PM","","",""
"W_TB_G_04","PCC","DCT","","","","","","PHD.TI_18_2416","-1","Feb 20 2015  5:41PM","","",""
"W_TB_G_05","PCC","QLIQTARGET","","","","","","PHD.UR_18_2601C_X","-1","Feb 20 2015  5:41PM","","",""
"W_TB_H_01","PCC","PCV","","","","","","PHD.GSL_18_27_06","-1","Feb 20 2015  5:41PM","","",""
"W_TB_H_03","PCC","CHOKE_CALC","","","","","","PHD.NGI_18_2906B","-1","Feb 20 2015  5:41PM","","",""
"W_TB_H_05","PCC","QGAS","","","","","","PHD.OFI_18_3196D","-1","Feb 20 2015  5:41PM","","",""
"W_TB_H_06","PCC","TAG_36","","","","","","PHD.OFFI_18_3296C","-1","Feb 20 2015  5:41PM","","",""
"W_TB_I_12","PCC","PMV","","","","","","PHD.GSH_18_3403","-1","Feb 20 2015  5:41PM","","",""
"W_TB_I_14","PCC","UCT_CALC","","","","","","PHD.NTY_18_3696B","-1","Feb 20 2015  5:41PM","","",""
"W_TB_I_21","PCC","QLIQMAX","","","","","","PHD.URH_18_3801C_X","-1","Feb 20 2015  5:41PM","","",""
"W_TB_I_23","PCC","TFORM_CALC","","","","","","PHD.NTY_18_3996A","-1","Feb 20 2015  5:41PM","","",""
"W_TB_J_11","PCC","MODUS","","","","","","PHD.HS_18_4106B","-1","Feb 20 2015  5:41PM","","",""
"W_TB_J_13","PCC","GOR","","","","","","PHD.OFFI_18_4396B","-1","Feb 20 2015  5:41PM","","",""
"W_TB_J_14","PCC","CLUSTER","","","","","","","-1","Feb 20 2015  5:41PM","","",""
"W_TB_J_22","PCC","AMV","","","","","","PHD.GSH_18_4618","-1","Feb 20 2015  5:41PM","","",""
"W_TB_J_24","PCC","DCT_CALC","","","","","","PHD.NTY_18_4896C","-1","Feb 20 2015  5:41PM","","",""
"W_TB_K_12","PCC","EQUIPMENT_DESC","K12- Troll B","","","","","","-1","Feb 20 2015  5:41PM","","",""
"W_TB_K_13","PCC","TAG_32","","","","","","PHD.OFC_18_5196A","-1","Feb 20 2015  5:41PM","","",""
"W_TB_K_21","PCC","ROUTING","","","","","","PHD.GS_18_5309P","-1","Feb 20 2015  5:41PM","","",""
"W_TB_K_23","PCC","UCT","","","","","","PHD.TI_18_5523","-1","Feb 20 2015  5:41PM","","",""
"W_TB_K_24","PCC","QOILMIN","","","","","","PHD.URL_18_7201A_X","-1","Feb 20 2015  5:41PM","","",""
"W_TB_L_12","PCC","XOV","","","","","","PHD.GSH_18_7319","-1","Feb 20 2015  5:41PM","","",""
"W_TB_L_14","PCC","CHOKE","","","","","","PHD.GI_18_7506A","-1","Feb 20 2015  5:41PM","","",""
"W_TB_L_14","PCC","CHOKE_CMD","","","","","","PHD.GI_18_7506B","-1","Feb 20 2015  5:41PM","","",""
"W_TB_L_14","PCC","CHOKE_CALC","","","","","","PHD.NGI_18_7506B","-1","Feb 20 2015  5:41PM","","",""
"W_TB_L_14","PCC","ERRF","","","","","","PHD.NFI_18_7596Z","-1","Feb 20 2015  5:41PM","","",""
"W_TB_L_14","PCC","MODUS","","","","","","PHD.HS_18_7506B","-1","Feb 20 2015  5:41PM","","",""
"W_TB_L_14","PCC","STATUS","","","","","","PHD.NI_18_7563","-1","Feb 20 2015  5:41PM","","",""
"W_TB_L_14","PCC","ROUTING","","","","","","PHD.GS_18_7509P","-1","Feb 20 2015  5:41PM","","",""
"W_TB_L_14","PCC","MeOH","","","","","","PHD.OFI_18_7596G","-1","Feb 20 2015  5:41PM","","",""
"W_TB_L_14","PCC","DHSVL","","","","","","PHD.GSH_18_7501","-1","Feb 20 2015  5:41PM","","",""
"W_TB_L_14","PCC","DHSVU","","","","","","PHD.GSH_18_7502","-1","Feb 20 2015  5:41PM","","",""
"W_TB_L_14","PCC","PMV","","","","","","PHD.GSH_18_7503","-1","Feb 20 2015  5:41PM","","",""
"W_TB_L_14","PCC","PWV","","","","","","PHD.GSH_18_7504","-1","Feb 20 2015  5:41PM","","",""
"W_TB_L_14","PCC","AMV","","","","","","PHD.GSH_18_7518","-1","Feb 20 2015  5:41PM","","",""
"W_TB_L_14","PCC","AWV","","","","","","PHD.GSH_18_7512","-1","Feb 20 2015  5:41PM","","",""
"W_TB_L_14","PCC","XOV","","","","","","PHD.GSH_18_7519","-1","Feb 20 2015  5:41PM","","",""
"W_TB_L_14","PCC","GLV","","","","","","PHD.GI_18_7545","-1","Feb 20 2015  5:41PM","","",""
"W_TB_L_14","PCC","PCV","","","","","","PHD.GSL_18_75_06","-1","Feb 20 2015  5:41PM","","",""
"W_TB_L_14","PCC","PFORM_CALC","","","","","","PHD.NPY_18_7596A","-1","Feb 20 2015  5:41PM","","",""
"W_TB_L_14","PCC","TFORM_CALC","","","","","","PHD.NTY_18_7596A","-1","Feb 20 2015  5:41PM","","",""
"W_TB_L_14","PCC","CHOKE_POS_PER","","","","","","PHD.GI_18_7506E","-1","Feb 20 2015  5:41PM","","",""
"W_TB_L_14","PCC","TAG_32","","","","","","PHD.OFC_18_7596A","-1","Feb 20 2015  5:41PM","","",""
"W_TB_L_14","PCC","TAG_33","","","","","","PHD.OFC_18_7596B","-1","Feb 20 2015  5:41PM","","",""
"W_TB_L_14","PCC","TAG_34","","","","","","PHD.OFC_18_7596C","-1","Feb 20 2015  5:41PM","","",""
"W_TB_L_14","PCC","TAG_35","","","","","","PHD.OFC_18_7596D","-1","Feb 20 2015  5:41PM","","",""
"W_TB_L_14","PCC","TAG_36","","","","","","PHD.OFFI_18_7596C","-1","Feb 20 2015  5:41PM","","",""
"W_TB_L_14","PCC","GROUP","","","","","","","-1","Feb 20 2015  5:41PM","","",""
"W_TB_L_14","PCC","CLUSTER","","","","","","","-1","Feb 20 2015  5:41PM","","",""
"W_TB_L_14","PCC","QOILTARGET","","","","","","PHD.UR_18_7601A_X","-1","Feb 20 2015  5:41PM","","",""
"W_TB_L_14","PCC","QOILMIN","","","","","","PHD.URL_18_7601A_X","-1","Feb 20 2015  5:41PM","","",""
"W_TB_L_14","PCC","QOILMAX","","","","","","PHD.URH_18_7601A_X","-1","Feb 20 2015  5:41PM","","",""
"W_TB_L_14","PCC","QLIQTARGET","","","","","","PHD.UR_18_7601C_X","-1","Feb 20 2015  5:41PM","","",""
"W_TB_L_14","PCC","LIQMIN","","","","","","PHD.URL_18_7601C_X","-1","Feb 20 2015  5:41PM","","",""
"W_TB_L_14","PCC","QLIQMAX","","","","","","PHD.URH_18_7601C_X","-1","Feb 20 2015  5:41PM","","",""
"W_TB_L_21","PCC","EQUIPMENT_NAME","L21","","","","","","-1","Feb 20 2015  5:41PM","","",""
"W_TB_L_21","PCC","EQUIPMENT_DESC","L21- Troll B","","","","","","-1","Feb 20 2015  5:41PM","","",""
"W_TB_L_21","PCC","QOIL","","","","","","PHD.OFI_18_7696A","-1","Feb 20 2015  5:41PM","","",""
"W_TB_L_21","PCC","QWAT","","","","","","PHD.OFI_18_7696B","-1","Feb 20 2015  5:41PM","","",""
"W_TB_L_21","PCC","QLIQ","","","","","","PHD.OFI_18_7696C","-1","Feb 20 2015  5:41PM","","",""
"W_TB_L_21","PCC","QGAS","","","","","","PHD.OFI_18_7696D","-1","Feb 20 2015  5:41PM","","",""
"W_TB_L_21","PCC","WC","","","","","","PHD.OFFI_18_7696A","-1","Feb 20 2015  5:41PM","","",""
"W_TB_L_21","PCC","GOR","","","","","","PHD.OFFI_18_7696B","-1","Feb 20 2015  5:41PM","","",""
"W_TB_L_21","PCC","UCP","","","","","","PHD.PZI_18_7615","-1","Feb 20 2015  5:41PM","","",""
"W_TB_L_21","PCC","UCT","","","","","","PHD.TI_18_7623","-1","Feb 20 2015  5:41PM","","",""
"W_TB_L_21","PCC","DCP","","","","","","PHD.PZI_18_7617","-1","Feb 20 2015  5:41PM","","",""
"W_TB_L_21","PCC","DCT","","","","","","PHD.TI_18_7616","-1","Feb 20 2015  5:41PM","","",""
"W_TB_L_21","PCC","UCP_CALC","","","","","","PHD.NPY_18_7696B","-1","Feb 20 2015  5:41PM","","",""
"W_TB_L_12","PCC","GLV","","","","","","PHD.GI_18_7345","-1","Feb 20 2015  5:41PM","","",""
"W_TB_L_12","PCC","PCV","","","","","","PHD.GSL_18_73_06","-1","Feb 20 2015  5:41PM","","",""
"W_TB_L_12","PCC","PFORM_CALC","","","","","","PHD.NPY_18_7396A","-1","Feb 20 2015  5:41PM","","",""
"W_TB_L_12","PCC","TFORM_CALC","","","","","","PHD.NTY_18_7396A","-1","Feb 20 2015  5:41PM","","",""
"W_TB_L_12","PCC","CHOKE_POS_PER","","","","","","PHD.GI_18_7306E","-1","Feb 20 2015  5:41PM","","",""
"W_TB_L_12","PCC","TAG_32","","","","","","PHD.OFC_18_7396A","-1","Feb 20 2015  5:41PM","","",""
"W_TB_L_12","PCC","TAG_33","","","","","","PHD.OFC_18_7396B","-1","Feb 20 2015  5:41PM","","",""
"W_TB_L_12","PCC","TAG_34","","","","","","PHD.OFC_18_7396C","-1","Feb 20 2015  5:41PM","","",""
"W_TB_L_12","PCC","TAG_35","","","","","","PHD.OFC_18_7396D","-1","Feb 20 2015  5:41PM","","",""
"W_TB_L_12","PCC","TAG_36","","","","","","PHD.OFFI_18_7396C","-1","Feb 20 2015  5:41PM","","",""
"W_TB_L_12","PCC","GROUP","","","","","","","-1","Feb 20 2015  5:41PM","","",""
"W_TB_L_12","PCC","CLUSTER","","","","","","","-1","Feb 20 2015  5:41PM","","",""
"W_TB_L_12","PCC","QOILTARGET","","","","","","PHD.UR_18_7401A_X","-1","Feb 20 2015  5:41PM","","",""
"W_TB_L_12","PCC","QOILMIN","","","","","","PHD.URL_18_7401A_X","-1","Feb 20 2015  5:41PM","","",""
"W_TB_L_12","PCC","QOILMAX","","","","","","PHD.URH_18_7401A_X","-1","Feb 20 2015  5:41PM","","",""
"W_TB_L_12","PCC","QLIQTARGET","","","","","","PHD.UR_18_7401C_X","-1","Feb 20 2015  5:41PM","","",""
"W_TB_L_12","PCC","LIQMIN","","","","","","PHD.URL_18_7401C_X","-1","Feb 20 2015  5:41PM","","",""
"W_TB_L_12","PCC","QLIQMAX","","","","","","PHD.URH_18_7401C_X","-1","Feb 20 2015  5:41PM","","",""
"W_TB_L_13","PCC","EQUIPMENT_NAME","L13","","","","","","-1","Feb 20 2015  5:41PM","","",""
"W_TB_L_13","PCC","EQUIPMENT_DESC","L13- Troll B","","","","","","-1","Feb 20 2015  5:41PM","","",""
"W_TB_L_13","PCC","QOIL","","","","","","PHD.OFI_18_7496A","-1","Feb 20 2015  5:41PM","","",""
"W_TB_L_13","PCC","QWAT","","","","","","PHD.OFI_18_7496B","-1","Feb 20 2015  5:41PM","","",""
"W_TB_L_13","PCC","QLIQ","","","","","","PHD.OFI_18_7496C","-1","Feb 20 2015  5:41PM","","",""
"W_TB_L_13","PCC","QGAS","","","","","","PHD.OFI_18_7496D","-1","Feb 20 2015  5:41PM","","",""
"W_TB_L_13","PCC","WC","","","","","","PHD.OFFI_18_7496A","-1","Feb 20 2015  5:41PM","","",""
"W_TB_L_13","PCC","GOR","","","","","","PHD.OFFI_18_7496B","-1","Feb 20 2015  5:41PM","","",""
"W_TB_L_13","PCC","UCP","","","","","","PHD.PZI_18_7415","-1","Feb 20 2015  5:41PM","","",""
"W_TB_L_13","PCC","UCT","","","","","","PHD.TI_18_7423","-1","Feb 20 2015  5:41PM","","",""
"W_TB_L_13","PCC","DCP","","","","","","PHD.PZI_18_7417","-1","Feb 20 2015  5:41PM","","",""
"W_TB_L_13","PCC","DCT","","","","","","PHD.TI_18_7416","-1","Feb 20 2015  5:41PM","","",""
"W_TB_L_13","PCC","UCP_CALC","","","","","","PHD.NPY_18_7496B","-1","Feb 20 2015  5:41PM","","",""
"W_TB_L_13","PCC","UCT_CALC","","","","","","PHD.NTY_18_7496B","-1","Feb 20 2015  5:41PM","","",""
"W_TB_L_13","PCC","DCP_CALC","","","","","","PHD.NPY_18_7496C","-1","Feb 20 2015  5:41PM","","",""
"W_TB_L_13","PCC","DCT_CALC","","","","","","PHD.NTY_18_7496C","-1","Feb 20 2015  5:41PM","","",""
"W_TB_L_13","PCC","DP","","","","","","PHD.PDI_18_7406","-1","Feb 20 2015  5:41PM","","",""
"W_TB_L_13","PCC","CHOKE","","","","","","PHD.GI_18_7406A","-1","Feb 20 2015  5:41PM","","",""
"W_TB_L_13","PCC","CHOKE_CMD","","","","","","PHD.GI_18_7406B","-1","Feb 20 2015  5:41PM","","",""
"W_TB_L_13","PCC","CHOKE_CALC","","","","","","PHD.NGI_18_7406B","-1","Feb 20 2015  5:41PM","","",""
"W_TB_L_13","PCC","ERRF","","","","","","PHD.NFI_18_7496Z","-1","Feb 20 2015  5:41PM","","",""
"W_TB_L_13","PCC","MODUS","","","","","","PHD.HS_18_7406B","-1","Feb 20 2015  5:41PM","","",""
"W_TB_L_13","PCC","STATUS","","","","","","PHD.NI_18_7463","-1","Feb 20 2015  5:41PM","","",""
"W_TB_L_13","PCC","ROUTING","","","","","","PHD.GS_18_7409P","-1","Feb 20 2015  5:41PM","","",""
"W_TB_L_13","PCC","MeOH","","","","","","PHD.OFI_18_7496G","-1","Feb 20 2015  5:41PM","","",""
"W_TB_L_13","PCC","DHSVL","","","","","","PHD.GSH_18_7401","-1","Feb 20 2015  5:41PM","","",""
"W_TB_L_13","PCC","DHSVU","","","","","","PHD.GSH_18_7402","-1","Feb 20 2015  5:41PM","","",""
"W_TB_L_13","PCC","PMV","","","","","","PHD.GSH_18_7403","-1","Feb 20 2015  5:41PM","","",""
"W_TB_L_13","PCC","PWV","","","","","","PHD.GSH_18_7404","-1","Feb 20 2015  5:41PM","","",""
"W_TB_L_13","PCC","AMV","","","","","","PHD.GSH_18_7418","-1","Feb 20 2015  5:41PM","","",""
"W_TB_L_13","PCC","AWV","","","","","","PHD.GSH_18_7412","-1","Feb 20 2015  5:41PM","","",""
"W_TB_L_13","PCC","XOV","","","","","","PHD.GSH_18_7419","-1","Feb 20 2015  5:41PM","","",""
"W_TB_L_13","PCC","GLV","","","","","","PHD.GI_18_7445","-1","Feb 20 2015  5:41PM","","",""
"W_TB_L_13","PCC","PCV","","","","","","PHD.GSL_18_74_06","-1","Feb 20 2015  5:41PM","","",""
"W_TB_L_13","PCC","PFORM_CALC","","","","","","PHD.NPY_18_7496A","-1","Feb 20 2015  5:41PM","","",""
"W_TB_L_13","PCC","TFORM_CALC","","","","","","PHD.NTY_18_7496A","-1","Feb 20 2015  5:41PM","","",""
"W_TB_L_13","PCC","CHOKE_POS_PER","","","","","","PHD.GI_18_7406E","-1","Feb 20 2015  5:41PM","","",""
"W_TB_L_13","PCC","TAG_32","","","","","","PHD.OFC_18_7496A","-1","Feb 20 2015  5:41PM","","",""
"W_TB_L_13","PCC","TAG_33","","","","","","PHD.OFC_18_7496B","-1","Feb 20 2015  5:41PM","","",""
"W_TB_L_13","PCC","TAG_34","","","","","","PHD.OFC_18_7496C","-1","Feb 20 2015  5:41PM","","",""
"W_TB_L_13","PCC","TAG_35","","","","","","PHD.OFC_18_7496D","-1","Feb 20 2015  5:41PM","","",""
"W_TB_L_13","PCC","TAG_36","","","","","","PHD.OFFI_18_7496C","-1","Feb 20 2015  5:41PM","","",""
"W_TB_L_13","PCC","GROUP","","","","","","","-1","Feb 20 2015  5:41PM","","",""
"W_TB_L_13","PCC","CLUSTER","","","","","","","-1","Feb 20 2015  5:41PM","","",""
"W_TB_L_13","PCC","QOILTARGET","","","","","","PHD.UR_18_7501A_X","-1","Feb 20 2015  5:41PM","","",""
"W_TB_L_13","PCC","QOILMIN","","","","","","PHD.URL_18_7501A_X","-1","Feb 20 2015  5:41PM","","",""
"W_TB_L_13","PCC","QOILMAX","","","","","","PHD.URH_18_7501A_X","-1","Feb 20 2015  5:41PM","","",""
"W_TB_L_13","PCC","QLIQTARGET","","","","","","PHD.UR_18_7501C_X","-1","Feb 20 2015  5:41PM","","",""
"W_TB_L_13","PCC","LIQMIN","","","","","","PHD.URL_18_7501C_X","-1","Feb 20 2015  5:41PM","","",""
"W_TB_L_13","PCC","QLIQMAX","","","","","","PHD.URH_18_7501C_X","-1","Feb 20 2015  5:41PM","","",""
"W_TB_L_14","PCC","EQUIPMENT_NAME","L14","","","","","","-1","Feb 20 2015  5:41PM","","",""
"W_TB_L_14","PCC","EQUIPMENT_DESC","L14- Troll B","","","","","","-1","Feb 20 2015  5:41PM","","",""
"W_TB_L_14","PCC","QOIL","","","","","","PHD.OFI_18_7596A","-1","Feb 20 2015  5:41PM","","",""
"W_TB_L_14","PCC","QWAT","","","","","","PHD.OFI_18_7596B","-1","Feb 20 2015  5:41PM","","",""
"W_TB_L_14","PCC","QLIQ","","","","","","PHD.OFI_18_7596C","-1","Feb 20 2015  5:41PM","","",""
"W_TB_L_14","PCC","QGAS","","","","","","PHD.OFI_18_7596D","-1","Feb 20 2015  5:41PM","","",""
"W_TB_L_14","PCC","WC","","","","","","PHD.OFFI_18_7596A","-1","Feb 20 2015  5:41PM","","",""
"W_TB_L_14","PCC","GOR","","","","","","PHD.OFFI_18_7596B","-1","Feb 20 2015  5:41PM","","",""
"W_TB_L_14","PCC","UCP","","","","","","PHD.PZI_18_7515","-1","Feb 20 2015  5:41PM","","",""
"W_TB_L_14","PCC","UCT","","","","","","PHD.TI_18_7523","-1","Feb 20 2015  5:41PM","","",""
"W_TB_L_14","PCC","DCP","","","","","","PHD.PZI_18_7517","-1","Feb 20 2015  5:41PM","","",""
"W_TB_L_14","PCC","DCT","","","","","","PHD.TI_18_7516","-1","Feb 20 2015  5:41PM","","",""
"W_TB_L_14","PCC","UCP_CALC","","","","","","PHD.NPY_18_7596B","-1","Feb 20 2015  5:41PM","","",""
"W_TB_L_14","PCC","UCT_CALC","","","","","","PHD.NTY_18_7596B","-1","Feb 20 2015  5:41PM","","",""
"W_TB_L_14","PCC","DCP_CALC","","","","","","PHD.NPY_18_7596C","-1","Feb 20 2015  5:41PM","","",""
"W_TB_L_14","PCC","DCT_CALC","","","","","","PHD.NTY_18_7596C","-1","Feb 20 2015  5:41PM","","",""
"W_TB_L_14","PCC","DP","","","","","","PHD.PDI_18_7506","-1","Feb 20 2015  5:41PM","","",""
"W_TB_L_21","PCC","UCT_CALC","","","","","","PHD.NTY_18_7696B","-1","Feb 20 2015  5:41PM","","",""
"W_TB_L_22","PCC","QLIQMAX","","","","","","PHD.URH_18_7801C_X","-1","Feb 20 2015  5:41PM","","",""
"W_TB_L_23","PCC","EQUIPMENT_NAME","L23","","","","","","-1","Feb 20 2015  5:41PM","","",""
"W_TB_L_23","PCC","EQUIPMENT_DESC","L23- Troll B","","","","","","-1","Feb 20 2015  5:41PM","","",""
"W_TB_L_23","PCC","QOIL","","","","","","PHD.OFI_18_7896A","-1","Feb 20 2015  5:41PM","","",""
"W_TB_L_23","PCC","QWAT","","","","","","PHD.OFI_18_7896B","-1","Feb 20 2015  5:41PM","","",""
"W_TB_L_23","PCC","QLIQ","","","","","","PHD.OFI_18_7896C","-1","Feb 20 2015  5:41PM","","",""
"W_TB_L_23","PCC","QGAS","","","","","","PHD.OFI_18_7896D","-1","Feb 20 2015  5:41PM","","",""
"W_TB_L_23","PCC","WC","","","","","","PHD.OFFI_18_7896A","-1","Feb 20 2015  5:41PM","","",""
"W_TB_L_23","PCC","GOR","","","","","","PHD.OFFI_18_7896B","-1","Feb 20 2015  5:41PM","","",""
"W_TB_L_23","PCC","UCP","","","","","","PHD.PZI_18_7815","-1","Feb 20 2015  5:41PM","","",""
"W_TB_L_23","PCC","UCT","","","","","","PHD.TI_18_7823","-1","Feb 20 2015  5:41PM","","",""
"W_TB_L_23","PCC","DCP","","","","","","PHD.PZI_18_7817","-1","Feb 20 2015  5:41PM","","",""
"W_TB_L_23","PCC","DCT","","","","","","PHD.TI_18_7816","-1","Feb 20 2015  5:41PM","","",""
"W_TB_L_23","PCC","UCP_CALC","","","","","","PHD.NPY_18_7896B","-1","Feb 20 2015  5:41PM","","",""
"W_TB_L_23","PCC","UCT_CALC","","","","","","PHD.NTY_18_7896B","-1","Feb 20 2015  5:41PM","","",""
"W_TB_L_23","PCC","DCP_CALC","","","","","","PHD.NPY_18_7896C","-1","Feb 20 2015  5:41PM","","",""
"W_TB_L_23","PCC","DCT_CALC","","","","","","PHD.NTY_18_7896C","-1","Feb 20 2015  5:41PM","","",""
"W_TB_L_23","PCC","DP","","","","","","PHD.PDI_18_7806","-1","Feb 20 2015  5:41PM","","",""
"W_TB_L_23","PCC","CHOKE","","","","","","PHD.GI_18_7806A","-1","Feb 20 2015  5:41PM","","",""
"W_TB_L_23","PCC","CHOKE_CMD","","","","","","PHD.GI_18_7806B","-1","Feb 20 2015  5:41PM","","",""
"W_TB_L_23","PCC","CHOKE_CALC","","","","","","PHD.NGI_18_7806B","-1","Feb 20 2015  5:41PM","","",""
"W_TB_L_23","PCC","ERRF","","","","","","PHD.NFI_18_7896Z","-1","Feb 20 2015  5:41PM","","",""
"W_TB_L_23","PCC","MODUS","","","","","","PHD.HS_18_7806B","-1","Feb 20 2015  5:41PM","","",""
"W_TB_L_23","PCC","STATUS","","","","","","PHD.NI_18_7863","-1","Feb 20 2015  5:41PM","","",""
"W_TB_L_23","PCC","ROUTING","","","","","","PHD.GS_18_7809P","-1","Feb 20 2015  5:41PM","","",""
"W_TB_L_23","PCC","MeOH","","","","","","PHD.OFI_18_7896G","-1","Feb 20 2015  5:41PM","","",""
"W_TB_L_23","PCC","DHSVL","","","","","","PHD.GSH_18_7801","-1","Feb 20 2015  5:41PM","","",""
"W_TB_L_23","PCC","DHSVU","","","","","","PHD.GSH_18_7802","-1","Feb 20 2015  5:41PM","","",""
"W_TB_L_23","PCC","PMV","","","","","","PHD.GSH_18_7803","-1","Feb 20 2015  5:41PM","","",""
"W_TB_L_23","PCC","PWV","","","","","","PHD.GSH_18_7804","-1","Feb 20 2015  5:41PM","","",""
"W_TB_L_23","PCC","AMV","","","","","","PHD.GSH_18_7818","-1","Feb 20 2015  5:41PM","","",""
"W_TB_L_23","PCC","AWV","","","","","","PHD.GSH_18_7812","-1","Feb 20 2015  5:41PM","","",""
"W_TB_L_23","PCC","XOV","","","","","","PHD.GSH_18_7819","-1","Feb 20 2015  5:41PM","","",""
"W_TB_L_23","PCC","GLV","","","","","","PHD.GI_18_7845","-1","Feb 20 2015  5:41PM","","",""
"W_TB_L_23","PCC","PCV","","","","","","PHD.GSL_18_78_06","-1","Feb 20 2015  5:41PM","","",""
"W_TB_L_23","PCC","PFORM_CALC","","","","","","PHD.NPY_18_7896A","-1","Feb 20 2015  5:41PM","","",""
"W_TB_L_23","PCC","TFORM_CALC","","","","","","PHD.NTY_18_7896A","-1","Feb 20 2015  5:41PM","","",""
"W_TB_L_23","PCC","CHOKE_POS_PER","","","","","","PHD.GI_18_7806E","-1","Feb 20 2015  5:41PM","","",""
"W_TB_L_23","PCC","TAG_32","","","","","","PHD.OFC_18_7896A","-1","Feb 20 2015  5:41PM","","",""
"W_TB_L_23","PCC","TAG_33","","","","","","PHD.OFC_18_7896B","-1","Feb 20 2015  5:41PM","","",""
"W_TB_L_23","PCC","TAG_34","","","","","","PHD.OFC_18_7896C","-1","Feb 20 2015  5:41PM","","",""
"W_TB_L_23","PCC","TAG_35","","","","","","PHD.OFC_18_7896D","-1","Feb 20 2015  5:41PM","","",""
"W_TB_L_23","PCC","TAG_36","","","","","","PHD.OFFI_18_7896C","-1","Feb 20 2015  5:41PM","","",""
"W_TB_L_23","PCC","GROUP","","","","","","","-1","Feb 20 2015  5:41PM","","",""
"W_TB_L_23","PCC","CLUSTER","","","","","","","-1","Feb 20 2015  5:41PM","","",""
"W_TB_L_23","PCC","QOILTARGET","","","","","","PHD.UR_18_7901A_X","-1","Feb 20 2015  5:41PM","","",""
"W_TB_L_23","PCC","QOILMIN","","","","","","PHD.URL_18_7901A_X","-1","Feb 20 2015  5:41PM","","",""
"W_TB_L_23","PCC","QOILMAX","","","","","","PHD.URH_18_7901A_X","-1","Feb 20 2015  5:41PM","","",""
"W_TB_L_23","PCC","QLIQTARGET","","","","","","PHD.UR_18_7901C_X","-1","Feb 20 2015  5:41PM","","",""
"W_TB_L_23","PCC","LIQMIN","","","","","","PHD.URL_18_7901C_X","-1","Feb 20 2015  5:41PM","","",""
"W_TB_L_23","PCC","QLIQMAX","","","","","","PHD.URH_18_7901C_X","-1","Feb 20 2015  5:41PM","","",""
"W_TB_L_24","PCC","EQUIPMENT_NAME","L24","","","","","","-1","Feb 20 2015  5:41PM","","",""
"W_TB_L_24","PCC","EQUIPMENT_DESC","L24- Troll B","","","","","","-1","Feb 20 2015  5:41PM","","",""
"W_TB_L_24","PCC","QOIL","","","","","","PHD.OFI_18_7996A","-1","Feb 20 2015  5:41PM","","",""
"W_TB_L_24","PCC","QWAT","","","","","","PHD.OFI_18_7996B","-1","Feb 20 2015  5:41PM","","",""
"W_TB_L_24","PCC","QLIQ","","","","","","PHD.OFI_18_7996C","-1","Feb 20 2015  5:41PM","","",""
"W_TB_L_24","PCC","QGAS","","","","","","PHD.OFI_18_7996D","-1","Feb 20 2015  5:41PM","","",""
"W_TB_L_24","PCC","WC","","","","","","PHD.OFFI_18_7996A","-1","Feb 20 2015  5:41PM","","",""
"W_TB_L_24","PCC","GOR","","","","","","PHD.OFFI_18_7996B","-1","Feb 20 2015  5:41PM","","",""
"W_TB_L_24","PCC","UCP","","","","","","PHD.PZI_18_7915","-1","Feb 20 2015  5:41PM","","",""
"W_TB_L_24","PCC","UCT","","","","","","PHD.TI_18_7923","-1","Feb 20 2015  5:41PM","","",""
"W_TB_L_24","PCC","DCP","","","","","","PHD.PZI_18_7917","-1","Feb 20 2015  5:41PM","","",""
"W_TB_L_24","PCC","DCT","","","","","","PHD.TI_18_7916","-1","Feb 20 2015  5:41PM","","",""
"W_TB_L_24","PCC","UCP_CALC","","","","","","PHD.NPY_18_7996B","-1","Feb 20 2015  5:41PM","","",""
"W_TB_L_24","PCC","UCT_CALC","","","","","","PHD.NTY_18_7996B","-1","Feb 20 2015  5:41PM","","",""
"W_TB_L_24","PCC","DCP_CALC","","","","","","PHD.NPY_18_7996C","-1","Feb 20 2015  5:41PM","","",""
"W_TB_L_24","PCC","DCT_CALC","","","","","","PHD.NTY_18_7996C","-1","Feb 20 2015  5:41PM","","",""
"W_TB_L_24","PCC","DP","","","","","","PHD.PDI_18_7906","-1","Feb 20 2015  5:41PM","","",""
"W_TB_L_24","PCC","CHOKE","","","","","","PHD.GI_18_7906A","-1","Feb 20 2015  5:41PM","","",""
"W_TB_L_24","PCC","CHOKE_CMD","","","","","","PHD.GI_18_7906B","-1","Feb 20 2015  5:41PM","","",""
"W_TB_L_24","PCC","CHOKE_CALC","","","","","","PHD.NGI_18_7906B","-1","Feb 20 2015  5:41PM","","",""
"W_TB_L_24","PCC","ERRF","","","","","","PHD.NFI_18_7996Z","-1","Feb 20 2015  5:41PM","","",""
"W_TB_L_24","PCC","MODUS","","","","","","PHD.HS_18_7906B","-1","Feb 20 2015  5:41PM","","",""
"W_TB_L_24","PCC","STATUS","","","","","","PHD.NI_18_7963","-1","Feb 20 2015  5:41PM","","",""
"W_TB_L_24","PCC","ROUTING","","","","","","PHD.GS_18_7909P","-1","Feb 20 2015  5:41PM","","",""
"W_TB_L_24","PCC","MeOH","","","","","","PHD.OFI_18_7996G","-1","Feb 20 2015  5:41PM","","",""
"W_TB_L_24","PCC","DHSVL","","","","","","PHD.GSH_18_7901","-1","Feb 20 2015  5:41PM","","",""
"W_TB_L_24","PCC","DHSVU","","","","","","PHD.GSH_18_7902","-1","Feb 20 2015  5:41PM","","",""
"W_TB_L_24","PCC","PMV","","","","","","PHD.GSH_18_7903","-1","Feb 20 2015  5:41PM","","",""
"W_TB_L_24","PCC","PWV","","","","","","PHD.GSH_18_7904","-1","Feb 20 2015  5:41PM","","",""
"W_TB_L_24","PCC","AMV","","","","","","PHD.GSH_18_7918","-1","Feb 20 2015  5:41PM","","",""
"W_TB_L_24","PCC","AWV","","","","","","PHD.GSH_18_7912","-1","Feb 20 2015  5:41PM","","",""
"W_TB_L_24","PCC","XOV","","","","","","PHD.GSH_18_7919","-1","Feb 20 2015  5:41PM","","",""
"W_TB_L_24","PCC","GLV","","","","","","PHD.GI_18_7945","-1","Feb 20 2015  5:41PM","","",""
"W_TB_L_24","PCC","PCV","","","","","","PHD.GSL_18_79_06","-1","Feb 20 2015  5:41PM","","",""
"W_TB_L_24","PCC","PFORM_CALC","","","","","","PHD.NPY_18_7996A","-1","Feb 20 2015  5:41PM","","",""
"W_TB_L_24","PCC","TFORM_CALC","","","","","","PHD.NTY_18_7996A","-1","Feb 20 2015  5:41PM","","",""
"W_TB_L_24","PCC","CHOKE_POS_PER","","","","","","PHD.GI_18_7906E","-1","Feb 20 2015  5:41PM","","",""
"W_TB_L_24","PCC","TAG_32","","","","","","PHD.OFC_18_7996A","-1","Feb 20 2015  5:41PM","","",""
"W_TB_L_24","PCC","TAG_33","","","","","","PHD.OFC_18_7996B","-1","Feb 20 2015  5:41PM","","",""
"W_TB_L_24","PCC","TAG_34","","","","","","PHD.OFC_18_7996C","-1","Feb 20 2015  5:41PM","","",""
"W_TB_L_24","PCC","TAG_35","","","","","","PHD.OFC_18_7996D","-1","Feb 20 2015  5:41PM","","",""
"W_TB_L_24","PCC","TAG_36","","","","","","PHD.OFFI_18_7996C","-1","Feb 20 2015  5:41PM","","",""
"W_TB_L_24","PCC","GROUP","","","","","","","-1","Feb 20 2015  5:41PM","","",""
"W_TB_L_24","PCC","CLUSTER","","","","","","","-1","Feb 20 2015  5:41PM","","",""
"W_TB_L_24","PCC","QOILTARGET","","","","","","","-1","Feb 20 2015  5:41PM","","",""
"W_TB_L_24","PCC","QOILMIN","","","","","","","-1","Feb 20 2015  5:41PM","","",""
"W_TB_L_24","PCC","QOILMAX","","","","","","","-1","Feb 20 2015  5:41PM","","",""
"W_TB_L_24","PCC","QLIQTARGET","","","","","","","-1","Feb 20 2015  5:41PM","","",""
"W_TB_L_24","PCC","LIQMIN","","","","","","","-1","Feb 20 2015  5:41PM","","",""
"W_TB_L_24","PCC","QLIQMAX","","","","","","","-1","Feb 20 2015  5:41PM","","",""
"TP_TB_1","PCC","EQUIPMENT_NAME","Mongstad","","","","","","-1","Feb 20 2015  5:41PM","","",""
"TP_TB_1","PCC","EQUIPMENT_DESC","Oljerate/gassrate, Import Mongstad","","","","","","-1","Feb 20 2015  5:41PM","","",""
"TP_TB_1","PCC","QOIL","","","","","","PHD.FT_83_0001B","-1","Feb 20 2015  5:41PM","","",""
"TP_TB_1","PCC","QWAT","","","","","","","-1","Feb 20 2015  5:41PM","","",""
"TP_TB_1","PCC","QLIQ","","","","","","","-1","Feb 20 2015  5:41PM","","",""
"TP_TB_1","PCC","QGAS","","","","","","","-1","Feb 20 2015  5:41PM","","",""
"TP_TB_1","PCC","QOIL_TARGET","","","","","","PHD.UR_1840PL","-1","Feb 20 2015  5:41PM","","",""
"TP_TB_1","PCC","QOIL_LOW","","","","","","PHD.URL_1840PL","-1","Feb 20 2015  5:41PM","","",""
"TP_TB_1","PCC","QOIL_LOWLOW","","","","","","PHD.URLL_1840PL","-1","Feb 20 2015  5:41PM","","",""
"TP_TB_1","PCC","QOIL_HIGH","","","","","","PHD.URH_1840PL","-1","Feb 20 2015  5:41PM","","",""
"TP_TB_1","PCC","QOIL_HIGHHIGH","","","","","","PHD.URHH_1840PL","-1","Feb 20 2015  5:41PM","","",""
"TP_TB_1","PCC","QOIL_ALARMSTATUS","","","","","","PHD.URA_1840PL","-1","Feb 20 2015  5:41PM","","",""
"TP_TB_1","PCC","QGAS_TARGET","","","","","","PHD.URTA_1843PL","-1","Feb 20 2015  5:41PM","","",""
"TP_TB_1","PCC","QGAS_LOW","","","","","","PHD.URL_1843PL","-1","Feb 20 2015  5:41PM","","",""
"TP_TB_1","PCC","QGAS_LOWLOW","","","","","","PHD.URLL_1843PL","-1","Feb 20 2015  5:41PM","","",""
"TP_TB_1","PCC","QGAS_HIGH","","","","","","PHD.URH_1843PL","-1","Feb 20 2015  5:41PM","","",""
"TP_TB_1","PCC","QGAS_HIGHHIGH","","","","","","PHD.URHH_1843PL","-1","Feb 20 2015  5:41PM","","",""
"TP_TB_1","PCC","QGAS_ALARMSTATUS","","","","","","PHD.URA_1843PL","-1","Feb 20 2015  5:41PM","","",""
"TP_TB_2","PCC","EQUIPMENT_NAME","TPIS","","","","","","-1","Feb 20 2015  5:41PM","","",""
"TP_TB_2","PCC","EQUIPMENT_DESC","Oljerate/gassinjeksjon, Idun","","","","","","-1","Feb 20 2015  5:41PM","","",""
"TP_TB_2","PCC","QOIL","","","","","","PHD.OFI_18_8196A","-1","Feb 20 2015  5:41PM","","",""
"TP_TB_2","PCC","QWAT","","","","","","","-1","Feb 20 2015  5:41PM","","",""
"TP_TB_2","PCC","QLIQ","","","","","","","-1","Feb 20 2015  5:41PM","","",""
"TP_TB_2","PCC","QGAS","","","","","","PHD.GASTOTAL","-1","Feb 20 2015  5:41PM","","",""
"TP_TB_2","PCC","QOIL_TARGET","","","","","","PHD.UR_1840PL","-1","Feb 20 2015  5:41PM","","",""
"TP_TB_2","PCC","QOIL_LOW","","","","","","PHD.URL_1840PL","-1","Feb 20 2015  5:41PM","","",""
"TP_TB_2","PCC","QOIL_LOWLOW","","","","","","PHD.URLL_1840PL","-1","Feb 20 2015  5:41PM","","",""
"TP_TB_2","PCC","QOIL_HIGH","","","","","","PHD.URH_1840PL","-1","Feb 20 2015  5:41PM","","",""
"TP_TB_2","PCC","QOIL_HIGHHIGH","","","","","","PHD.URHH_1840PL","-1","Feb 20 2015  5:41PM","","",""
"TP_TB_2","PCC","QOIL_ALARMSTATUS","","","","","","PHD.URA_1840PL","-1","Feb 20 2015  5:41PM","","",""
"TP_TB_2","PCC","QGAS_TARGET","","","","","","PHD.URTA_1843PL","-1","Feb 20 2015  5:41PM","","",""
"TP_TB_2","PCC","QGAS_LOW","","","","","","PHD.URL_1843PL","-1","Feb 20 2015  5:41PM","","",""
"TP_TB_2","PCC","QGAS_LOWLOW","","","","","","PHD.URLL_1843PL","-1","Feb 20 2015  5:41PM","","",""
"TP_TB_2","PCC","QGAS_HIGH","","","","","","PHD.URH_1843PL","-1","Feb 20 2015  5:41PM","","",""
"TP_TB_2","PCC","QGAS_HIGHHIGH","","","","","","PHD.URHH_1843PL","-1","Feb 20 2015  5:41PM","","",""
"TP_TB_2","PCC","QGAS_ALARMSTATUS","","","","","","PHD.URA_1843PL","-1","Feb 20 2015  5:41PM","","",""
"TP_TB_3","PCC","EQUIPMENT_NAME","Troll_B","","","","","","-1","Feb 20 2015  5:41PM","","",""
"TP_TB_3","PCC","EQUIPMENT_DESC","Export Troll B","","","","","","-1","Feb 20 2015  5:41PM","","",""
"TP_TB_3","PCC","QOIL","","","","","","PHD.NFY_21_0601A","-1","Feb 20 2015  5:41PM","","",""
"TP_TB_3","PCC","QWAT","","","","","","PHD.FT_39_0209","-1","Feb 20 2015  5:41PM","","",""
"TP_TB_3","PCC","QLIQ","","","","","","PHD.UFI_18_8101C","-1","Feb 20 2015  5:41PM","","",""
"TP_TB_3","PCC","QGAS","","","","","","PHD.NFY_25_0017ADL","-1","Feb 20 2015  5:41PM","","",""
"TP_TB_3","PCC","QOIL_TARGET","","","","","","PHD.UR_1840PL","-1","Feb 20 2015  5:41PM","","",""
"TP_TB_3","PCC","QOIL_LOW","","","","","","PHD.URL_1840PL","-1","Feb 20 2015  5:41PM","","",""
"TP_TB_3","PCC","QOIL_LOWLOW","","","","","","PHD.URLL_1840PL","-1","Feb 20 2015  5:41PM","","",""
"TP_TB_3","PCC","QOIL_HIGH","","","","","","PHD.URH_1840PL","-1","Feb 20 2015  5:41PM","","",""
"TP_TB_3","PCC","QOIL_HIGHHIGH","","","","","","PHD.URHH_1840PL","-1","Feb 20 2015  5:41PM","","",""
"TP_TB_3","PCC","QOIL_ALARMSTATUS","","","","","","PHD.URA_1840PL","-1","Feb 20 2015  5:41PM","","",""
"TP_TB_3","PCC","QGAS_TARGET","","","","","","PHD.URTA_1843PL","-1","Feb 20 2015  5:41PM","","",""
"TP_TB_3","PCC","QGAS_LOW","","","","","","PHD.URL_1843PL","-1","Feb 20 2015  5:41PM","","",""
"TP_TB_3","PCC","QGAS_LOWLOW","","","","","","PHD.URLL_1843PL","-1","Feb 20 2015  5:41PM","","",""
"TP_TB_3","PCC","QGAS_HIGH","","","","","","PHD.URH_1843PL","-1","Feb 20 2015  5:41PM","","",""
"TP_TB_3","PCC","QGAS_HIGHHIGH","","","","","","PHD.URHH_1843PL","-1","Feb 20 2015  5:41PM","","",""
"TP_TB_3","PCC","QGAS_ALARMSTATUS","","","","","","PHD.URA_1843PL","-1","Feb 20 2015  5:41PM","","",""
"S_TB_1TEST","PCC","EQUIPMENT_NAME","T1","","","","","","-1","Feb 20 2015  5:41PM","","",""
"S_TB_1TEST","PCC","EQUIPMENT_DESC","Troll B 1st test separator","","","","","","-1","Feb 20 2015  5:41PM","","",""
"S_TB_1TEST","PCC","SEPTAG","","","","","","PHD.VA-20-0004","-1","Feb 20 2015  5:41PM","","",""
"S_TB_1TEST","PCC","QOIL","","","","","","PHD.V-SEP-QOIL-04","-1","Feb 20 2015  5:41PM","","",""
"S_TB_1TEST","PCC","QWAT","","","","","","PHD.V-SEP-QWAT-04","-1","Feb 20 2015  5:41PM","","",""
"S_TB_1TEST","PCC","QLIQ","","","","","","PHD.V-SEP-QLIQ-04","-1","Feb 20 2015  5:41PM","","",""
"S_TB_1TEST","PCC","QGAS","","","","","","PHD.FI_20_0615","-1","Feb 20 2015  5:41PM","","",""
"S_TB_1TEST","PCC","WC","","","","","","PHD.V-SEP-WC-04","-1","Feb 20 2015  5:41PM","","",""
"S_TB_1TEST","PCC","GOR","","","","","","PHD.V-SEP-GOR-04","-1","Feb 20 2015  5:41PM","","",""
"S_TB_1TEST","PCC","PSEP","","","","","","PHD.PT_20_0605","-1","Feb 20 2015  5:41PM","","",""
"S_TB_1TEST","PCC","TSEP","","","","","","PHD.TT_20_0613","-1","Feb 20 2015  5:41PM","","",""
"S_TB_1TEST","PCC","RHOOIL","","","","","","PHD.DT_20_0611","-1","Feb 20 2015  5:41PM","","",""
"S_TB_1TEST","PCC","RHOGAS","","","","","","PHD.DT_20_0614","-1","Feb 20 2015  5:41PM","","",""
"S_TB_2TEST","PCC","EQUIPMENT_NAME","T2","","","","","","-1","Feb 20 2015  5:41PM","","",""
"S_TB_2TEST","PCC","EQUIPMENT_DESC","Troll B 2nd test separator","","","","","","-1","Feb 20 2015  5:41PM","","",""
"S_TB_2TEST","PCC","SEPTAG","","","","","","PHD.VA-20-0005","-1","Feb 20 2015  5:41PM","","",""
"S_TB_2TEST","PCC","QOIL","","","","","","PHD.V-SEP-QOIL-05","-1","Feb 20 2015  5:41PM","","",""
"S_TB_2TEST","PCC","QWAT","","","","","","PHD.V-SEP-QWAT-05","-1","Feb 20 2015  5:41PM","","",""
"S_TB_2TEST","PCC","QLIQ","","","","","","PHD.V-SEP-QLIQ-05","-1","Feb 20 2015  5:41PM","","",""
"S_TB_2TEST","PCC","QGAS","","","","","","PHD.FI_20_0665","-1","Feb 20 2015  5:41PM","","",""
"S_TB_2TEST","PCC","WC","","","","","","PHD.V-SEP-WC-05","-1","Feb 20 2015  5:41PM","","",""
"S_TB_2TEST","PCC","GOR","","","","","","PHD.V-SEP-GOR-05","-1","Feb 20 2015  5:41PM","","",""
"S_TB_2TEST","PCC","PSEP","","","","","","PHD.PT_20_0655","-1","Feb 20 2015  5:41PM","","",""
"S_TB_2TEST","PCC","TSEP","","","","","","PHD.TT_20_0551","-1","Feb 20 2015  5:41PM","","",""
"S_TB_2TEST","PCC","RHOOIL","","","","","","PHD.DT_20_0661","-1","Feb 20 2015  5:41PM","","",""
"S_TB_2TEST","PCC","RHOGAS","","","","","","PHD.DT_20_0664","-1","Feb 20 2015  5:41PM","","",""
"DP","PCC","EQUIPMENT_NAME","DP","","","","","","-1","Feb 20 2015  5:41PM","","",""
"DP","PCC","EQUIPMENT_DESC","DP","","","","","","-1","Feb 20 2015  5:41PM","","",""
"DP","PCC","WATERLEVELPCT","","","","","","PHD.LIC_20_0103","-1","Feb 20 2015  5:41PM","","",""
"DP","PCC","WATERLEVEL","","","","","","PHD.LIC_20_0103C","-1","Feb 20 2015  5:41PM","","",""
"DP","PCC","OILLEVELPCT","","","","","","PHD.LT_20_0101","-1","Feb 20 2015  5:41PM","","",""
"DP","PCC","OILLEVEL","","","","","","PHD.LIC_20_0101C","-1","Feb 20 2015  5:41PM","","",""
"DP","PCC","WATEROUT","","","","","","PHD.FT_20_0111","-1","Feb 20 2015  5:41PM","","",""
"DP","PCC","OILOUT","","","","","","PHD.FT_20_0109","-1","Feb 20 2015  5:41PM","","",""
"DP","PCC","TEMPERATURE","","","","","","PHD.TT_20_0005","-1","Feb 20 2015  5:41PM","","",""
"DP","PCC","PRESSURE","","","","","","PHD.PZT_20_0106","-1","Feb 20 2015  5:41PM","","",""
"DP","PCC","EMULSIONTHICKNESSDOWN","","","","","","PHD.LYL_20_0103","-1","Feb 20 2015  5:41PM","","",""
"DP","PCC","EMULSIONTHICKNESSUP","","","","","","PHD.LYH_20_0103","-1","Feb 20 2015  5:41PM","","",""
"DP","PCC","EMULSIONDENSITYLOW","","","","","","PHD.DYL_20_0103","-1","Feb 20 2015  5:41PM","","",""
"DP","PCC","EMULSIONDENSITYHIGH","","","","","","PHD.DYH_20_0103","-1","Feb 20 2015  5:41PM","","",""
"DP","PCC","DIRECTION","","","","","","PHD.LY_20_0103C","-1","Feb 20 2015  5:41PM","","",""
"DP","PCC","DENSITYLEVEL1","","","","","","PHD.LY_20_0103C","-1","Feb 20 2015  5:41PM","","",""
"DP","PCC","DENSITY1","","","","","","PHD.DY_20_0103","-1","Feb 20 2015  5:41PM","","",""
"DP","PCC","DENSITYLEVEL2","","","","","","PHD.LY_20_0104C","-1","Feb 20 2015  5:41PM","","",""
"DP","PCC","DENSITY2","","","","","","PHD.DY_20_0104","-1","Feb 20 2015  5:41PM","","",""
"DP","PCC","SCANNINGON1","","","","","","PHD.KS_20_0103D","-1","Feb 20 2015  5:41PM","","",""
"DP","PCC","SCANNINGON2","","","","","","PHD.KS_20_0104D","-1","Feb 20 2015  5:41PM","","",""
"W_TB_L_21","PCC","DCP_CALC","","","","","","PHD.NPY_18_7696C","-1","Feb 20 2015  5:41PM","","",""
"W_TB_L_21","PCC","DCT_CALC","","","","","","PHD.NTY_18_7696C","-1","Feb 20 2015  5:41PM","","",""
"W_TB_L_21","PCC","DP","","","","","","PHD.PDI_18_7606","-1","Feb 20 2015  5:41PM","","",""
"W_TB_L_21","PCC","CHOKE","","","","","","PHD.GI_18_7606A","-1","Feb 20 2015  5:41PM","","",""
"W_TB_L_21","PCC","CHOKE_CMD","","","","","","PHD.GI_18_7606B","-1","Feb 20 2015  5:41PM","","",""
"W_TB_L_21","PCC","CHOKE_CALC","","","","","","PHD.NGI_18_7606B","-1","Feb 20 2015  5:41PM","","",""
"W_TB_L_21","PCC","ERRF","","","","","","PHD.NFI_18_7696Z","-1","Feb 20 2015  5:41PM","","",""
"W_TB_L_21","PCC","MODUS","","","","","","PHD.HS_18_7606B","-1","Feb 20 2015  5:41PM","","",""
"W_TB_L_21","PCC","STATUS","","","","","","PHD.NI_18_7663","-1","Feb 20 2015  5:41PM","","",""
"W_TB_L_21","PCC","ROUTING","","","","","","PHD.GS_18_7609P","-1","Feb 20 2015  5:41PM","","",""
"W_TB_L_21","PCC","MeOH","","","","","","PHD.OFI_18_7696G","-1","Feb 20 2015  5:41PM","","",""
"W_TB_L_21","PCC","DHSVL","","","","","","PHD.GSH_18_7601","-1","Feb 20 2015  5:41PM","","",""
"W_TB_L_21","PCC","DHSVU","","","","","","PHD.GSH_18_7602","-1","Feb 20 2015  5:41PM","","",""
"W_TB_L_21","PCC","PMV","","","","","","PHD.GSH_18_7603","-1","Feb 20 2015  5:41PM","","",""
"W_TB_L_21","PCC","PWV","","","","","","PHD.GSH_18_7604","-1","Feb 20 2015  5:41PM","","",""
"W_TB_L_21","PCC","AMV","","","","","","PHD.GSH_18_7618","-1","Feb 20 2015  5:41PM","","",""
"W_TB_L_21","PCC","AWV","","","","","","PHD.GSH_18_7612","-1","Feb 20 2015  5:41PM","","",""
"W_TB_L_21","PCC","XOV","","","","","","PHD.GSH_18_7619","-1","Feb 20 2015  5:41PM","","",""
"W_TB_L_21","PCC","GLV","","","","","","PHD.GI_18_7645","-1","Feb 20 2015  5:41PM","","",""
"W_TB_L_21","PCC","PCV","","","","","","PHD.GSL_18_76_06","-1","Feb 20 2015  5:41PM","","",""
"W_TB_L_21","PCC","PFORM_CALC","","","","","","PHD.NPY_18_7696A","-1","Feb 20 2015  5:41PM","","",""
"W_TB_L_21","PCC","TFORM_CALC","","","","","","PHD.NTY_18_7696A","-1","Feb 20 2015  5:41PM","","",""
"W_TB_L_21","PCC","CHOKE_POS_PER","","","","","","PHD.GI_18_7606E","-1","Feb 20 2015  5:41PM","","",""
"W_TB_L_21","PCC","TAG_32","","","","","","PHD.OFC_18_7696A","-1","Feb 20 2015  5:41PM","","",""
"W_TB_L_21","PCC","TAG_33","","","","","","PHD.OFC_18_7696B","-1","Feb 20 2015  5:41PM","","",""
"W_TB_L_21","PCC","TAG_34","","","","","","PHD.OFC_18_7696C","-1","Feb 20 2015  5:41PM","","",""
"W_TB_L_21","PCC","TAG_35","","","","","","PHD.OFC_18_7696D","-1","Feb 20 2015  5:41PM","","",""
"W_TB_L_21","PCC","TAG_36","","","","","","PHD.OFFI_18_7696C","-1","Feb 20 2015  5:41PM","","",""
"W_TB_L_21","PCC","GROUP","","","","","","","-1","Feb 20 2015  5:41PM","","",""
"W_TB_L_21","PCC","CLUSTER","","","","","","","-1","Feb 20 2015  5:41PM","","",""
"W_TB_L_21","PCC","QOILTARGET","","","","","","PHD.UR_18_7701A_X","-1","Feb 20 2015  5:41PM","","",""
"W_TB_L_21","PCC","QOILMIN","","","","","","PHD.URL_18_7701A_X","-1","Feb 20 2015  5:41PM","","",""
"W_TB_L_21","PCC","QOILMAX","","","","","","PHD.URH_18_7701A_X","-1","Feb 20 2015  5:41PM","","",""
"W_TB_L_21","PCC","QLIQTARGET","","","","","","PHD.UR_18_7701C_X","-1","Feb 20 2015  5:41PM","","",""
"W_TB_L_21","PCC","LIQMIN","","","","","","PHD.URL_18_7701C_X","-1","Feb 20 2015  5:41PM","","",""
"W_TB_L_21","PCC","QLIQMAX","","","","","","PHD.URH_18_7701C_X","-1","Feb 20 2015  5:41PM","","",""
"W_TB_L_22","PCC","EQUIPMENT_NAME","L22","","","","","","-1","Feb 20 2015  5:41PM","","",""
"W_TB_L_22","PCC","EQUIPMENT_DESC","L22- Troll B","","","","","","-1","Feb 20 2015  5:41PM","","",""
"W_TB_L_22","PCC","QOIL","","","","","","PHD.OFI_18_7796A","-1","Feb 20 2015  5:41PM","","",""
"W_TB_L_22","PCC","QWAT","","","","","","PHD.OFI_18_7796B","-1","Feb 20 2015  5:41PM","","",""
"W_TB_L_22","PCC","QLIQ","","","","","","PHD.OFI_18_7796C","-1","Feb 20 2015  5:41PM","","",""
"W_TB_L_22","PCC","QGAS","","","","","","PHD.OFI_18_7796D","-1","Feb 20 2015  5:41PM","","",""
"W_TB_L_22","PCC","WC","","","","","","PHD.OFFI_18_7796A","-1","Feb 20 2015  5:41PM","","",""
"W_TB_L_22","PCC","GOR","","","","","","PHD.OFFI_18_7796B","-1","Feb 20 2015  5:41PM","","",""
"W_TB_L_22","PCC","UCP","","","","","","PHD.PZI_18_7715","-1","Feb 20 2015  5:41PM","","",""
"W_TB_L_22","PCC","UCT","","","","","","PHD.TI_18_7723","-1","Feb 20 2015  5:41PM","","",""
"W_TB_L_22","PCC","DCP","","","","","","PHD.PZI_18_7717","-1","Feb 20 2015  5:41PM","","",""
"W_TB_L_22","PCC","DCT","","","","","","PHD.TI_18_7716","-1","Feb 20 2015  5:41PM","","",""
"W_TB_L_22","PCC","UCP_CALC","","","","","","PHD.NPY_18_7796B","-1","Feb 20 2015  5:41PM","","",""
"W_TB_L_22","PCC","UCT_CALC","","","","","","PHD.NTY_18_7796B","-1","Feb 20 2015  5:41PM","","",""
"W_TB_L_22","PCC","DCP_CALC","","","","","","PHD.NPY_18_7796C","-1","Feb 20 2015  5:41PM","","",""
"W_TB_L_22","PCC","DCT_CALC","","","","","","PHD.NTY_18_7796C","-1","Feb 20 2015  5:41PM","","",""
"W_TB_L_22","PCC","DP","","","","","","PHD.PDI_18_7706","-1","Feb 20 2015  5:41PM","","",""
"W_TB_L_22","PCC","CHOKE","","","","","","PHD.GI_18_7706A","-1","Feb 20 2015  5:41PM","","",""
"W_TB_L_22","PCC","CHOKE_CMD","","","","","","PHD.GI_18_7706B","-1","Feb 20 2015  5:41PM","","",""
"W_TB_L_22","PCC","CHOKE_CALC","","","","","","PHD.NGI_18_7706B","-1","Feb 20 2015  5:41PM","","",""
"W_TB_L_22","PCC","ERRF","","","","","","PHD.NFI_18_7796Z","-1","Feb 20 2015  5:41PM","","",""
"W_TB_L_22","PCC","MODUS","","","","","","PHD.HS_18_7706B","-1","Feb 20 2015  5:41PM","","",""
"W_TB_L_22","PCC","STATUS","","","","","","PHD.NI_18_7763","-1","Feb 20 2015  5:41PM","","",""
"W_TB_L_22","PCC","ROUTING","","","","","","PHD.GS_18_7709P","-1","Feb 20 2015  5:41PM","","",""
"W_TB_L_22","PCC","MeOH","","","","","","PHD.OFI_18_7796G","-1","Feb 20 2015  5:41PM","","",""
"W_TB_L_22","PCC","DHSVL","","","","","","PHD.GSH_18_7701","-1","Feb 20 2015  5:41PM","","",""
"W_TB_L_22","PCC","DHSVU","","","","","","PHD.GSH_18_7702","-1","Feb 20 2015  5:41PM","","",""
"W_TB_L_22","PCC","PMV","","","","","","PHD.GSH_18_7703","-1","Feb 20 2015  5:41PM","","",""
"W_TB_L_22","PCC","PWV","","","","","","PHD.GSH_18_7704","-1","Feb 20 2015  5:41PM","","",""
"W_TB_L_22","PCC","AMV","","","","","","PHD.GSH_18_7718","-1","Feb 20 2015  5:41PM","","",""
"W_TB_L_22","PCC","AWV","","","","","","PHD.GSH_18_7712","-1","Feb 20 2015  5:41PM","","",""
"W_TB_L_22","PCC","XOV","","","","","","PHD.GSH_18_7719","-1","Feb 20 2015  5:41PM","","",""
"W_TB_L_22","PCC","GLV","","","","","","PHD.GI_18_7745","-1","Feb 20 2015  5:41PM","","",""
"W_TB_L_22","PCC","PCV","","","","","","PHD.GSL_18_77_06","-1","Feb 20 2015  5:41PM","","",""
"W_TB_L_22","PCC","PFORM_CALC","","","","","","PHD.NPY_18_7796A","-1","Feb 20 2015  5:41PM","","",""
"W_TB_L_22","PCC","TFORM_CALC","","","","","","PHD.NTY_18_7796A","-1","Feb 20 2015  5:41PM","","",""
"W_TB_L_22","PCC","CHOKE_POS_PER","","","","","","PHD.GI_18_7706E","-1","Feb 20 2015  5:41PM","","",""
"W_TB_L_22","PCC","TAG_32","","","","","","PHD.OFC_18_7796A","-1","Feb 20 2015  5:41PM","","",""
"W_TB_L_22","PCC","TAG_33","","","","","","PHD.OFC_18_7796B","-1","Feb 20 2015  5:41PM","","",""
"W_TB_L_22","PCC","TAG_34","","","","","","PHD.OFC_18_7796C","-1","Feb 20 2015  5:41PM","","",""
"W_TB_L_22","PCC","TAG_35","","","","","","PHD.OFC_18_7796D","-1","Feb 20 2015  5:41PM","","",""
"W_TB_L_22","PCC","TAG_36","","","","","","PHD.OFFI_18_7796C","-1","Feb 20 2015  5:41PM","","",""
"W_TB_L_22","PCC","GROUP","","","","","","","-1","Feb 20 2015  5:41PM","","",""
"W_TB_L_22","PCC","CLUSTER","","","","","","","-1","Feb 20 2015  5:41PM","","",""
"W_TB_L_22","PCC","QOILTARGET","","","","","","PHD.UR_18_7801A_X","-1","Feb 20 2015  5:41PM","","",""
"W_TB_L_22","PCC","QOILMIN","","","","","","PHD.URL_18_7801A_X","-1","Feb 20 2015  5:41PM","","",""
"W_TB_L_22","PCC","QOILMAX","","","","","","PHD.URH_18_7801A_X","-1","Feb 20 2015  5:41PM","","",""
"W_TB_L_22","PCC","QLIQTARGET","","","","","","PHD.UR_18_7801C_X","-1","Feb 20 2015  5:41PM","","",""
"W_TB_L_22","PCC","LIQMIN","","","","","","PHD.URL_18_7801C_X","-1","Feb 20 2015  5:41PM","","",""
"W_TB_H_05","PCC","WC","","","","","","PHD.OFFI_18_3196A","-1","Feb 20 2015  5:41PM","","",""
"W_TB_H_05","PCC","GOR","","","","","","PHD.OFFI_18_3196B","-1","Feb 20 2015  5:41PM","","",""
"W_TB_H_05","PCC","UCP","","","","","","PHD.PZI_18_3115","-1","Feb 20 2015  5:41PM","","",""
"W_TB_H_05","PCC","UCT","","","","","","PHD.TI_18_3123","-1","Feb 20 2015  5:41PM","","",""
"W_TB_H_05","PCC","DCP","","","","","","PHD.PZI_18_3117","-1","Feb 20 2015  5:41PM","","",""
"W_TB_H_05","PCC","DCT","","","","","","PHD.TI_18_3116","-1","Feb 20 2015  5:41PM","","",""
"W_TB_H_05","PCC","UCP_CALC","","","","","","PHD.NPY_18_3196B","-1","Feb 20 2015  5:41PM","","",""
"W_TB_H_05","PCC","UCT_CALC","","","","","","PHD.NTY_18_3196B","-1","Feb 20 2015  5:41PM","","",""
"W_TB_H_05","PCC","DCP_CALC","","","","","","PHD.NPY_18_3196C","-1","Feb 20 2015  5:41PM","","",""
"W_TB_H_05","PCC","DCT_CALC","","","","","","PHD.NTY_18_3196C","-1","Feb 20 2015  5:41PM","","",""
"W_TB_H_05","PCC","DP","","","","","","PHD.PDI_18_3106","-1","Feb 20 2015  5:41PM","","",""
"W_TB_H_05","PCC","CHOKE","","","","","","PHD.GI_18_3106A","-1","Feb 20 2015  5:41PM","","",""
"W_TB_H_05","PCC","CHOKE_CMD","","","","","","PHD.GI_18_3106B","-1","Feb 20 2015  5:41PM","","",""
"W_TB_H_05","PCC","CHOKE_CALC","","","","","","PHD.NGI_18_3106B","-1","Feb 20 2015  5:41PM","","",""
"W_TB_H_05","PCC","ERRF","","","","","","PHD.NFI_18_3196Z","-1","Feb 20 2015  5:41PM","","",""
"W_TB_H_05","PCC","MODUS","","","","","","PHD.HS_18_3106B","-1","Feb 20 2015  5:41PM","","",""
"W_TB_H_05","PCC","STATUS","","","","","","PHD.NI_18_3163","-1","Feb 20 2015  5:41PM","","",""
"W_TB_H_05","PCC","ROUTING","","","","","","PHD.GS_18_3109P","-1","Feb 20 2015  5:41PM","","",""
"W_TB_H_05","PCC","MeOH","","","","","","PHD.OFI_18_3196G","-1","Feb 20 2015  5:41PM","","",""
"W_TB_H_05","PCC","DHSVL","","","","","","PHD.GSH_18_3101","-1","Feb 20 2015  5:41PM","","",""
"W_TB_H_05","PCC","DHSVU","","","","","","PHD.GSH_18_3102","-1","Feb 20 2015  5:41PM","","",""
"W_TB_H_05","PCC","PMV","","","","","","PHD.GSH_18_3103","-1","Feb 20 2015  5:41PM","","",""
"W_TB_H_05","PCC","PWV","","","","","","PHD.GSH_18_3104","-1","Feb 20 2015  5:41PM","","",""
"W_TB_H_05","PCC","AMV","","","","","","PHD.GSH_18_3118","-1","Feb 20 2015  5:41PM","","",""
"W_TB_H_05","PCC","AWV","","","","","","PHD.GSH_18_3112","-1","Feb 20 2015  5:41PM","","",""
"W_TB_H_05","PCC","XOV","","","","","","PHD.GSH_18_3119","-1","Feb 20 2015  5:41PM","","",""
"W_TB_H_05","PCC","GLV","","","","","","PHD.GI_18_3145","-1","Feb 20 2015  5:41PM","","",""
"W_TB_H_05","PCC","PCV","","","","","","PHD.GSL_18_31_06","-1","Feb 20 2015  5:41PM","","",""
"W_TB_H_05","PCC","PFORM_CALC","","","","","","PHD.NPY_18_3196A","-1","Feb 20 2015  5:41PM","","",""
"W_TB_H_05","PCC","TFORM_CALC","","","","","","PHD.NTY_18_3196A","-1","Feb 20 2015  5:41PM","","",""
"W_TB_H_05","PCC","CHOKE_POS_PER","","","","","","PHD.GI_18_3106E","-1","Feb 20 2015  5:41PM","","",""
"W_TB_H_05","PCC","TAG_32","","","","","","PHD.OFC_18_3196A","-1","Feb 20 2015  5:41PM","","",""
"W_TB_H_05","PCC","TAG_33","","","","","","PHD.OFC_18_3196B","-1","Feb 20 2015  5:41PM","","",""
"W_TB_H_05","PCC","TAG_34","","","","","","PHD.OFC_18_3196C","-1","Feb 20 2015  5:41PM","","",""
"W_TB_H_05","PCC","TAG_35","","","","","","PHD.OFC_18_3196D","-1","Feb 20 2015  5:41PM","","",""
"W_TB_H_05","PCC","TAG_36","","","","","","PHD.OFFI_18_3196C","-1","Feb 20 2015  5:41PM","","",""
"W_TB_H_05","PCC","GROUP","","","","","","","-1","Feb 20 2015  5:41PM","","",""
"W_TB_H_05","PCC","CLUSTER","","","","","","","-1","Feb 20 2015  5:41PM","","",""
"W_TB_H_05","PCC","QOILTARGET","","","","","","PHD.UR_18_3201A_X","-1","Feb 20 2015  5:41PM","","",""
"W_TB_H_05","PCC","QOILMIN","","","","","","PHD.URL_18_3201A_X","-1","Feb 20 2015  5:41PM","","",""
"W_TB_H_05","PCC","QOILMAX","","","","","","PHD.URH_18_3201A_X","-1","Feb 20 2015  5:41PM","","",""
"W_TB_H_05","PCC","QLIQTARGET","","","","","","PHD.UR_18_3201C_X","-1","Feb 20 2015  5:41PM","","",""
"W_TB_H_05","PCC","LIQMIN","","","","","","PHD.URL_18_3201C_X","-1","Feb 20 2015  5:41PM","","",""
"W_TB_H_05","PCC","QLIQMAX","","","","","","PHD.URH_18_3201C_X","-1","Feb 20 2015  5:41PM","","",""
"W_TB_H_06","PCC","EQUIPMENT_NAME","H6","","","","","","-1","Feb 20 2015  5:41PM","","",""
"W_TB_H_06","PCC","EQUIPMENT_DESC","H6- Troll B","","","","","","-1","Feb 20 2015  5:41PM","","",""
"W_TB_H_06","PCC","QOIL","","","","","","PHD.OFI_18_3296A","-1","Feb 20 2015  5:41PM","","",""
"W_TB_H_06","PCC","QWAT","","","","","","PHD.OFI_18_3296B","-1","Feb 20 2015  5:41PM","","",""
"W_TB_H_06","PCC","QLIQ","","","","","","PHD.OFI_18_3296C","-1","Feb 20 2015  5:41PM","","",""
"W_TB_H_06","PCC","QGAS","","","","","","PHD.OFI_18_3296D","-1","Feb 20 2015  5:41PM","","",""
"W_TB_H_06","PCC","WC","","","","","","PHD.OFFI_18_3296A","-1","Feb 20 2015  5:41PM","","",""
"W_TB_H_06","PCC","GOR","","","","","","PHD.OFFI_18_3296B","-1","Feb 20 2015  5:41PM","","",""
"W_TB_H_06","PCC","UCP","","","","","","PHD.PZI_18_3215","-1","Feb 20 2015  5:41PM","","",""
"W_TB_H_06","PCC","UCT","","","","","","PHD.TI_18_3223","-1","Feb 20 2015  5:41PM","","",""
"W_TB_H_06","PCC","DCP","","","","","","PHD.PZI_18_3217","-1","Feb 20 2015  5:41PM","","",""
"W_TB_H_06","PCC","DCT","","","","","","PHD.TI_18_3216","-1","Feb 20 2015  5:41PM","","",""
"W_TB_H_06","PCC","UCP_CALC","","","","","","PHD.NPY_18_3296B","-1","Feb 20 2015  5:41PM","","",""
"W_TB_H_06","PCC","UCT_CALC","","","","","","PHD.NTY_18_3296B","-1","Feb 20 2015  5:41PM","","",""
"W_TB_H_06","PCC","DCP_CALC","","","","","","PHD.NPY_18_3296C","-1","Feb 20 2015  5:41PM","","",""
"W_TB_H_06","PCC","DCT_CALC","","","","","","PHD.NTY_18_3296C","-1","Feb 20 2015  5:41PM","","",""
"W_TB_H_06","PCC","DP","","","","","","PHD.PDI_18_3206","-1","Feb 20 2015  5:41PM","","",""
"W_TB_H_06","PCC","CHOKE","","","","","","PHD.GI_18_3206A","-1","Feb 20 2015  5:41PM","","",""
"W_TB_H_06","PCC","CHOKE_CMD","","","","","","PHD.GI_18_3206B","-1","Feb 20 2015  5:41PM","","",""
"W_TB_H_06","PCC","CHOKE_CALC","","","","","","PHD.NGI_18_3206B","-1","Feb 20 2015  5:41PM","","",""
"W_TB_H_06","PCC","ERRF","","","","","","PHD.NFI_18_3296Z","-1","Feb 20 2015  5:41PM","","",""
"W_TB_H_06","PCC","MODUS","","","","","","PHD.HS_18_3206B","-1","Feb 20 2015  5:41PM","","",""
"W_TB_H_06","PCC","STATUS","","","","","","PHD.NI_18_3263","-1","Feb 20 2015  5:41PM","","",""
"W_TB_H_06","PCC","ROUTING","","","","","","PHD.GS_18_3209P","-1","Feb 20 2015  5:41PM","","",""
"W_TB_H_06","PCC","MeOH","","","","","","PHD.OFI_18_3296G","-1","Feb 20 2015  5:41PM","","",""
"W_TB_H_06","PCC","DHSVL","","","","","","PHD.GSH_18_3201","-1","Feb 20 2015  5:41PM","","",""
"W_TB_H_06","PCC","DHSVU","","","","","","PHD.GSH_18_3202","-1","Feb 20 2015  5:41PM","","",""
"W_TB_H_06","PCC","PMV","","","","","","PHD.GSH_18_3203","-1","Feb 20 2015  5:41PM","","",""
"W_TB_H_06","PCC","PWV","","","","","","PHD.GSH_18_3204","-1","Feb 20 2015  5:41PM","","",""
"W_TB_H_06","PCC","AMV","","","","","","PHD.GSH_18_3218","-1","Feb 20 2015  5:41PM","","",""
"W_TB_H_06","PCC","AWV","","","","","","PHD.GSH_18_3212","-1","Feb 20 2015  5:41PM","","",""
"W_TB_H_06","PCC","XOV","","","","","","PHD.GSH_18_3219","-1","Feb 20 2015  5:41PM","","",""
"W_TB_H_06","PCC","GLV","","","","","","PHD.NULL","-1","Feb 20 2015  5:41PM","","",""
"W_TB_H_06","PCC","PCV","","","","","","PHD.GSL_18_32_06","-1","Feb 20 2015  5:41PM","","",""
"W_TB_H_06","PCC","PFORM_CALC","","","","","","PHD.NPY_18_3296A","-1","Feb 20 2015  5:41PM","","",""
"W_TB_H_06","PCC","TFORM_CALC","","","","","","PHD.NTY_18_3296A","-1","Feb 20 2015  5:41PM","","",""
"W_TB_H_06","PCC","CHOKE_POS_PER","","","","","","PHD.GI_18_3206E","-1","Feb 20 2015  5:41PM","","",""
"W_TB_H_06","PCC","TAG_32","","","","","","PHD.OFC_18_3296A","-1","Feb 20 2015  5:41PM","","",""
"W_TB_H_06","PCC","TAG_33","","","","","","PHD.OFC_18_3296B","-1","Feb 20 2015  5:41PM","","",""
"W_TB_H_06","PCC","TAG_34","","","","","","PHD.OFC_18_3296C","-1","Feb 20 2015  5:41PM","","",""
"W_TB_H_06","PCC","TAG_35","","","","","","PHD.OFC_18_3296D","-1","Feb 20 2015  5:41PM","","",""
"W_TB_H_06","PCC","GROUP","","","","","","","-1","Feb 20 2015  5:41PM","","",""
"W_TB_H_06","PCC","CLUSTER","","","","","","","-1","Feb 20 2015  5:41PM","","",""
"W_TB_H_06","PCC","QOILTARGET","","","","","","PHD.UR_18_3301A_X","-1","Feb 20 2015  5:41PM","","",""
"W_TB_H_06","PCC","QOILMIN","","","","","","PHD.URL_18_3301A_X","-1","Feb 20 2015  5:41PM","","",""
"W_TB_H_06","PCC","QOILMAX","","","","","","PHD.URH_18_3301A_X","-1","Feb 20 2015  5:41PM","","",""
"W_TB_H_06","PCC","QLIQTARGET","","","","","","PHD.UR_18_3301C_X","-1","Feb 20 2015  5:41PM","","",""
"W_TB_H_06","PCC","LIQMIN","","","","","","PHD.URL_18_3301C_X","-1","Feb 20 2015  5:41PM","","",""
"W_TB_H_06","PCC","QLIQMAX","","","","","","PHD.URH_18_3301C_X","-1","Feb 20 2015  5:41PM","","",""
"W_TB_I_11","PCC","EQUIPMENT_NAME","I11","","","","","","-1","Feb 20 2015  5:41PM","","",""
"W_TB_I_11","PCC","EQUIPMENT_DESC","I11- Troll B","","","","","","-1","Feb 20 2015  5:41PM","","",""
"W_TB_I_11","PCC","QOIL","","","","","","PHD.OFI_18_3396A","-1","Feb 20 2015  5:41PM","","",""
"W_TB_I_11","PCC","QWAT","","","","","","PHD.OFI_18_3396B","-1","Feb 20 2015  5:41PM","","",""
"W_TB_I_11","PCC","QLIQ","","","","","","PHD.OFI_18_3396C","-1","Feb 20 2015  5:41PM","","",""
"W_TB_I_11","PCC","QGAS","","","","","","PHD.OFI_18_3396D","-1","Feb 20 2015  5:41PM","","",""
"W_TB_I_11","PCC","WC","","","","","","PHD.OFFI_18_3396A","-1","Feb 20 2015  5:41PM","","",""
"W_TB_I_11","PCC","GOR","","","","","","PHD.OFFI_18_3396B","-1","Feb 20 2015  5:41PM","","",""
"W_TB_I_11","PCC","UCP","","","","","","PHD.PZI_18_3315","-1","Feb 20 2015  5:41PM","","",""
"W_TB_I_11","PCC","UCT","","","","","","PHD.TI_18_3323","-1","Feb 20 2015  5:41PM","","",""
"W_TB_I_11","PCC","DCP","","","","","","PHD.PZI_18_3317","-1","Feb 20 2015  5:41PM","","",""
"W_TB_I_11","PCC","DCT","","","","","","PHD.TI_18_3316","-1","Feb 20 2015  5:41PM","","",""
"W_TB_I_11","PCC","UCP_CALC","","","","","","PHD.NPY_18_3396B","-1","Feb 20 2015  5:41PM","","",""
"W_TB_I_11","PCC","UCT_CALC","","","","","","PHD.NTY_18_3396B","-1","Feb 20 2015  5:41PM","","",""
"W_TB_I_11","PCC","DCP_CALC","","","","","","PHD.NPY_18_3396C","-1","Feb 20 2015  5:41PM","","",""
"W_TB_I_11","PCC","DCT_CALC","","","","","","PHD.NTY_18_3396C","-1","Feb 20 2015  5:41PM","","",""
"W_TB_I_11","PCC","DP","","","","","","PHD.PDI_18_3306","-1","Feb 20 2015  5:41PM","","",""
"W_TB_I_11","PCC","CHOKE","","","","","","PHD.GI_18_3306A","-1","Feb 20 2015  5:41PM","","",""
"W_TB_I_11","PCC","CHOKE_CMD","","","","","","PHD.GI_18_3306B","-1","Feb 20 2015  5:41PM","","",""
"W_TB_I_11","PCC","CHOKE_CALC","","","","","","PHD.NGI_18_3306B","-1","Feb 20 2015  5:41PM","","",""
"W_TB_I_11","PCC","ERRF","","","","","","PHD.NFI_18_3396Z","-1","Feb 20 2015  5:41PM","","",""
"W_TB_I_11","PCC","MODUS","","","","","","PHD.HS_18_3306B","-1","Feb 20 2015  5:41PM","","",""
"W_TB_I_11","PCC","STATUS","","","","","","PHD.NI_18_3363","-1","Feb 20 2015  5:41PM","","",""
"W_TB_I_11","PCC","ROUTING","","","","","","PHD.GS_18_3309P","-1","Feb 20 2015  5:41PM","","",""
"W_TB_I_11","PCC","MeOH","","","","","","PHD.OFI_18_3396G","-1","Feb 20 2015  5:41PM","","",""
"W_TB_I_11","PCC","DHSVL","","","","","","PHD.GSH_18_3301","-1","Feb 20 2015  5:41PM","","",""
"W_TB_I_11","PCC","DHSVU","","","","","","PHD.GSH_18_3302","-1","Feb 20 2015  5:41PM","","",""
"W_TB_I_11","PCC","PMV","","","","","","PHD.GSH_18_3303","-1","Feb 20 2015  5:41PM","","",""
"W_TB_I_11","PCC","PWV","","","","","","PHD.GSH_18_3304","-1","Feb 20 2015  5:41PM","","",""
"W_TB_I_11","PCC","AMV","","","","","","PHD.GSH_18_3318","-1","Feb 20 2015  5:41PM","","",""
"W_TB_I_11","PCC","AWV","","","","","","PHD.GSH_18_3312","-1","Feb 20 2015  5:41PM","","",""
"W_TB_I_11","PCC","XOV","","","","","","PHD.GSH_18_3319","-1","Feb 20 2015  5:41PM","","",""
"W_TB_I_11","PCC","GLV","","","","","","PHD.GI_18_3345","-1","Feb 20 2015  5:41PM","","",""
"W_TB_I_11","PCC","PCV","","","","","","PHD.GSL_18_33_06","-1","Feb 20 2015  5:41PM","","",""
"W_TB_I_11","PCC","PFORM_CALC","","","","","","PHD.NPY_18_3396A","-1","Feb 20 2015  5:41PM","","",""
"W_TB_I_11","PCC","TFORM_CALC","","","","","","PHD.NTY_18_3396A","-1","Feb 20 2015  5:41PM","","",""
"W_TB_I_11","PCC","CHOKE_POS_PER","","","","","","PHD.GI_18_3306E","-1","Feb 20 2015  5:41PM","","",""
"W_TB_I_11","PCC","TAG_32","","","","","","PHD.OFC_18_3396A","-1","Feb 20 2015  5:41PM","","",""
"W_TB_I_11","PCC","TAG_33","","","","","","PHD.OFC_18_3396B","-1","Feb 20 2015  5:41PM","","",""
"W_TB_I_11","PCC","TAG_34","","","","","","PHD.OFC_18_3396C","-1","Feb 20 2015  5:41PM","","",""
"W_TB_I_11","PCC","TAG_35","","","","","","PHD.OFC_18_3396D","-1","Feb 20 2015  5:41PM","","",""
"W_TB_I_11","PCC","TAG_36","","","","","","PHD.OFFI_18_3396C","-1","Feb 20 2015  5:41PM","","",""
"W_TB_I_11","PCC","GROUP","","","","","","","-1","Feb 20 2015  5:41PM","","",""
"W_TB_I_11","PCC","CLUSTER","","","","","","","-1","Feb 20 2015  5:41PM","","",""
"W_TB_I_11","PCC","QOILTARGET","","","","","","PHD.UR_18_3401A_X","-1","Feb 20 2015  5:41PM","","",""
"W_TB_I_11","PCC","QOILMIN","","","","","","PHD.URL_18_3401A_X","-1","Feb 20 2015  5:41PM","","",""
"W_TB_I_11","PCC","QOILMAX","","","","","","PHD.URH_18_3401A_X","-1","Feb 20 2015  5:41PM","","",""
"W_TB_I_11","PCC","QLIQTARGET","","","","","","PHD.UR_18_3401C_X","-1","Feb 20 2015  5:41PM","","",""
"W_TB_I_11","PCC","LIQMIN","","","","","","PHD.URL_18_3401C_X","-1","Feb 20 2015  5:41PM","","",""
"W_TB_I_11","PCC","QLIQMAX","","","","","","PHD.URH_18_3401C_X","-1","Feb 20 2015  5:41PM","","",""
"W_TB_I_12","PCC","EQUIPMENT_NAME","I12","","","","","","-1","Feb 20 2015  5:41PM","","",""
"W_TB_I_12","PCC","EQUIPMENT_DESC","I12- Troll B","","","","","","-1","Feb 20 2015  5:41PM","","",""
"W_TB_I_12","PCC","QOIL","","","","","","PHD.OFI_18_3496A","-1","Feb 20 2015  5:41PM","","",""
"W_TB_I_12","PCC","QWAT","","","","","","PHD.OFI_18_3496B","-1","Feb 20 2015  5:41PM","","",""
"W_TB_I_12","PCC","QLIQ","","","","","","PHD.OFI_18_3496C","-1","Feb 20 2015  5:41PM","","",""
"W_TB_I_12","PCC","QGAS","","","","","","PHD.OFI_18_3496D","-1","Feb 20 2015  5:41PM","","",""
"W_TB_I_12","PCC","WC","","","","","","PHD.OFFI_18_3496A","-1","Feb 20 2015  5:41PM","","",""
"W_TB_I_12","PCC","GOR","","","","","","PHD.OFFI_18_3496B","-1","Feb 20 2015  5:41PM","","",""
"W_TB_I_12","PCC","UCP","","","","","","PHD.PZI_18_3415","-1","Feb 20 2015  5:41PM","","",""
"W_TB_I_12","PCC","UCT","","","","","","PHD.TI_18_3423","-1","Feb 20 2015  5:41PM","","",""
"W_TB_I_12","PCC","DCP","","","","","","PHD.PZI_18_3417","-1","Feb 20 2015  5:41PM","","",""
"W_TB_I_12","PCC","DCT","","","","","","PHD.TI_18_3416","-1","Feb 20 2015  5:41PM","","",""
"W_TB_I_12","PCC","UCP_CALC","","","","","","PHD.NPY_18_3496B","-1","Feb 20 2015  5:41PM","","",""
"W_TB_I_12","PCC","UCT_CALC","","","","","","PHD.NTY_18_3496B","-1","Feb 20 2015  5:41PM","","",""
"W_TB_I_12","PCC","DCP_CALC","","","","","","PHD.NPY_18_3496C","-1","Feb 20 2015  5:41PM","","",""
"W_TB_I_12","PCC","DCT_CALC","","","","","","PHD.NTY_18_3496C","-1","Feb 20 2015  5:41PM","","",""
"W_TB_I_12","PCC","DP","","","","","","PHD.PDI_18_3406","-1","Feb 20 2015  5:41PM","","",""
"W_TB_I_12","PCC","CHOKE","","","","","","PHD.GI_18_3406A","-1","Feb 20 2015  5:41PM","","",""
"W_TB_I_12","PCC","CHOKE_CMD","","","","","","PHD.GI_18_3406B","-1","Feb 20 2015  5:41PM","","",""
"W_TB_I_12","PCC","CHOKE_CALC","","","","","","PHD.NGI_18_3406B","-1","Feb 20 2015  5:41PM","","",""
"W_TB_I_12","PCC","ERRF","","","","","","PHD.NFI_18_3496Z","-1","Feb 20 2015  5:41PM","","",""
"W_TB_I_12","PCC","MODUS","","","","","","PHD.HS_18_3406B","-1","Feb 20 2015  5:41PM","","",""
"W_TB_I_12","PCC","STATUS","","","","","","PHD.NI_18_3463","-1","Feb 20 2015  5:41PM","","",""
"W_TB_I_12","PCC","ROUTING","","","","","","PHD.GS_18_3409P","-1","Feb 20 2015  5:41PM","","",""
"W_TB_I_12","PCC","MeOH","","","","","","PHD.OFI_18_3496G","-1","Feb 20 2015  5:41PM","","",""
"W_TB_I_12","PCC","DHSVL","","","","","","PHD.GSH_18_3401","-1","Feb 20 2015  5:41PM","","",""
"W_TB_I_12","PCC","DHSVU","","","","","","PHD.GSH_18_3402","-1","Feb 20 2015  5:41PM","","",""
"W_TB_I_12","PCC","PWV","","","","","","PHD.GSH_18_3404","-1","Feb 20 2015  5:41PM","","",""
"W_TB_I_12","PCC","AMV","","","","","","PHD.GSH_18_3418","-1","Feb 20 2015  5:41PM","","",""
"W_TB_I_12","PCC","AWV","","","","","","PHD.GSH_18_3412","-1","Feb 20 2015  5:41PM","","",""
"W_TB_I_12","PCC","XOV","","","","","","PHD.GSH_18_3419","-1","Feb 20 2015  5:41PM","","",""
"W_TB_I_12","PCC","GLV","","","","","","PHD.GI_18_3445","-1","Feb 20 2015  5:41PM","","",""
"W_TB_I_12","PCC","PCV","","","","","","PHD.GSL_18_34_06","-1","Feb 20 2015  5:41PM","","",""
"W_TB_I_12","PCC","PFORM_CALC","","","","","","PHD.NPY_18_3496A","-1","Feb 20 2015  5:41PM","","",""
"W_TB_I_12","PCC","TFORM_CALC","","","","","","PHD.NTY_18_3496A","-1","Feb 20 2015  5:41PM","","",""
"W_TB_I_12","PCC","CHOKE_POS_PER","","","","","","PHD.GI_18_3406E","-1","Feb 20 2015  5:41PM","","",""
"W_TB_I_12","PCC","TAG_32","","","","","","PHD.OFC_18_3496A","-1","Feb 20 2015  5:41PM","","",""
"W_TB_I_12","PCC","TAG_33","","","","","","PHD.OFC_18_3496B","-1","Feb 20 2015  5:41PM","","",""
"W_TB_I_12","PCC","TAG_34","","","","","","PHD.OFC_18_3496C","-1","Feb 20 2015  5:41PM","","",""
"W_TB_I_12","PCC","TAG_35","","","","","","PHD.OFC_18_3496D","-1","Feb 20 2015  5:41PM","","",""
"W_TB_I_12","PCC","TAG_36","","","","","","PHD.OFFI_18_3496C","-1","Feb 20 2015  5:41PM","","",""
"W_TB_I_12","PCC","GROUP","","","","","","","-1","Feb 20 2015  5:41PM","","",""
"W_TB_I_12","PCC","CLUSTER","","","","","","","-1","Feb 20 2015  5:41PM","","",""
"W_TB_I_12","PCC","QOILTARGET","","","","","","PHD.UR_18_3501A_X","-1","Feb 20 2015  5:41PM","","",""
"W_TB_I_12","PCC","QOILMIN","","","","","","PHD.URL_18_3501A_X","-1","Feb 20 2015  5:41PM","","",""
"W_TB_I_12","PCC","QOILMAX","","","","","","PHD.URH_18_3501A_X","-1","Feb 20 2015  5:41PM","","",""
"W_TB_I_12","PCC","QLIQTARGET","","","","","","PHD.UR_18_3501C_X","-1","Feb 20 2015  5:41PM","","",""
"W_TB_I_12","PCC","LIQMIN","","","","","","PHD.URL_18_3501C_X","-1","Feb 20 2015  5:41PM","","",""
"W_TB_I_12","PCC","QLIQMAX","","","","","","PHD.URH_18_3501C_X","-1","Feb 20 2015  5:41PM","","",""
"W_TB_I_13","PCC","EQUIPMENT_NAME","I13","","","","","","-1","Feb 20 2015  5:41PM","","",""
"W_TB_I_13","PCC","EQUIPMENT_DESC","I13- Troll B","","","","","","-1","Feb 20 2015  5:41PM","","",""
"W_TB_I_13","PCC","QOIL","","","","","","PHD.OFI_18_3596A","-1","Feb 20 2015  5:41PM","","",""
"W_TB_I_13","PCC","QWAT","","","","","","PHD.OFI_18_3596B","-1","Feb 20 2015  5:41PM","","",""
"W_TB_I_13","PCC","QLIQ","","","","","","PHD.OFI_18_3596C","-1","Feb 20 2015  5:41PM","","",""
"W_TB_I_13","PCC","QGAS","","","","","","PHD.OFI_18_3596D","-1","Feb 20 2015  5:41PM","","",""
"W_TB_I_13","PCC","WC","","","","","","PHD.OFFI_18_3596A","-1","Feb 20 2015  5:41PM","","",""
"W_TB_I_13","PCC","GOR","","","","","","PHD.OFFI_18_3596B","-1","Feb 20 2015  5:41PM","","",""
"W_TB_I_13","PCC","UCP","","","","","","PHD.PZI_18_3515","-1","Feb 20 2015  5:41PM","","",""
"W_TB_I_13","PCC","UCT","","","","","","PHD.TI_18_3523","-1","Feb 20 2015  5:41PM","","",""
"W_TB_I_13","PCC","DCP","","","","","","PHD.PZI_18_3517","-1","Feb 20 2015  5:41PM","","",""
"W_TB_I_13","PCC","DCT","","","","","","PHD.TI_18_3516","-1","Feb 20 2015  5:41PM","","",""
"W_TB_I_13","PCC","UCP_CALC","","","","","","PHD.NPY_18_3596B","-1","Feb 20 2015  5:41PM","","",""
"W_TB_I_13","PCC","UCT_CALC","","","","","","PHD.NTY_18_3596B","-1","Feb 20 2015  5:41PM","","",""
"W_TB_I_13","PCC","DCP_CALC","","","","","","PHD.NPY_18_3596C","-1","Feb 20 2015  5:41PM","","",""
"W_TB_I_13","PCC","DCT_CALC","","","","","","PHD.NTY_18_3596C","-1","Feb 20 2015  5:41PM","","",""
"W_TB_I_13","PCC","DP","","","","","","PHD.PDI_18_3506","-1","Feb 20 2015  5:41PM","","",""
"W_TB_I_13","PCC","CHOKE","","","","","","PHD.GI_18_3506A","-1","Feb 20 2015  5:41PM","","",""
"W_TB_I_13","PCC","CHOKE_CMD","","","","","","PHD.GI_18_3506B","-1","Feb 20 2015  5:41PM","","",""
"W_TB_I_13","PCC","CHOKE_CALC","","","","","","PHD.NGI_18_3506B","-1","Feb 20 2015  5:41PM","","",""
"W_TB_I_13","PCC","ERRF","","","","","","PHD.NFI_18_3596Z","-1","Feb 20 2015  5:41PM","","",""
"W_TB_I_13","PCC","MODUS","","","","","","PHD.HS_18_3506B","-1","Feb 20 2015  5:41PM","","",""
"W_TB_I_13","PCC","STATUS","","","","","","PHD.NI_18_3563","-1","Feb 20 2015  5:41PM","","",""
"W_TB_I_13","PCC","ROUTING","","","","","","PHD.GS_18_3509P","-1","Feb 20 2015  5:41PM","","",""
"W_TB_I_13","PCC","MeOH","","","","","","PHD.OFI_18_3596G","-1","Feb 20 2015  5:41PM","","",""
"W_TB_I_13","PCC","DHSVL","","","","","","PHD.GSH_18_3501","-1","Feb 20 2015  5:41PM","","",""
"W_TB_I_13","PCC","DHSVU","","","","","","PHD.GSH_18_3502","-1","Feb 20 2015  5:41PM","","",""
"W_TB_I_13","PCC","PMV","","","","","","PHD.GSH_18_3503","-1","Feb 20 2015  5:41PM","","",""
"W_TB_I_13","PCC","PWV","","","","","","PHD.GSH_18_3504","-1","Feb 20 2015  5:41PM","","",""
"W_TB_I_13","PCC","AMV","","","","","","PHD.GSH_18_3518","-1","Feb 20 2015  5:41PM","","",""
"W_TB_I_13","PCC","AWV","","","","","","PHD.GSH_18_3512","-1","Feb 20 2015  5:41PM","","",""
"W_TB_I_13","PCC","XOV","","","","","","PHD.GSH_18_3519","-1","Feb 20 2015  5:41PM","","",""
"W_TB_I_13","PCC","GLV","","","","","","PHD.GI_18_3545","-1","Feb 20 2015  5:41PM","","",""
"W_TB_I_13","PCC","PCV","","","","","","PHD.GSL_18_35_06","-1","Feb 20 2015  5:41PM","","",""
"W_TB_I_13","PCC","PFORM_CALC","","","","","","PHD.NPY_18_3596A","-1","Feb 20 2015  5:41PM","","",""
"W_TB_I_13","PCC","TFORM_CALC","","","","","","PHD.NTY_18_3596A","-1","Feb 20 2015  5:41PM","","",""
"W_TB_I_13","PCC","CHOKE_POS_PER","","","","","","PHD.GI_18_3506E","-1","Feb 20 2015  5:41PM","","",""
"W_TB_I_13","PCC","TAG_32","","","","","","PHD.OFC_18_3596A","-1","Feb 20 2015  5:41PM","","",""
"W_TB_I_13","PCC","TAG_33","","","","","","PHD.OFC_18_3596B","-1","Feb 20 2015  5:41PM","","",""
"W_TB_I_13","PCC","TAG_34","","","","","","PHD.OFC_18_3596C","-1","Feb 20 2015  5:41PM","","",""
"W_TB_I_13","PCC","TAG_35","","","","","","PHD.OFC_18_3596D","-1","Feb 20 2015  5:41PM","","",""
"W_TB_I_13","PCC","TAG_36","","","","","","PHD.OFFI_18_3596C","-1","Feb 20 2015  5:41PM","","",""
"W_TB_I_13","PCC","GROUP","","","","","","","-1","Feb 20 2015  5:41PM","","",""
"W_TB_I_13","PCC","CLUSTER","","","","","","","-1","Feb 20 2015  5:41PM","","",""
"W_TB_I_13","PCC","QOILTARGET","","","","","","PHD.UR_18_3601A_X","-1","Feb 20 2015  5:41PM","","",""
"W_TB_I_13","PCC","QOILMIN","","","","","","PHD.URL_18_3601A_X","-1","Feb 20 2015  5:41PM","","",""
"W_TB_I_13","PCC","QOILMAX","","","","","","PHD.URH_18_3601A_X","-1","Feb 20 2015  5:41PM","","",""
"W_TB_I_13","PCC","QLIQTARGET","","","","","","PHD.UR_18_3601C_X","-1","Feb 20 2015  5:41PM","","",""
"W_TB_I_13","PCC","LIQMIN","","","","","","PHD.URL_18_3601C_X","-1","Feb 20 2015  5:41PM","","",""
"W_TB_I_13","PCC","QLIQMAX","","","","","","PHD.URH_18_3601C_X","-1","Feb 20 2015  5:41PM","","",""
"W_TB_I_14","PCC","EQUIPMENT_NAME","I14","","","","","","-1","Feb 20 2015  5:41PM","","",""
"W_TB_I_14","PCC","EQUIPMENT_DESC","I14- Troll B","","","","","","-1","Feb 20 2015  5:41PM","","",""
"W_TB_I_14","PCC","QOIL","","","","","","PHD.OFI_18_3696A","-1","Feb 20 2015  5:41PM","","",""
"W_TB_I_14","PCC","QWAT","","","","","","PHD.OFI_18_3696B","-1","Feb 20 2015  5:41PM","","",""
"W_TB_I_14","PCC","QLIQ","","","","","","PHD.OFI_18_3696C","-1","Feb 20 2015  5:41PM","","",""
"W_TB_I_14","PCC","QGAS","","","","","","PHD.OFI_18_3696D","-1","Feb 20 2015  5:41PM","","",""
"W_TB_I_14","PCC","WC","","","","","","PHD.OFFI_18_3696A","-1","Feb 20 2015  5:41PM","","",""
"W_TB_I_14","PCC","GOR","","","","","","PHD.OFFI_18_3696B","-1","Feb 20 2015  5:41PM","","",""
"W_TB_I_14","PCC","UCP","","","","","","PHD.PZI_18_3615","-1","Feb 20 2015  5:41PM","","",""
"W_TB_I_14","PCC","UCT","","","","","","PHD.TI_18_3623","-1","Feb 20 2015  5:41PM","","",""
"W_TB_I_14","PCC","DCP","","","","","","PHD.PZI_18_3617","-1","Feb 20 2015  5:41PM","","",""
"W_TB_I_14","PCC","DCT","","","","","","PHD.TI_18_3616","-1","Feb 20 2015  5:41PM","","",""
"W_TB_I_14","PCC","UCP_CALC","","","","","","PHD.NPY_18_3696B","-1","Feb 20 2015  5:41PM","","",""
"W_TB_I_14","PCC","DCP_CALC","","","","","","PHD.NPY_18_3696C","-1","Feb 20 2015  5:41PM","","",""
"W_TB_I_14","PCC","DCT_CALC","","","","","","PHD.NTY_18_3696C","-1","Feb 20 2015  5:41PM","","",""
"W_TB_I_14","PCC","DP","","","","","","PHD.PDI_18_3606","-1","Feb 20 2015  5:41PM","","",""
"W_TB_I_14","PCC","CHOKE","","","","","","PHD.GI_18_3606A","-1","Feb 20 2015  5:41PM","","",""
"W_TB_I_14","PCC","CHOKE_CMD","","","","","","PHD.GI_18_3606B","-1","Feb 20 2015  5:41PM","","",""
"W_TB_I_14","PCC","CHOKE_CALC","","","","","","PHD.NGI_18_3606B","-1","Feb 20 2015  5:41PM","","",""
"W_TB_I_14","PCC","ERRF","","","","","","PHD.NFI_18_3696Z","-1","Feb 20 2015  5:41PM","","",""
"W_TB_I_14","PCC","MODUS","","","","","","PHD.HS_18_3606B","-1","Feb 20 2015  5:41PM","","",""
"W_TB_I_14","PCC","STATUS","","","","","","PHD.NI_18_3663","-1","Feb 20 2015  5:41PM","","",""
"W_TB_I_14","PCC","ROUTING","","","","","","PHD.GS_18_3609P","-1","Feb 20 2015  5:41PM","","",""
"W_TB_I_14","PCC","MeOH","","","","","","PHD.OFI_18_3696G","-1","Feb 20 2015  5:41PM","","",""
"W_TB_I_14","PCC","DHSVL","","","","","","PHD.GSH_18_3601","-1","Feb 20 2015  5:41PM","","",""
"W_TB_I_14","PCC","DHSVU","","","","","","PHD.GSH_18_3602","-1","Feb 20 2015  5:41PM","","",""
"W_TB_I_14","PCC","PMV","","","","","","PHD.GSH_18_3603","-1","Feb 20 2015  5:41PM","","",""
"W_TB_I_14","PCC","PWV","","","","","","PHD.GSH_18_3604","-1","Feb 20 2015  5:41PM","","",""
"W_TB_I_14","PCC","AMV","","","","","","PHD.GSH_18_3618","-1","Feb 20 2015  5:41PM","","",""
"W_TB_I_14","PCC","AWV","","","","","","PHD.GSH_18_3612","-1","Feb 20 2015  5:41PM","","",""
"W_TB_I_14","PCC","XOV","","","","","","PHD.GSH_18_3619","-1","Feb 20 2015  5:41PM","","",""
"W_TB_I_14","PCC","GLV","","","","","","PHD.GI_18_3645","-1","Feb 20 2015  5:41PM","","",""
"W_TB_I_14","PCC","PCV","","","","","","PHD.GSL_18_36_06","-1","Feb 20 2015  5:41PM","","",""
"W_TB_I_14","PCC","PFORM_CALC","","","","","","PHD.NPY_18_3696A","-1","Feb 20 2015  5:41PM","","",""
"W_TB_I_14","PCC","TFORM_CALC","","","","","","PHD.NTY_18_3696A","-1","Feb 20 2015  5:41PM","","",""
"W_TB_I_14","PCC","CHOKE_POS_PER","","","","","","PHD.GI_18_3606E","-1","Feb 20 2015  5:41PM","","",""
"W_TB_I_14","PCC","TAG_32","","","","","","PHD.OFC_18_3696A","-1","Feb 20 2015  5:41PM","","",""
"W_TB_I_14","PCC","TAG_33","","","","","","PHD.OFC_18_3696B","-1","Feb 20 2015  5:41PM","","",""
"W_TB_I_14","PCC","TAG_34","","","","","","PHD.OFC_18_3696C","-1","Feb 20 2015  5:41PM","","",""
"W_TB_I_14","PCC","TAG_35","","","","","","PHD.OFC_18_3696D","-1","Feb 20 2015  5:41PM","","",""
"W_TB_I_14","PCC","TAG_36","","","","","","PHD.OFFI_18_3696C","-1","Feb 20 2015  5:41PM","","",""
"W_TB_I_14","PCC","GROUP","","","","","","","-1","Feb 20 2015  5:41PM","","",""
"W_TB_I_14","PCC","CLUSTER","","","","","","","-1","Feb 20 2015  5:41PM","","",""
"W_TB_I_14","PCC","QOILTARGET","","","","","","PHD.UR_18_3701A_X","-1","Feb 20 2015  5:41PM","","",""
"W_TB_I_14","PCC","QOILMIN","","","","","","PHD.URL_18_3701A_X","-1","Feb 20 2015  5:41PM","","",""
"W_TB_I_14","PCC","QOILMAX","","","","","","PHD.URH_18_3701A_X","-1","Feb 20 2015  5:41PM","","",""
"W_TB_I_14","PCC","QLIQTARGET","","","","","","PHD.UR_18_3701C_X","-1","Feb 20 2015  5:41PM","","",""
"W_TB_I_14","PCC","LIQMIN","","","","","","PHD.URL_18_3701C_X","-1","Feb 20 2015  5:41PM","","",""
"W_TB_I_14","PCC","QLIQMAX","","","","","","PHD.URH_18_3701C_X","-1","Feb 20 2015  5:41PM","","",""
"W_TB_I_21","PCC","EQUIPMENT_NAME","I21","","","","","","-1","Feb 20 2015  5:41PM","","",""
"W_TB_I_21","PCC","EQUIPMENT_DESC","I21- Troll B","","","","","","-1","Feb 20 2015  5:41PM","","",""
"W_TB_I_21","PCC","QOIL","","","","","","PHD.OFI_18_3796A","-1","Feb 20 2015  5:41PM","","",""
"W_TB_I_21","PCC","QWAT","","","","","","PHD.OFI_18_3796B","-1","Feb 20 2015  5:41PM","","",""
"W_TB_I_21","PCC","QLIQ","","","","","","PHD.OFI_18_3796C","-1","Feb 20 2015  5:41PM","","",""
"W_TB_I_21","PCC","QGAS","","","","","","PHD.OFI_18_3796D","-1","Feb 20 2015  5:41PM","","",""
"W_TB_I_21","PCC","WC","","","","","","PHD.OFFI_18_3796A","-1","Feb 20 2015  5:41PM","","",""
"W_TB_I_21","PCC","GOR","","","","","","PHD.OFFI_18_3796B","-1","Feb 20 2015  5:41PM","","",""
"W_TB_I_21","PCC","UCP","","","","","","PHD.PZI_18_3715","-1","Feb 20 2015  5:41PM","","",""
"W_TB_I_21","PCC","UCT","","","","","","PHD.TI_18_3723","-1","Feb 20 2015  5:41PM","","",""
"W_TB_I_21","PCC","DCP","","","","","","PHD.PZI_18_3717","-1","Feb 20 2015  5:41PM","","",""
"W_TB_I_21","PCC","DCT","","","","","","PHD.TI_18_3716","-1","Feb 20 2015  5:41PM","","",""
"W_TB_I_21","PCC","UCP_CALC","","","","","","PHD.NPY_18_3796B","-1","Feb 20 2015  5:41PM","","",""
"W_TB_I_21","PCC","UCT_CALC","","","","","","PHD.NTY_18_3796B","-1","Feb 20 2015  5:41PM","","",""
"W_TB_I_21","PCC","DCP_CALC","","","","","","PHD.NPY_18_3796C","-1","Feb 20 2015  5:41PM","","",""
"W_TB_I_21","PCC","DCT_CALC","","","","","","PHD.NTY_18_3796C","-1","Feb 20 2015  5:41PM","","",""
"W_TB_I_21","PCC","DP","","","","","","PHD.PDI_18_3706","-1","Feb 20 2015  5:41PM","","",""
"W_TB_I_21","PCC","CHOKE","","","","","","PHD.GI_18_3706A","-1","Feb 20 2015  5:41PM","","",""
"W_TB_I_21","PCC","CHOKE_CMD","","","","","","PHD.GI_18_3706B","-1","Feb 20 2015  5:41PM","","",""
"W_TB_I_21","PCC","CHOKE_CALC","","","","","","PHD.NGI_18_3706B","-1","Feb 20 2015  5:41PM","","",""
"W_TB_I_21","PCC","ERRF","","","","","","PHD.NFI_18_3796Z","-1","Feb 20 2015  5:41PM","","",""
"W_TB_I_21","PCC","MODUS","","","","","","PHD.HS_18_3706B","-1","Feb 20 2015  5:41PM","","",""
"W_TB_I_21","PCC","STATUS","","","","","","PHD.NI_18_3763","-1","Feb 20 2015  5:41PM","","",""
"W_TB_I_21","PCC","ROUTING","","","","","","PHD.GS_18_3709P","-1","Feb 20 2015  5:41PM","","",""
"W_TB_I_21","PCC","MeOH","","","","","","PHD.OFI_18_3796G","-1","Feb 20 2015  5:41PM","","",""
"W_TB_I_21","PCC","DHSVL","","","","","","PHD.GSH_18_3701","-1","Feb 20 2015  5:41PM","","",""
"W_TB_I_21","PCC","DHSVU","","","","","","PHD.GSH_18_3702","-1","Feb 20 2015  5:41PM","","",""
"W_TB_I_21","PCC","PMV","","","","","","PHD.GSH_18_3703","-1","Feb 20 2015  5:41PM","","",""
"W_TB_I_21","PCC","PWV","","","","","","PHD.GSH_18_3704","-1","Feb 20 2015  5:41PM","","",""
"W_TB_I_21","PCC","AMV","","","","","","PHD.GSH_18_3718","-1","Feb 20 2015  5:41PM","","",""
"W_TB_I_21","PCC","AWV","","","","","","PHD.GSH_18_3712","-1","Feb 20 2015  5:41PM","","",""
"W_TB_I_21","PCC","XOV","","","","","","PHD.GSH_18_3719","-1","Feb 20 2015  5:41PM","","",""
"W_TB_I_21","PCC","GLV","","","","","","PHD.GI_18_3745","-1","Feb 20 2015  5:41PM","","",""
"W_TB_I_21","PCC","PCV","","","","","","PHD.GSL_18_37_06","-1","Feb 20 2015  5:41PM","","",""
"W_TB_I_21","PCC","PFORM_CALC","","","","","","PHD.NPY_18_3796A","-1","Feb 20 2015  5:41PM","","",""
"W_TB_I_21","PCC","TFORM_CALC","","","","","","PHD.NTY_18_3796A","-1","Feb 20 2015  5:41PM","","",""
"W_TB_I_21","PCC","CHOKE_POS_PER","","","","","","PHD.GI_18_3706E","-1","Feb 20 2015  5:41PM","","",""
"W_TB_I_21","PCC","TAG_32","","","","","","PHD.OFC_18_3796A","-1","Feb 20 2015  5:41PM","","",""
"W_TB_I_21","PCC","TAG_33","","","","","","PHD.OFC_18_3796B","-1","Feb 20 2015  5:41PM","","",""
"W_TB_I_21","PCC","TAG_34","","","","","","PHD.OFC_18_3796C","-1","Feb 20 2015  5:41PM","","",""
"W_TB_I_21","PCC","TAG_35","","","","","","PHD.OFC_18_3796D","-1","Feb 20 2015  5:41PM","","",""
"W_TB_I_21","PCC","TAG_36","","","","","","PHD.OFFI_18_3796C","-1","Feb 20 2015  5:41PM","","",""
"W_TB_I_21","PCC","GROUP","","","","","","","-1","Feb 20 2015  5:41PM","","",""
"W_TB_I_21","PCC","CLUSTER","","","","","","","-1","Feb 20 2015  5:41PM","","",""
"W_TB_I_21","PCC","QOILTARGET","","","","","","PHD.UR_18_3801A_X","-1","Feb 20 2015  5:41PM","","",""
"W_TB_I_21","PCC","QOILMIN","","","","","","PHD.URL_18_3801A_X","-1","Feb 20 2015  5:41PM","","",""
"W_TB_I_21","PCC","QOILMAX","","","","","","PHD.URH_18_3801A_X","-1","Feb 20 2015  5:41PM","","",""
"W_TB_I_21","PCC","QLIQTARGET","","","","","","PHD.UR_18_3801C_X","-1","Feb 20 2015  5:41PM","","",""
"W_TB_I_21","PCC","LIQMIN","","","","","","PHD.URL_18_3801C_X","-1","Feb 20 2015  5:41PM","","",""
"W_TB_I_22","PCC","EQUIPMENT_NAME","I22","","","","","","-1","Feb 20 2015  5:41PM","","",""
"W_TB_I_22","PCC","EQUIPMENT_DESC","I22- Troll B","","","","","","-1","Feb 20 2015  5:41PM","","",""
"W_TB_I_22","PCC","QOIL","","","","","","PHD.OFI_18_3896A","-1","Feb 20 2015  5:41PM","","",""
"W_TB_I_22","PCC","QWAT","","","","","","PHD.OFI_18_3896B","-1","Feb 20 2015  5:41PM","","",""
"W_TB_I_22","PCC","QLIQ","","","","","","PHD.OFI_18_3896C","-1","Feb 20 2015  5:41PM","","",""
"W_TB_I_22","PCC","QGAS","","","","","","PHD.OFI_18_3896D","-1","Feb 20 2015  5:41PM","","",""
"W_TB_I_22","PCC","WC","","","","","","PHD.OFFI_18_3896A","-1","Feb 20 2015  5:41PM","","",""
"W_TB_I_22","PCC","GOR","","","","","","PHD.OFFI_18_3896B","-1","Feb 20 2015  5:41PM","","",""
"W_TB_I_22","PCC","UCP","","","","","","PHD.PZI_18_3815","-1","Feb 20 2015  5:41PM","","",""
"W_TB_I_22","PCC","UCT","","","","","","PHD.TI_18_3823","-1","Feb 20 2015  5:41PM","","",""
"W_TB_I_22","PCC","DCP","","","","","","PHD.PZI_18_3817","-1","Feb 20 2015  5:41PM","","",""
"W_TB_I_22","PCC","DCT","","","","","","PHD.TI_18_3816","-1","Feb 20 2015  5:41PM","","",""
"W_TB_I_22","PCC","UCP_CALC","","","","","","PHD.NPY_18_3896B","-1","Feb 20 2015  5:41PM","","",""
"W_TB_I_22","PCC","UCT_CALC","","","","","","PHD.NTY_18_3896B","-1","Feb 20 2015  5:41PM","","",""
"W_TB_I_22","PCC","DCP_CALC","","","","","","PHD.NPY_18_3896C","-1","Feb 20 2015  5:41PM","","",""
"W_TB_I_22","PCC","DCT_CALC","","","","","","PHD.NTY_18_3896C","-1","Feb 20 2015  5:41PM","","",""
"W_TB_I_22","PCC","DP","","","","","","PHD.PDI_18_3806","-1","Feb 20 2015  5:41PM","","",""
"W_TB_I_22","PCC","CHOKE","","","","","","PHD.GI_18_3806A","-1","Feb 20 2015  5:41PM","","",""
"W_TB_I_22","PCC","CHOKE_CMD","","","","","","PHD.GI_18_3806B","-1","Feb 20 2015  5:41PM","","",""
"W_TB_I_22","PCC","CHOKE_CALC","","","","","","PHD.NGI_18_3806B","-1","Feb 20 2015  5:41PM","","",""
"W_TB_I_22","PCC","ERRF","","","","","","PHD.NFI_18_3896Z","-1","Feb 20 2015  5:41PM","","",""
"W_TB_I_22","PCC","MODUS","","","","","","PHD.HS_18_3806B","-1","Feb 20 2015  5:41PM","","",""
"W_TB_I_22","PCC","STATUS","","","","","","PHD.NI_18_3863","-1","Feb 20 2015  5:41PM","","",""
"W_TB_I_22","PCC","ROUTING","","","","","","PHD.GS_18_3809P","-1","Feb 20 2015  5:41PM","","",""
"W_TB_I_22","PCC","MeOH","","","","","","PHD.OFI_18_3896G","-1","Feb 20 2015  5:41PM","","",""
"W_TB_I_22","PCC","DHSVL","","","","","","PHD.GSH_18_3801","-1","Feb 20 2015  5:41PM","","",""
"W_TB_I_22","PCC","DHSVU","","","","","","PHD.GSH_18_3802","-1","Feb 20 2015  5:41PM","","",""
"W_TB_I_22","PCC","PMV","","","","","","PHD.GSH_18_3803","-1","Feb 20 2015  5:41PM","","",""
"W_TB_I_22","PCC","PWV","","","","","","PHD.GSH_18_3804","-1","Feb 20 2015  5:41PM","","",""
"W_TB_I_22","PCC","AMV","","","","","","PHD.GSH_18_3818","-1","Feb 20 2015  5:41PM","","",""
"W_TB_I_22","PCC","AWV","","","","","","PHD.GSH_18_3812","-1","Feb 20 2015  5:41PM","","",""
"W_TB_I_22","PCC","XOV","","","","","","PHD.GSH_18_3819","-1","Feb 20 2015  5:41PM","","",""
"W_TB_I_22","PCC","GLV","","","","","","PHD.GI_18_3845","-1","Feb 20 2015  5:41PM","","",""
"W_TB_I_22","PCC","PCV","","","","","","PHD.GSL_18_38_06","-1","Feb 20 2015  5:41PM","","",""
"W_TB_I_22","PCC","PFORM_CALC","","","","","","PHD.NPY_18_3896A","-1","Feb 20 2015  5:41PM","","",""
"W_TB_I_22","PCC","TFORM_CALC","","","","","","PHD.NTY_18_3896A","-1","Feb 20 2015  5:41PM","","",""
"W_TB_I_22","PCC","CHOKE_POS_PER","","","","","","PHD.GI_18_3806E","-1","Feb 20 2015  5:41PM","","",""
"W_TB_I_22","PCC","TAG_32","","","","","","PHD.OFC_18_3896A","-1","Feb 20 2015  5:41PM","","",""
"W_TB_I_22","PCC","TAG_33","","","","","","PHD.OFC_18_3896B","-1","Feb 20 2015  5:41PM","","",""
"W_TB_I_22","PCC","TAG_34","","","","","","PHD.OFC_18_3896C","-1","Feb 20 2015  5:41PM","","",""
"W_TB_I_22","PCC","TAG_35","","","","","","PHD.OFC_18_3896D","-1","Feb 20 2015  5:41PM","","",""
"W_TB_I_22","PCC","TAG_36","","","","","","PHD.OFFI_18_3896C","-1","Feb 20 2015  5:41PM","","",""
"W_TB_I_22","PCC","GROUP","","","","","","","-1","Feb 20 2015  5:41PM","","",""
"W_TB_I_22","PCC","CLUSTER","","","","","","","-1","Feb 20 2015  5:41PM","","",""
"W_TB_I_22","PCC","QOILTARGET","","","","","","PHD.UR_18_3901A_X","-1","Feb 20 2015  5:41PM","","",""
"W_TB_I_22","PCC","QOILMIN","","","","","","PHD.URL_18_3901A_X","-1","Feb 20 2015  5:41PM","","",""
"W_TB_I_22","PCC","QOILMAX","","","","","","PHD.URH_18_3901A_X","-1","Feb 20 2015  5:41PM","","",""
"W_TB_I_22","PCC","QLIQTARGET","","","","","","PHD.UR_18_3901C_X","-1","Feb 20 2015  5:41PM","","",""
"W_TB_I_22","PCC","LIQMIN","","","","","","PHD.URL_18_3901C_X","-1","Feb 20 2015  5:41PM","","",""
"W_TB_I_22","PCC","QLIQMAX","","","","","","PHD.URH_18_3901C_X","-1","Feb 20 2015  5:41PM","","",""
"W_TB_I_23","PCC","EQUIPMENT_NAME","I23","","","","","","-1","Feb 20 2015  5:41PM","","",""
"W_TB_I_23","PCC","EQUIPMENT_DESC","I23- Troll B","","","","","","-1","Feb 20 2015  5:41PM","","",""
"W_TB_I_23","PCC","QOIL","","","","","","PHD.OFI_18_3996A","-1","Feb 20 2015  5:41PM","","",""
"W_TB_I_23","PCC","QWAT","","","","","","PHD.OFI_18_3996B","-1","Feb 20 2015  5:41PM","","",""
"W_TB_I_23","PCC","QLIQ","","","","","","PHD.OFI_18_3996C","-1","Feb 20 2015  5:41PM","","",""
"W_TB_I_23","PCC","QGAS","","","","","","PHD.OFI_18_3996D","-1","Feb 20 2015  5:41PM","","",""
"W_TB_I_23","PCC","WC","","","","","","PHD.OFFI_18_3996A","-1","Feb 20 2015  5:41PM","","",""
"W_TB_I_23","PCC","GOR","","","","","","PHD.OFFI_18_3996B","-1","Feb 20 2015  5:41PM","","",""
"W_TB_I_23","PCC","UCP","","","","","","PHD.PZI_18_3915","-1","Feb 20 2015  5:41PM","","",""
"W_TB_I_23","PCC","UCT","","","","","","PHD.TI_18_3923","-1","Feb 20 2015  5:41PM","","",""
"W_TB_I_23","PCC","DCP","","","","","","PHD.PZI_18_3917","-1","Feb 20 2015  5:41PM","","",""
"W_TB_I_23","PCC","DCT","","","","","","PHD.TI_18_3916","-1","Feb 20 2015  5:41PM","","",""
"W_TB_I_23","PCC","UCP_CALC","","","","","","PHD.NPY_18_3996B","-1","Feb 20 2015  5:41PM","","",""
"W_TB_I_23","PCC","UCT_CALC","","","","","","PHD.NTY_18_3996B","-1","Feb 20 2015  5:41PM","","",""
"W_TB_I_23","PCC","DCP_CALC","","","","","","PHD.NPY_18_3996C","-1","Feb 20 2015  5:41PM","","",""
"W_TB_I_23","PCC","DCT_CALC","","","","","","PHD.NTY_18_3996C","-1","Feb 20 2015  5:41PM","","",""
"W_TB_I_23","PCC","DP","","","","","","PHD.PDI_18_3906","-1","Feb 20 2015  5:41PM","","",""
"W_TB_I_23","PCC","CHOKE","","","","","","PHD.GI_18_3906A","-1","Feb 20 2015  5:41PM","","",""
"W_TB_I_23","PCC","CHOKE_CMD","","","","","","PHD.GI_18_3906B","-1","Feb 20 2015  5:41PM","","",""
"W_TB_I_23","PCC","CHOKE_CALC","","","","","","PHD.NGI_18_3906B","-1","Feb 20 2015  5:41PM","","",""
"W_TB_I_23","PCC","ERRF","","","","","","PHD.NFI_18_3996Z","-1","Feb 20 2015  5:41PM","","",""
"W_TB_I_23","PCC","MODUS","","","","","","PHD.HS_18_3906B","-1","Feb 20 2015  5:41PM","","",""
"W_TB_I_23","PCC","STATUS","","","","","","PHD.NI_18_3963","-1","Feb 20 2015  5:41PM","","",""
"W_TB_I_23","PCC","ROUTING","","","","","","PHD.GS_18_3909P","-1","Feb 20 2015  5:41PM","","",""
"W_TB_I_23","PCC","MeOH","","","","","","PHD.OFI_18_3996G","-1","Feb 20 2015  5:41PM","","",""
"W_TB_I_23","PCC","DHSVL","","","","","","PHD.GSH_18_3901","-1","Feb 20 2015  5:41PM","","",""
"W_TB_I_23","PCC","DHSVU","","","","","","PHD.GSH_18_3902","-1","Feb 20 2015  5:41PM","","",""
"W_TB_I_23","PCC","PMV","","","","","","PHD.GSH_18_3903","-1","Feb 20 2015  5:41PM","","",""
"W_TB_I_23","PCC","PWV","","","","","","PHD.GSH_18_3904","-1","Feb 20 2015  5:41PM","","",""
"W_TB_I_23","PCC","AMV","","","","","","PHD.GSH_18_3918","-1","Feb 20 2015  5:41PM","","",""
"W_TB_I_23","PCC","AWV","","","","","","PHD.GSH_18_3912","-1","Feb 20 2015  5:41PM","","",""
"W_TB_I_23","PCC","XOV","","","","","","PHD.GSH_18_3919","-1","Feb 20 2015  5:41PM","","",""
"W_TB_I_23","PCC","GLV","","","","","","PHD.GI_18_3945","-1","Feb 20 2015  5:41PM","","",""
"W_TB_I_23","PCC","PCV","","","","","","PHD.GSL_18_39_06","-1","Feb 20 2015  5:41PM","","",""
"W_TB_I_23","PCC","PFORM_CALC","","","","","","PHD.NPY_18_3996A","-1","Feb 20 2015  5:41PM","","",""
"W_TB_I_23","PCC","CHOKE_POS_PER","","","","","","PHD.GI_18_3906E","-1","Feb 20 2015  5:41PM","","",""
"W_TB_I_23","PCC","TAG_32","","","","","","PHD.OFC_18_3996A","-1","Feb 20 2015  5:41PM","","",""
"W_TB_I_23","PCC","TAG_33","","","","","","PHD.OFC_18_3996B","-1","Feb 20 2015  5:41PM","","",""
"W_TB_I_23","PCC","TAG_34","","","","","","PHD.OFC_18_3996C","-1","Feb 20 2015  5:41PM","","",""
"W_TB_I_23","PCC","TAG_35","","","","","","PHD.OFC_18_3996D","-1","Feb 20 2015  5:41PM","","",""
"W_TB_I_23","PCC","TAG_36","","","","","","PHD.OFFI_18_3996C","-1","Feb 20 2015  5:41PM","","",""
"W_TB_I_23","PCC","GROUP","","","","","","","-1","Feb 20 2015  5:41PM","","",""
"W_TB_I_23","PCC","CLUSTER","","","","","","","-1","Feb 20 2015  5:41PM","","",""
"W_TB_I_23","PCC","QOILTARGET","","","","","","PHD.UR_18_4001A_X","-1","Feb 20 2015  5:41PM","","",""
"W_TB_I_23","PCC","QOILMIN","","","","","","PHD.URL_18_4001A_X","-1","Feb 20 2015  5:41PM","","",""
"W_TB_I_23","PCC","QOILMAX","","","","","","PHD.URH_18_4001A_X","-1","Feb 20 2015  5:41PM","","",""
"W_TB_I_23","PCC","QLIQTARGET","","","","","","PHD.UR_18_4001C_X","-1","Feb 20 2015  5:41PM","","",""
"W_TB_I_23","PCC","LIQMIN","","","","","","PHD.URL_18_4001C_X","-1","Feb 20 2015  5:41PM","","",""
"W_TB_I_23","PCC","QLIQMAX","","","","","","PHD.URH_18_4001C_X","-1","Feb 20 2015  5:41PM","","",""
"W_TB_I_32","PCC","EQUIPMENT_NAME","I32","","","","","","-1","Feb 20 2015  5:41PM","","",""
"W_TB_I_32","PCC","EQUIPMENT_DESC","I32- Troll B","","","","","","-1","Feb 20 2015  5:41PM","","",""
"W_TB_I_32","PCC","QOIL","","","","","","PHD.OFI_18_4096A","-1","Feb 20 2015  5:41PM","","",""
"W_TB_I_32","PCC","QWAT","","","","","","PHD.OFI_18_4096B","-1","Feb 20 2015  5:41PM","","",""
"W_TB_I_32","PCC","QLIQ","","","","","","PHD.OFI_18_4096C","-1","Feb 20 2015  5:41PM","","",""
"W_TB_I_32","PCC","QGAS","","","","","","PHD.OFI_18_4096D","-1","Feb 20 2015  5:41PM","","",""
"W_TB_I_32","PCC","WC","","","","","","PHD.OFFI_18_4096A","-1","Feb 20 2015  5:41PM","","",""
"W_TB_I_32","PCC","GOR","","","","","","PHD.OFFI_18_4096B","-1","Feb 20 2015  5:41PM","","",""
"W_TB_I_32","PCC","UCP","","","","","","PHD.PZI_18_4015","-1","Feb 20 2015  5:41PM","","",""
"W_TB_I_32","PCC","UCT","","","","","","PHD.TI_18_4023","-1","Feb 20 2015  5:41PM","","",""
"W_TB_I_32","PCC","DCP","","","","","","PHD.PZI_18_4017","-1","Feb 20 2015  5:41PM","","",""
"W_TB_I_32","PCC","DCT","","","","","","PHD.TI_18_4016","-1","Feb 20 2015  5:41PM","","",""
"W_TB_I_32","PCC","UCP_CALC","","","","","","PHD.NPY_18_4096B","-1","Feb 20 2015  5:41PM","","",""
"W_TB_I_32","PCC","UCT_CALC","","","","","","PHD.NTY_18_4096B","-1","Feb 20 2015  5:41PM","","",""
"W_TB_I_32","PCC","DCP_CALC","","","","","","PHD.NPY_18_4096C","-1","Feb 20 2015  5:41PM","","",""
"W_TB_I_32","PCC","DCT_CALC","","","","","","PHD.NTY_18_4096C","-1","Feb 20 2015  5:41PM","","",""
"W_TB_I_32","PCC","DP","","","","","","PHD.PDI_18_4006","-1","Feb 20 2015  5:41PM","","",""
"W_TB_I_32","PCC","CHOKE","","","","","","PHD.GI_18_4006A","-1","Feb 20 2015  5:41PM","","",""
"W_TB_I_32","PCC","CHOKE_CMD","","","","","","PHD.GI_18_4006B","-1","Feb 20 2015  5:41PM","","",""
"W_TB_I_32","PCC","CHOKE_CALC","","","","","","PHD.NGI_18_4006B","-1","Feb 20 2015  5:41PM","","",""
"W_TB_I_32","PCC","ERRF","","","","","","PHD.NFI_18_4096Z","-1","Feb 20 2015  5:41PM","","",""
"W_TB_I_32","PCC","MODUS","","","","","","PHD.HS_18_4006B","-1","Feb 20 2015  5:41PM","","",""
"W_TB_I_32","PCC","STATUS","","","","","","PHD.NI_18_4063","-1","Feb 20 2015  5:41PM","","",""
"W_TB_I_32","PCC","ROUTING","","","","","","PHD.GS_18_4009P","-1","Feb 20 2015  5:41PM","","",""
"W_TB_I_32","PCC","MeOH","","","","","","PHD.OFI_18_4096G","-1","Feb 20 2015  5:41PM","","",""
"W_TB_I_32","PCC","DHSVL","","","","","","PHD.GSH_18_4001","-1","Feb 20 2015  5:41PM","","",""
"W_TB_I_32","PCC","DHSVU","","","","","","PHD.GSH_18_4002","-1","Feb 20 2015  5:41PM","","",""
"W_TB_I_32","PCC","PMV","","","","","","PHD.GSH_18_4003","-1","Feb 20 2015  5:41PM","","",""
"W_TB_I_32","PCC","PWV","","","","","","PHD.GSH_18_4004","-1","Feb 20 2015  5:41PM","","",""
"W_TB_I_32","PCC","AMV","","","","","","PHD.GSH_18_4018","-1","Feb 20 2015  5:41PM","","",""
"W_TB_I_32","PCC","AWV","","","","","","PHD.GSH_18_4012","-1","Feb 20 2015  5:41PM","","",""
"W_TB_I_32","PCC","XOV","","","","","","PHD.GSH_18_4019","-1","Feb 20 2015  5:41PM","","",""
"W_TB_I_32","PCC","GLV","","","","","","PHD.GI_18_4045","-1","Feb 20 2015  5:41PM","","",""
"W_TB_I_32","PCC","PCV","","","","","","PHD.GSL_18_40_06","-1","Feb 20 2015  5:41PM","","",""
"W_TB_I_32","PCC","PFORM_CALC","","","","","","PHD.NPY_18_4096A","-1","Feb 20 2015  5:41PM","","",""
"W_TB_I_32","PCC","TFORM_CALC","","","","","","PHD.NTY_18_4096A","-1","Feb 20 2015  5:41PM","","",""
"W_TB_I_32","PCC","CHOKE_POS_PER","","","","","","PHD.GI_18_4006E","-1","Feb 20 2015  5:41PM","","",""
"W_TB_I_32","PCC","TAG_32","","","","","","PHD.OFC_18_4096A","-1","Feb 20 2015  5:41PM","","",""
"W_TB_I_32","PCC","TAG_33","","","","","","PHD.OFC_18_4096B","-1","Feb 20 2015  5:41PM","","",""
"W_TB_I_32","PCC","TAG_34","","","","","","PHD.OFC_18_4096C","-1","Feb 20 2015  5:41PM","","",""
"W_TB_I_32","PCC","TAG_35","","","","","","PHD.OFC_18_4096D","-1","Feb 20 2015  5:41PM","","",""
"W_TB_I_32","PCC","TAG_36","","","","","","PHD.OFFI_18_4096C","-1","Feb 20 2015  5:41PM","","",""
"W_TB_I_32","PCC","GROUP","","","","","","","-1","Feb 20 2015  5:41PM","","",""
"W_TB_I_32","PCC","CLUSTER","","","","","","","-1","Feb 20 2015  5:41PM","","",""
"W_TB_I_32","PCC","QOILTARGET","","","","","","PHD.UR_18_4101A_X","-1","Feb 20 2015  5:41PM","","",""
"W_TB_I_32","PCC","QOILMIN","","","","","","PHD.URL_18_4101A_X","-1","Feb 20 2015  5:41PM","","",""
"W_TB_I_32","PCC","QOILMAX","","","","","","PHD.URH_18_4101A_X","-1","Feb 20 2015  5:41PM","","",""
"W_TB_I_32","PCC","QLIQTARGET","","","","","","PHD.UR_18_4101C_X","-1","Feb 20 2015  5:41PM","","",""
"W_TB_I_32","PCC","LIQMIN","","","","","","PHD.URL_18_4101C_X","-1","Feb 20 2015  5:41PM","","",""
"W_TB_I_32","PCC","QLIQMAX","","","","","","PHD.URH_18_4101C_X","-1","Feb 20 2015  5:41PM","","",""
"W_TB_J_11","PCC","EQUIPMENT_NAME","J11","","","","","","-1","Feb 20 2015  5:41PM","","",""
"W_TB_J_11","PCC","EQUIPMENT_DESC","J11- Troll B","","","","","","-1","Feb 20 2015  5:41PM","","",""
"W_TB_J_11","PCC","QOIL","","","","","","PHD.OFI_18_4196A","-1","Feb 20 2015  5:41PM","","",""
"W_TB_J_11","PCC","QWAT","","","","","","PHD.OFI_18_4196B","-1","Feb 20 2015  5:41PM","","",""
"W_TB_J_11","PCC","QLIQ","","","","","","PHD.OFI_18_4196C","-1","Feb 20 2015  5:41PM","","",""
"W_TB_J_11","PCC","QGAS","","","","","","PHD.OFI_18_4196D","-1","Feb 20 2015  5:41PM","","",""
"W_TB_J_11","PCC","WC","","","","","","PHD.OFFI_18_4196A","-1","Feb 20 2015  5:41PM","","",""
"W_TB_J_11","PCC","GOR","","","","","","PHD.OFFI_18_4196B","-1","Feb 20 2015  5:41PM","","",""
"W_TB_J_11","PCC","UCP","","","","","","PHD.PZI_18_4115","-1","Feb 20 2015  5:41PM","","",""
"W_TB_J_11","PCC","UCT","","","","","","PHD.TI_18_4123","-1","Feb 20 2015  5:41PM","","",""
"W_TB_J_11","PCC","DCP","","","","","","PHD.PZI_18_4117","-1","Feb 20 2015  5:41PM","","",""
"W_TB_J_11","PCC","DCT","","","","","","PHD.TI_18_4116","-1","Feb 20 2015  5:41PM","","",""
"W_TB_J_11","PCC","UCP_CALC","","","","","","PHD.NPY_18_4196B","-1","Feb 20 2015  5:41PM","","",""
"W_TB_J_11","PCC","UCT_CALC","","","","","","PHD.NTY_18_4196B","-1","Feb 20 2015  5:41PM","","",""
"W_TB_J_11","PCC","DCP_CALC","","","","","","PHD.NPY_18_4196C","-1","Feb 20 2015  5:41PM","","",""
"W_TB_J_11","PCC","DCT_CALC","","","","","","PHD.NTY_18_4196C","-1","Feb 20 2015  5:41PM","","",""
"W_TB_J_11","PCC","DP","","","","","","PHD.PDI_18_4106","-1","Feb 20 2015  5:41PM","","",""
"W_TB_J_11","PCC","CHOKE","","","","","","PHD.GI_18_4106A","-1","Feb 20 2015  5:41PM","","",""
"W_TB_J_11","PCC","CHOKE_CMD","","","","","","PHD.GI_18_4106B","-1","Feb 20 2015  5:41PM","","",""
"W_TB_J_11","PCC","CHOKE_CALC","","","","","","PHD.NGI_18_4106B","-1","Feb 20 2015  5:41PM","","",""
"W_TB_J_11","PCC","ERRF","","","","","","PHD.NFI_18_4196Z","-1","Feb 20 2015  5:41PM","","",""
"W_TB_J_11","PCC","STATUS","","","","","","PHD.NI_18_4163","-1","Feb 20 2015  5:41PM","","",""
"W_TB_J_11","PCC","ROUTING","","","","","","PHD.GS_18_4109P","-1","Feb 20 2015  5:41PM","","",""
"W_TB_J_11","PCC","MeOH","","","","","","PHD.OFI_18_4196G","-1","Feb 20 2015  5:41PM","","",""
"W_TB_J_11","PCC","DHSVL","","","","","","PHD.GSH_18_4101","-1","Feb 20 2015  5:41PM","","",""
"W_TB_J_11","PCC","DHSVU","","","","","","PHD.GSH_18_4102","-1","Feb 20 2015  5:41PM","","",""
"W_TB_J_11","PCC","PMV","","","","","","PHD.GSH_18_4103","-1","Feb 20 2015  5:41PM","","",""
"W_TB_J_11","PCC","PWV","","","","","","PHD.GSH_18_4104","-1","Feb 20 2015  5:41PM","","",""
"W_TB_J_11","PCC","AMV","","","","","","PHD.GSH_18_4118","-1","Feb 20 2015  5:41PM","","",""
"W_TB_J_11","PCC","AWV","","","","","","PHD.GSH_18_4112","-1","Feb 20 2015  5:41PM","","",""
"W_TB_J_11","PCC","XOV","","","","","","PHD.GSH_18_4119","-1","Feb 20 2015  5:41PM","","",""
"W_TB_J_11","PCC","GLV","","","","","","PHD.GI_18_4145","-1","Feb 20 2015  5:41PM","","",""
"W_TB_J_11","PCC","PCV","","","","","","PHD.GSL_18_41_06","-1","Feb 20 2015  5:41PM","","",""
"W_TB_J_11","PCC","PFORM_CALC","","","","","","PHD.NPY_18_4196A","-1","Feb 20 2015  5:41PM","","",""
"W_TB_J_11","PCC","TFORM_CALC","","","","","","PHD.NTY_18_4196A","-1","Feb 20 2015  5:41PM","","",""
"W_TB_J_11","PCC","CHOKE_POS_PER","","","","","","PHD.GI_18_4106E","-1","Feb 20 2015  5:41PM","","",""
"W_TB_J_11","PCC","TAG_32","","","","","","PHD.OFC_18_4196A","-1","Feb 20 2015  5:41PM","","",""
"W_TB_J_11","PCC","TAG_33","","","","","","PHD.OFC_18_4196B","-1","Feb 20 2015  5:41PM","","",""
"W_TB_J_11","PCC","TAG_34","","","","","","PHD.OFC_18_4196C","-1","Feb 20 2015  5:41PM","","",""
"W_TB_J_11","PCC","TAG_35","","","","","","PHD.OFC_18_4196D","-1","Feb 20 2015  5:41PM","","",""
"W_TB_J_11","PCC","TAG_36","","","","","","PHD.OFFI_18_4196C","-1","Feb 20 2015  5:41PM","","",""
"W_TB_J_11","PCC","GROUP","","","","","","","-1","Feb 20 2015  5:41PM","","",""
"W_TB_J_11","PCC","CLUSTER","","","","","","","-1","Feb 20 2015  5:41PM","","",""
"W_TB_J_11","PCC","QOILTARGET","","","","","","PHD.UR_18_4201A_X","-1","Feb 20 2015  5:41PM","","",""
"W_TB_J_11","PCC","QOILMIN","","","","","","PHD.URL_18_4201A_X","-1","Feb 20 2015  5:41PM","","",""
"W_TB_J_11","PCC","QOILMAX","","","","","","PHD.URH_18_4201A_X","-1","Feb 20 2015  5:41PM","","",""
"W_TB_J_11","PCC","QLIQTARGET","","","","","","PHD.UR_18_4201C_X","-1","Feb 20 2015  5:41PM","","",""
"W_TB_J_11","PCC","LIQMIN","","","","","","PHD.URL_18_4201C_X","-1","Feb 20 2015  5:41PM","","",""
"W_TB_J_11","PCC","QLIQMAX","","","","","","PHD.URH_18_4201C_X","-1","Feb 20 2015  5:41PM","","",""
"W_TB_J_12","PCC","EQUIPMENT_NAME","J12","","","","","","-1","Feb 20 2015  5:41PM","","",""
"W_TB_J_12","PCC","EQUIPMENT_DESC","J12- Troll B","","","","","","-1","Feb 20 2015  5:41PM","","",""
"W_TB_J_12","PCC","QOIL","","","","","","PHD.OFI_18_4296A","-1","Feb 20 2015  5:41PM","","",""
"W_TB_J_12","PCC","QWAT","","","","","","PHD.OFI_18_4296B","-1","Feb 20 2015  5:41PM","","",""
"W_TB_J_12","PCC","QLIQ","","","","","","PHD.OFI_18_4296C","-1","Feb 20 2015  5:41PM","","",""
"W_TB_J_12","PCC","QGAS","","","","","","PHD.OFI_18_4296D","-1","Feb 20 2015  5:41PM","","",""
"W_TB_J_12","PCC","WC","","","","","","PHD.OFFI_18_4296A","-1","Feb 20 2015  5:41PM","","",""
"W_TB_J_12","PCC","GOR","","","","","","PHD.OFFI_18_4296B","-1","Feb 20 2015  5:41PM","","",""
"W_TB_J_12","PCC","UCP","","","","","","PHD.PZI_18_4215","-1","Feb 20 2015  5:41PM","","",""
"W_TB_J_12","PCC","UCT","","","","","","PHD.TI_18_4223","-1","Feb 20 2015  5:41PM","","",""
"W_TB_J_12","PCC","DCP","","","","","","PHD.PZI_18_4217","-1","Feb 20 2015  5:41PM","","",""
"W_TB_J_12","PCC","DCT","","","","","","PHD.TI_18_4216","-1","Feb 20 2015  5:41PM","","",""
"W_TB_J_12","PCC","UCP_CALC","","","","","","PHD.NPY_18_4296B","-1","Feb 20 2015  5:41PM","","",""
"W_TB_J_12","PCC","UCT_CALC","","","","","","PHD.NTY_18_4296B","-1","Feb 20 2015  5:41PM","","",""
"W_TB_J_12","PCC","DCP_CALC","","","","","","PHD.NPY_18_4296C","-1","Feb 20 2015  5:41PM","","",""
"W_TB_J_12","PCC","DCT_CALC","","","","","","PHD.NTY_18_4296C","-1","Feb 20 2015  5:41PM","","",""
"W_TB_J_12","PCC","DP","","","","","","PHD.PDI_18_4206","-1","Feb 20 2015  5:41PM","","",""
"W_TB_J_12","PCC","CHOKE","","","","","","PHD.GI_18_4206A","-1","Feb 20 2015  5:41PM","","",""
"W_TB_J_12","PCC","CHOKE_CMD","","","","","","PHD.GI_18_4206B","-1","Feb 20 2015  5:41PM","","",""
"W_TB_J_12","PCC","CHOKE_CALC","","","","","","PHD.NGI_18_4206B","-1","Feb 20 2015  5:41PM","","",""
"W_TB_J_12","PCC","ERRF","","","","","","PHD.NFI_18_4296Z","-1","Feb 20 2015  5:41PM","","",""
"W_TB_J_12","PCC","MODUS","","","","","","PHD.HS_18_4206B","-1","Feb 20 2015  5:41PM","","",""
"W_TB_J_12","PCC","STATUS","","","","","","PHD.NI_18_4263","-1","Feb 20 2015  5:41PM","","",""
"W_TB_J_12","PCC","ROUTING","","","","","","PHD.GS_18_4209P","-1","Feb 20 2015  5:41PM","","",""
"W_TB_J_12","PCC","MeOH","","","","","","PHD.OFI_18_4296G","-1","Feb 20 2015  5:41PM","","",""
"W_TB_J_12","PCC","DHSVL","","","","","","PHD.GSH_18_4201","-1","Feb 20 2015  5:41PM","","",""
"W_TB_J_12","PCC","DHSVU","","","","","","PHD.GSH_18_4202","-1","Feb 20 2015  5:41PM","","",""
"W_TB_J_12","PCC","PMV","","","","","","PHD.GSH_18_4203","-1","Feb 20 2015  5:41PM","","",""
"W_TB_J_12","PCC","PWV","","","","","","PHD.GSH_18_4204","-1","Feb 20 2015  5:41PM","","",""
"W_TB_J_12","PCC","AMV","","","","","","PHD.GSH_18_4218","-1","Feb 20 2015  5:41PM","","",""
"W_TB_J_12","PCC","AWV","","","","","","PHD.GSH_18_4212","-1","Feb 20 2015  5:41PM","","",""
"W_TB_J_12","PCC","XOV","","","","","","PHD.GSH_18_4219","-1","Feb 20 2015  5:41PM","","",""
"W_TB_J_12","PCC","GLV","","","","","","PHD.GI_18_4245","-1","Feb 20 2015  5:41PM","","",""
"W_TB_J_12","PCC","PCV","","","","","","PHD.GSL_18_42_06","-1","Feb 20 2015  5:41PM","","",""
"W_TB_J_12","PCC","PFORM_CALC","","","","","","PHD.NPY_18_4296A","-1","Feb 20 2015  5:41PM","","",""
"W_TB_J_12","PCC","TFORM_CALC","","","","","","PHD.NTY_18_4296A","-1","Feb 20 2015  5:41PM","","",""
"W_TB_J_12","PCC","CHOKE_POS_PER","","","","","","PHD.GI_18_4206E","-1","Feb 20 2015  5:41PM","","",""
"W_TB_J_12","PCC","TAG_32","","","","","","PHD.OFC_18_4296A","-1","Feb 20 2015  5:41PM","","",""
"W_TB_J_12","PCC","TAG_33","","","","","","PHD.OFC_18_4296B","-1","Feb 20 2015  5:41PM","","",""
"W_TB_J_12","PCC","TAG_34","","","","","","PHD.OFC_18_4296C","-1","Feb 20 2015  5:41PM","","",""
"W_TB_J_12","PCC","TAG_35","","","","","","PHD.OFC_18_4296D","-1","Feb 20 2015  5:41PM","","",""
"W_TB_J_12","PCC","TAG_36","","","","","","PHD.OFFI_18_4296C","-1","Feb 20 2015  5:41PM","","",""
"W_TB_J_12","PCC","GROUP","","","","","","","-1","Feb 20 2015  5:41PM","","",""
"W_TB_J_12","PCC","CLUSTER","","","","","","","-1","Feb 20 2015  5:41PM","","",""
"W_TB_J_12","PCC","QOILTARGET","","","","","","PHD.UR_18_4301A_X","-1","Feb 20 2015  5:41PM","","",""
"W_TB_J_12","PCC","QOILMIN","","","","","","PHD.URL_18_4301A_X","-1","Feb 20 2015  5:41PM","","",""
"W_TB_J_12","PCC","QOILMAX","","","","","","PHD.URH_18_4301A_X","-1","Feb 20 2015  5:41PM","","",""
"W_TB_J_12","PCC","QLIQTARGET","","","","","","PHD.UR_18_4301C_X","-1","Feb 20 2015  5:41PM","","",""
"W_TB_J_12","PCC","LIQMIN","","","","","","PHD.URL_18_4301C_X","-1","Feb 20 2015  5:41PM","","",""
"W_TB_J_12","PCC","QLIQMAX","","","","","","PHD.URH_18_4301C_X","-1","Feb 20 2015  5:41PM","","",""
"W_TB_J_13","PCC","EQUIPMENT_NAME","J13","","","","","","-1","Feb 20 2015  5:41PM","","",""
"W_TB_J_13","PCC","EQUIPMENT_DESC","J13- Troll B","","","","","","-1","Feb 20 2015  5:41PM","","",""
"W_TB_J_13","PCC","QOIL","","","","","","PHD.OFI_18_4396A","-1","Feb 20 2015  5:41PM","","",""
"W_TB_J_13","PCC","QWAT","","","","","","PHD.OFI_18_4396B","-1","Feb 20 2015  5:41PM","","",""
"W_TB_J_13","PCC","QLIQ","","","","","","PHD.OFI_18_4396C","-1","Feb 20 2015  5:41PM","","",""
"W_TB_J_13","PCC","QGAS","","","","","","PHD.OFI_18_4396D","-1","Feb 20 2015  5:41PM","","",""
"W_TB_J_13","PCC","WC","","","","","","PHD.OFFI_18_4396A","-1","Feb 20 2015  5:41PM","","",""
"W_TB_J_13","PCC","UCP","","","","","","PHD.PZI_18_4315","-1","Feb 20 2015  5:41PM","","",""
"W_TB_J_13","PCC","UCT","","","","","","PHD.TI_18_4323","-1","Feb 20 2015  5:41PM","","",""
"W_TB_J_13","PCC","DCP","","","","","","PHD.PZI_18_4317","-1","Feb 20 2015  5:41PM","","",""
"W_TB_J_13","PCC","DCT","","","","","","PHD.TI_18_4316","-1","Feb 20 2015  5:41PM","","",""
"W_TB_J_13","PCC","UCP_CALC","","","","","","PHD.NPY_18_4396B","-1","Feb 20 2015  5:41PM","","",""
"W_TB_J_13","PCC","UCT_CALC","","","","","","PHD.NTY_18_4396B","-1","Feb 20 2015  5:41PM","","",""
"W_TB_J_13","PCC","DCP_CALC","","","","","","PHD.NPY_18_4396C","-1","Feb 20 2015  5:41PM","","",""
"W_TB_J_13","PCC","DCT_CALC","","","","","","PHD.NTY_18_4396C","-1","Feb 20 2015  5:41PM","","",""
"W_TB_J_13","PCC","DP","","","","","","PHD.PDI_18_4306","-1","Feb 20 2015  5:41PM","","",""
"W_TB_J_13","PCC","CHOKE","","","","","","PHD.GI_18_4306A","-1","Feb 20 2015  5:41PM","","",""
"W_TB_J_13","PCC","CHOKE_CMD","","","","","","PHD.GI_18_4306B","-1","Feb 20 2015  5:41PM","","",""
"W_TB_J_13","PCC","CHOKE_CALC","","","","","","PHD.NGI_18_4306B","-1","Feb 20 2015  5:41PM","","",""
"W_TB_J_13","PCC","ERRF","","","","","","PHD.NFI_18_4396Z","-1","Feb 20 2015  5:41PM","","",""
"W_TB_J_13","PCC","MODUS","","","","","","PHD.HS_18_4306B","-1","Feb 20 2015  5:41PM","","",""
"W_TB_J_13","PCC","STATUS","","","","","","PHD.NI_18_4363","-1","Feb 20 2015  5:41PM","","",""
"W_TB_J_13","PCC","ROUTING","","","","","","PHD.GS_18_4309P","-1","Feb 20 2015  5:41PM","","",""
"W_TB_J_13","PCC","MeOH","","","","","","PHD.OFI_18_4396G","-1","Feb 20 2015  5:41PM","","",""
"W_TB_J_13","PCC","DHSVL","","","","","","PHD.GSH_18_4301","-1","Feb 20 2015  5:41PM","","",""
"W_TB_J_13","PCC","DHSVU","","","","","","PHD.GSH_18_4302","-1","Feb 20 2015  5:41PM","","",""
"W_TB_J_13","PCC","PMV","","","","","","PHD.GSH_18_4303","-1","Feb 20 2015  5:41PM","","",""
"W_TB_J_13","PCC","PWV","","","","","","PHD.GSH_18_4304","-1","Feb 20 2015  5:41PM","","",""
"W_TB_J_13","PCC","AMV","","","","","","PHD.GSH_18_4318","-1","Feb 20 2015  5:41PM","","",""
"W_TB_J_13","PCC","AWV","","","","","","PHD.GSH_18_4312","-1","Feb 20 2015  5:41PM","","",""
"W_TB_J_13","PCC","XOV","","","","","","PHD.GSH_18_4319","-1","Feb 20 2015  5:41PM","","",""
"W_TB_J_13","PCC","GLV","","","","","","PHD.GI_18_4345","-1","Feb 20 2015  5:41PM","","",""
"W_TB_J_13","PCC","PCV","","","","","","PHD.GSL_18_43_06","-1","Feb 20 2015  5:41PM","","",""
"W_TB_J_13","PCC","PFORM_CALC","","","","","","PHD.NPY_18_4396A","-1","Feb 20 2015  5:41PM","","",""
"W_TB_J_13","PCC","TFORM_CALC","","","","","","PHD.NTY_18_4396A","-1","Feb 20 2015  5:41PM","","",""
"W_TB_J_13","PCC","CHOKE_POS_PER","","","","","","PHD.GI_18_4306E","-1","Feb 20 2015  5:41PM","","",""
"W_TB_J_13","PCC","TAG_32","","","","","","PHD.OFC_18_4396A","-1","Feb 20 2015  5:41PM","","",""
"W_TB_J_13","PCC","TAG_33","","","","","","PHD.OFC_18_4396B","-1","Feb 20 2015  5:41PM","","",""
"W_TB_J_13","PCC","TAG_34","","","","","","PHD.OFC_18_4396C","-1","Feb 20 2015  5:41PM","","",""
"W_TB_J_13","PCC","TAG_35","","","","","","PHD.OFC_18_4396D","-1","Feb 20 2015  5:41PM","","",""
"W_TB_J_13","PCC","TAG_36","","","","","","PHD.OFFI_18_4396C","-1","Feb 20 2015  5:41PM","","",""
"W_TB_J_13","PCC","GROUP","","","","","","","-1","Feb 20 2015  5:41PM","","",""
"W_TB_J_13","PCC","CLUSTER","","","","","","","-1","Feb 20 2015  5:41PM","","",""
"W_TB_J_13","PCC","QOILTARGET","","","","","","PHD.UR_18_4401A_X","-1","Feb 20 2015  5:41PM","","",""
"W_TB_J_13","PCC","QOILMIN","","","","","","PHD.URL_18_4401A_X","-1","Feb 20 2015  5:41PM","","",""
"W_TB_J_13","PCC","QOILMAX","","","","","","PHD.URH_18_4401A_X","-1","Feb 20 2015  5:41PM","","",""
"W_TB_J_13","PCC","QLIQTARGET","","","","","","PHD.UR_18_4401C_X","-1","Feb 20 2015  5:41PM","","",""
"W_TB_J_13","PCC","LIQMIN","","","","","","PHD.URL_18_4401C_X","-1","Feb 20 2015  5:41PM","","",""
"W_TB_J_13","PCC","QLIQMAX","","","","","","PHD.URH_18_4401C_X","-1","Feb 20 2015  5:41PM","","",""
"W_TB_J_14","PCC","EQUIPMENT_NAME","J14","","","","","","-1","Feb 20 2015  5:41PM","","",""
"W_TB_J_14","PCC","EQUIPMENT_DESC","J14- Troll B","","","","","","-1","Feb 20 2015  5:41PM","","",""
"W_TB_J_14","PCC","QOIL","","","","","","PHD.OFI_18_4496A","-1","Feb 20 2015  5:41PM","","",""
"W_TB_J_14","PCC","QWAT","","","","","","PHD.OFI_18_4496B","-1","Feb 20 2015  5:41PM","","",""
"W_TB_J_14","PCC","QLIQ","","","","","","PHD.OFI_18_4496C","-1","Feb 20 2015  5:41PM","","",""
"W_TB_J_14","PCC","QGAS","","","","","","PHD.OFI_18_4496D","-1","Feb 20 2015  5:41PM","","",""
"W_TB_J_14","PCC","WC","","","","","","PHD.OFFI_18_4496A","-1","Feb 20 2015  5:41PM","","",""
"W_TB_J_14","PCC","GOR","","","","","","PHD.OFFI_18_4496B","-1","Feb 20 2015  5:41PM","","",""
"W_TB_J_14","PCC","UCP","","","","","","PHD.PZI_18_4415","-1","Feb 20 2015  5:41PM","","",""
"W_TB_J_14","PCC","UCT","","","","","","PHD.TI_18_4423","-1","Feb 20 2015  5:41PM","","",""
"W_TB_J_14","PCC","DCP","","","","","","PHD.PZI_18_4417","-1","Feb 20 2015  5:41PM","","",""
"W_TB_J_14","PCC","DCT","","","","","","PHD.TI_18_4416","-1","Feb 20 2015  5:41PM","","",""
"W_TB_J_14","PCC","UCP_CALC","","","","","","PHD.NPY_18_4496B","-1","Feb 20 2015  5:41PM","","",""
"W_TB_J_14","PCC","UCT_CALC","","","","","","PHD.NTY_18_4496B","-1","Feb 20 2015  5:41PM","","",""
"W_TB_J_14","PCC","DCP_CALC","","","","","","PHD.NPY_18_4496C","-1","Feb 20 2015  5:41PM","","",""
"W_TB_J_14","PCC","DCT_CALC","","","","","","PHD.NTY_18_4496C","-1","Feb 20 2015  5:41PM","","",""
"W_TB_J_14","PCC","DP","","","","","","PHD.PDI_18_4406","-1","Feb 20 2015  5:41PM","","",""
"W_TB_J_14","PCC","CHOKE","","","","","","PHD.GI_18_4406A","-1","Feb 20 2015  5:41PM","","",""
"W_TB_J_14","PCC","CHOKE_CMD","","","","","","PHD.GI_18_4406B","-1","Feb 20 2015  5:41PM","","",""
"W_TB_J_14","PCC","CHOKE_CALC","","","","","","PHD.NGI_18_4406B","-1","Feb 20 2015  5:41PM","","",""
"W_TB_J_14","PCC","ERRF","","","","","","PHD.NFI_18_4496Z","-1","Feb 20 2015  5:41PM","","",""
"W_TB_J_14","PCC","MODUS","","","","","","PHD.HS_18_4406B","-1","Feb 20 2015  5:41PM","","",""
"W_TB_J_14","PCC","STATUS","","","","","","PHD.NI_18_4463","-1","Feb 20 2015  5:41PM","","",""
"W_TB_J_14","PCC","ROUTING","","","","","","PHD.GS_18_4409P","-1","Feb 20 2015  5:41PM","","",""
"W_TB_J_14","PCC","MeOH","","","","","","PHD.OFI_18_4496G","-1","Feb 20 2015  5:41PM","","",""
"W_TB_J_14","PCC","DHSVL","","","","","","PHD.GSH_18_4401","-1","Feb 20 2015  5:41PM","","",""
"W_TB_J_14","PCC","DHSVU","","","","","","PHD.GSH_18_4402","-1","Feb 20 2015  5:41PM","","",""
"W_TB_J_14","PCC","PMV","","","","","","PHD.GSH_18_4403","-1","Feb 20 2015  5:41PM","","",""
"W_TB_J_14","PCC","PWV","","","","","","PHD.GSH_18_4404","-1","Feb 20 2015  5:41PM","","",""
"W_TB_J_14","PCC","AMV","","","","","","PHD.GSH_18_4418","-1","Feb 20 2015  5:41PM","","",""
"W_TB_J_14","PCC","AWV","","","","","","PHD.GSH_18_4412","-1","Feb 20 2015  5:41PM","","",""
"W_TB_J_14","PCC","XOV","","","","","","PHD.GSH_18_4419","-1","Feb 20 2015  5:41PM","","",""
"W_TB_J_14","PCC","GLV","","","","","","PHD.GI_18_4445","-1","Feb 20 2015  5:41PM","","",""
"W_TB_J_14","PCC","PCV","","","","","","PHD.GSL_18_44_06","-1","Feb 20 2015  5:41PM","","",""
"W_TB_J_14","PCC","PFORM_CALC","","","","","","PHD.NPY_18_4496A","-1","Feb 20 2015  5:41PM","","",""
"W_TB_J_14","PCC","TFORM_CALC","","","","","","PHD.NTY_18_4496A","-1","Feb 20 2015  5:41PM","","",""
"W_TB_J_14","PCC","CHOKE_POS_PER","","","","","","PHD.GI_18_4406E","-1","Feb 20 2015  5:41PM","","",""
"W_TB_J_14","PCC","TAG_32","","","","","","PHD.OFC_18_4496A","-1","Feb 20 2015  5:41PM","","",""
"W_TB_J_14","PCC","TAG_33","","","","","","PHD.OFC_18_4496B","-1","Feb 20 2015  5:41PM","","",""
"W_TB_J_14","PCC","TAG_34","","","","","","PHD.OFC_18_4496C","-1","Feb 20 2015  5:41PM","","",""
"W_TB_J_14","PCC","TAG_35","","","","","","PHD.OFC_18_4496D","-1","Feb 20 2015  5:41PM","","",""
"W_TB_J_14","PCC","TAG_36","","","","","","PHD.OFFI_18_4496C","-1","Feb 20 2015  5:41PM","","",""
"W_TB_J_14","PCC","GROUP","","","","","","","-1","Feb 20 2015  5:41PM","","",""
"W_TB_J_14","PCC","QOILTARGET","","","","","","PHD.UR_18_4501A_X","-1","Feb 20 2015  5:41PM","","",""
"W_TB_J_14","PCC","QOILMIN","","","","","","PHD.URL_18_4501A_X","-1","Feb 20 2015  5:41PM","","",""
"W_TB_J_14","PCC","QOILMAX","","","","","","PHD.URH_18_4501A_X","-1","Feb 20 2015  5:41PM","","",""
"W_TB_J_14","PCC","QLIQTARGET","","","","","","PHD.UR_18_4501C_X","-1","Feb 20 2015  5:41PM","","",""
"W_TB_J_14","PCC","LIQMIN","","","","","","PHD.URL_18_4501C_X","-1","Feb 20 2015  5:41PM","","",""
"W_TB_J_14","PCC","QLIQMAX","","","","","","PHD.URH_18_4501C_X","-1","Feb 20 2015  5:41PM","","",""
"W_TB_J_21","PCC","EQUIPMENT_NAME","J21","","","","","","-1","Feb 20 2015  5:41PM","","",""
"W_TB_J_21","PCC","EQUIPMENT_DESC","J21- Troll B","","","","","","-1","Feb 20 2015  5:41PM","","",""
"W_TB_J_21","PCC","QOIL","","","","","","PHD.OFI_18_4596A","-1","Feb 20 2015  5:41PM","","",""
"W_TB_J_21","PCC","QWAT","","","","","","PHD.OFI_18_4596B","-1","Feb 20 2015  5:41PM","","",""
"W_TB_J_21","PCC","QLIQ","","","","","","PHD.OFI_18_4596C","-1","Feb 20 2015  5:41PM","","",""
"W_TB_J_21","PCC","QGAS","","","","","","PHD.OFI_18_4596D","-1","Feb 20 2015  5:41PM","","",""
"W_TB_J_21","PCC","WC","","","","","","PHD.OFFI_18_4596A","-1","Feb 20 2015  5:41PM","","",""
"W_TB_J_21","PCC","GOR","","","","","","PHD.OFFI_18_4596B","-1","Feb 20 2015  5:41PM","","",""
"W_TB_J_21","PCC","UCP","","","","","","PHD.PZI_18_4515","-1","Feb 20 2015  5:41PM","","",""
"W_TB_J_21","PCC","UCT","","","","","","PHD.TI_18_4523","-1","Feb 20 2015  5:41PM","","",""
"W_TB_J_21","PCC","DCP","","","","","","PHD.PZI_18_4517","-1","Feb 20 2015  5:41PM","","",""
"W_TB_J_21","PCC","DCT","","","","","","PHD.TI_18_4516","-1","Feb 20 2015  5:41PM","","",""
"W_TB_J_21","PCC","UCP_CALC","","","","","","PHD.NPY_18_4596B","-1","Feb 20 2015  5:41PM","","",""
"W_TB_J_21","PCC","UCT_CALC","","","","","","PHD.NTY_18_4596B","-1","Feb 20 2015  5:41PM","","",""
"W_TB_J_21","PCC","DCP_CALC","","","","","","PHD.NPY_18_4596C","-1","Feb 20 2015  5:41PM","","",""
"W_TB_J_21","PCC","DCT_CALC","","","","","","PHD.NTY_18_4596C","-1","Feb 20 2015  5:41PM","","",""
"W_TB_J_21","PCC","DP","","","","","","PHD.PDI_18_4506","-1","Feb 20 2015  5:41PM","","",""
"W_TB_J_21","PCC","CHOKE","","","","","","PHD.GI_18_4506A","-1","Feb 20 2015  5:41PM","","",""
"W_TB_J_21","PCC","CHOKE_CMD","","","","","","PHD.GI_18_4506B","-1","Feb 20 2015  5:41PM","","",""
"W_TB_J_21","PCC","CHOKE_CALC","","","","","","PHD.NGI_18_4506B","-1","Feb 20 2015  5:41PM","","",""
"W_TB_J_21","PCC","ERRF","","","","","","PHD.NFI_18_4596Z","-1","Feb 20 2015  5:41PM","","",""
"W_TB_J_21","PCC","MODUS","","","","","","PHD.HS_18_4506B","-1","Feb 20 2015  5:41PM","","",""
"W_TB_J_21","PCC","STATUS","","","","","","PHD.NI_18_4563","-1","Feb 20 2015  5:41PM","","",""
"W_TB_J_21","PCC","ROUTING","","","","","","PHD.GS_18_4509P","-1","Feb 20 2015  5:41PM","","",""
"W_TB_J_21","PCC","MeOH","","","","","","PHD.OFI_18_4596G","-1","Feb 20 2015  5:41PM","","",""
"W_TB_J_21","PCC","DHSVL","","","","","","PHD.GSH_18_4501","-1","Feb 20 2015  5:41PM","","",""
"W_TB_J_21","PCC","DHSVU","","","","","","PHD.GSH_18_4502","-1","Feb 20 2015  5:41PM","","",""
"W_TB_J_21","PCC","PMV","","","","","","PHD.GSH_18_4503","-1","Feb 20 2015  5:41PM","","",""
"W_TB_J_21","PCC","PWV","","","","","","PHD.GSH_18_4504","-1","Feb 20 2015  5:41PM","","",""
"W_TB_J_21","PCC","AMV","","","","","","PHD.GSH_18_4518","-1","Feb 20 2015  5:41PM","","",""
"W_TB_J_21","PCC","AWV","","","","","","PHD.GSH_18_4512","-1","Feb 20 2015  5:41PM","","",""
"W_TB_J_21","PCC","XOV","","","","","","PHD.GSH_18_4519","-1","Feb 20 2015  5:41PM","","",""
"W_TB_J_21","PCC","GLV","","","","","","PHD.GI_18_4545","-1","Feb 20 2015  5:41PM","","",""
"W_TB_J_21","PCC","PCV","","","","","","PHD.GSL_18_45_06","-1","Feb 20 2015  5:41PM","","",""
"W_TB_J_21","PCC","PFORM_CALC","","","","","","PHD.NPY_18_4596A","-1","Feb 20 2015  5:41PM","","",""
"W_TB_J_21","PCC","TFORM_CALC","","","","","","PHD.NTY_18_4596A","-1","Feb 20 2015  5:41PM","","",""
"W_TB_J_21","PCC","CHOKE_POS_PER","","","","","","PHD.GI_18_4506E","-1","Feb 20 2015  5:41PM","","",""
"W_TB_J_21","PCC","TAG_32","","","","","","PHD.OFC_18_4596A","-1","Feb 20 2015  5:41PM","","",""
"W_TB_J_21","PCC","TAG_33","","","","","","PHD.OFC_18_4596B","-1","Feb 20 2015  5:41PM","","",""
"W_TB_J_21","PCC","TAG_34","","","","","","PHD.OFC_18_4596C","-1","Feb 20 2015  5:41PM","","",""
"W_TB_J_21","PCC","TAG_35","","","","","","PHD.OFC_18_4596D","-1","Feb 20 2015  5:41PM","","",""
"W_TB_J_21","PCC","TAG_36","","","","","","PHD.OFFI_18_4596C","-1","Feb 20 2015  5:41PM","","",""
"W_TB_J_21","PCC","GROUP","","","","","","","-1","Feb 20 2015  5:41PM","","",""
"W_TB_J_21","PCC","CLUSTER","","","","","","","-1","Feb 20 2015  5:41PM","","",""
"W_TB_J_21","PCC","QOILTARGET","","","","","","PHD.UR_18_4601A_X","-1","Feb 20 2015  5:41PM","","",""
"W_TB_J_21","PCC","QOILMIN","","","","","","PHD.URL_18_4601A_X","-1","Feb 20 2015  5:41PM","","",""
"W_TB_J_21","PCC","QOILMAX","","","","","","PHD.URH_18_4601A_X","-1","Feb 20 2015  5:41PM","","",""
"W_TB_J_21","PCC","QLIQTARGET","","","","","","PHD.UR_18_4601C_X","-1","Feb 20 2015  5:41PM","","",""
"W_TB_J_21","PCC","LIQMIN","","","","","","PHD.URL_18_4601C_X","-1","Feb 20 2015  5:41PM","","",""
"W_TB_J_21","PCC","QLIQMAX","","","","","","PHD.URH_18_4601C_X","-1","Feb 20 2015  5:41PM","","",""
"W_TB_J_22","PCC","EQUIPMENT_NAME","J22","","","","","","-1","Feb 20 2015  5:41PM","","",""
"W_TB_J_22","PCC","EQUIPMENT_DESC","J22- Troll B","","","","","","-1","Feb 20 2015  5:41PM","","",""
"W_TB_J_22","PCC","QOIL","","","","","","PHD.OFI_18_4696A","-1","Feb 20 2015  5:41PM","","",""
"W_TB_J_22","PCC","QWAT","","","","","","PHD.OFI_18_4696B","-1","Feb 20 2015  5:41PM","","",""
"W_TB_J_22","PCC","QLIQ","","","","","","PHD.OFI_18_4696C","-1","Feb 20 2015  5:41PM","","",""
"W_TB_J_22","PCC","QGAS","","","","","","PHD.OFI_18_4696D","-1","Feb 20 2015  5:41PM","","",""
"W_TB_J_22","PCC","WC","","","","","","PHD.OFFI_18_4696A","-1","Feb 20 2015  5:41PM","","",""
"W_TB_J_22","PCC","GOR","","","","","","PHD.OFFI_18_4696B","-1","Feb 20 2015  5:41PM","","",""
"W_TB_J_22","PCC","UCP","","","","","","PHD.PZI_18_4615","-1","Feb 20 2015  5:41PM","","",""
"W_TB_J_22","PCC","UCT","","","","","","PHD.TI_18_4623","-1","Feb 20 2015  5:41PM","","",""
"W_TB_J_22","PCC","DCP","","","","","","PHD.PZI_18_4617","-1","Feb 20 2015  5:41PM","","",""
"W_TB_J_22","PCC","DCT","","","","","","PHD.TI_18_4616","-1","Feb 20 2015  5:41PM","","",""
"W_TB_J_22","PCC","UCP_CALC","","","","","","PHD.NPY_18_4696B","-1","Feb 20 2015  5:41PM","","",""
"W_TB_J_22","PCC","UCT_CALC","","","","","","PHD.NTY_18_4696B","-1","Feb 20 2015  5:41PM","","",""
"W_TB_J_22","PCC","DCP_CALC","","","","","","PHD.NPY_18_4696C","-1","Feb 20 2015  5:41PM","","",""
"W_TB_J_22","PCC","DCT_CALC","","","","","","PHD.NTY_18_4696C","-1","Feb 20 2015  5:41PM","","",""
"W_TB_J_22","PCC","DP","","","","","","PHD.PDI_18_4606","-1","Feb 20 2015  5:41PM","","",""
"W_TB_J_22","PCC","CHOKE","","","","","","PHD.GI_18_4606A","-1","Feb 20 2015  5:41PM","","",""
"W_TB_J_22","PCC","CHOKE_CMD","","","","","","PHD.GI_18_4606B","-1","Feb 20 2015  5:41PM","","",""
"W_TB_J_22","PCC","CHOKE_CALC","","","","","","PHD.NGI_18_4606B","-1","Feb 20 2015  5:41PM","","",""
"W_TB_J_22","PCC","ERRF","","","","","","PHD.NFI_18_4696Z","-1","Feb 20 2015  5:41PM","","",""
"W_TB_J_22","PCC","MODUS","","","","","","PHD.HS_18_4606B","-1","Feb 20 2015  5:41PM","","",""
"W_TB_J_22","PCC","STATUS","","","","","","PHD.NI_18_4663","-1","Feb 20 2015  5:41PM","","",""
"W_TB_J_22","PCC","ROUTING","","","","","","PHD.GS_18_4609P","-1","Feb 20 2015  5:41PM","","",""
"W_TB_J_22","PCC","MeOH","","","","","","PHD.OFI_18_4696G","-1","Feb 20 2015  5:41PM","","",""
"W_TB_J_22","PCC","DHSVL","","","","","","PHD.GSH_18_4601","-1","Feb 20 2015  5:41PM","","",""
"W_TB_J_22","PCC","DHSVU","","","","","","PHD.GSH_18_4602","-1","Feb 20 2015  5:41PM","","",""
"W_TB_J_22","PCC","PMV","","","","","","PHD.GSH_18_4603","-1","Feb 20 2015  5:41PM","","",""
"W_TB_J_22","PCC","PWV","","","","","","PHD.GSH_18_4604","-1","Feb 20 2015  5:41PM","","",""
"W_TB_J_22","PCC","AWV","","","","","","PHD.GSH_18_4612","-1","Feb 20 2015  5:41PM","","",""
"W_TB_J_22","PCC","XOV","","","","","","PHD.GSH_18_4619","-1","Feb 20 2015  5:41PM","","",""
"W_TB_J_22","PCC","GLV","","","","","","PHD.GI_18_4645","-1","Feb 20 2015  5:41PM","","",""
"W_TB_J_22","PCC","PCV","","","","","","PHD.GSL_18_46_06","-1","Feb 20 2015  5:41PM","","",""
"W_TB_J_22","PCC","PFORM_CALC","","","","","","PHD.NPY_18_4696A","-1","Feb 20 2015  5:41PM","","",""
"W_TB_J_22","PCC","TFORM_CALC","","","","","","PHD.NTY_18_4696A","-1","Feb 20 2015  5:41PM","","",""
"W_TB_J_22","PCC","CHOKE_POS_PER","","","","","","PHD.GI_18_4606E","-1","Feb 20 2015  5:41PM","","",""
"W_TB_J_22","PCC","TAG_32","","","","","","PHD.OFC_18_4696A","-1","Feb 20 2015  5:41PM","","",""
"W_TB_J_22","PCC","TAG_33","","","","","","PHD.OFC_18_4696B","-1","Feb 20 2015  5:41PM","","",""
"W_TB_J_22","PCC","TAG_34","","","","","","PHD.OFC_18_4696C","-1","Feb 20 2015  5:41PM","","",""
"W_TB_J_22","PCC","TAG_35","","","","","","PHD.OFC_18_4696D","-1","Feb 20 2015  5:41PM","","",""
"W_TB_J_22","PCC","TAG_36","","","","","","PHD.OFFI_18_4696C","-1","Feb 20 2015  5:41PM","","",""
"W_TB_J_22","PCC","GROUP","","","","","","","-1","Feb 20 2015  5:41PM","","",""
"W_TB_J_22","PCC","CLUSTER","","","","","","","-1","Feb 20 2015  5:41PM","","",""
"W_TB_J_22","PCC","QOILTARGET","","","","","","PHD.UR_18_4701A_X","-1","Feb 20 2015  5:41PM","","",""
"W_TB_J_22","PCC","QOILMIN","","","","","","PHD.URL_18_4701A_X","-1","Feb 20 2015  5:41PM","","",""
"W_TB_J_22","PCC","QOILMAX","","","","","","PHD.URH_18_4701A_X","-1","Feb 20 2015  5:41PM","","",""
"W_TB_J_22","PCC","QLIQTARGET","","","","","","PHD.UR_18_4701C_X","-1","Feb 20 2015  5:41PM","","",""
"W_TB_J_22","PCC","LIQMIN","","","","","","PHD.URL_18_4701C_X","-1","Feb 20 2015  5:41PM","","",""
"W_TB_J_22","PCC","QLIQMAX","","","","","","PHD.URH_18_4701C_X","-1","Feb 20 2015  5:41PM","","",""
"W_TB_J_23","PCC","EQUIPMENT_NAME","J23","","","","","","-1","Feb 20 2015  5:41PM","","",""
"W_TB_J_23","PCC","EQUIPMENT_DESC","J23- Troll B","","","","","","-1","Feb 20 2015  5:41PM","","",""
"W_TB_J_23","PCC","QOIL","","","","","","PHD.OFI_18_4796A","-1","Feb 20 2015  5:41PM","","",""
"W_TB_J_23","PCC","QWAT","","","","","","PHD.OFI_18_4796B","-1","Feb 20 2015  5:41PM","","",""
"W_TB_J_23","PCC","QLIQ","","","","","","PHD.OFI_18_4796C","-1","Feb 20 2015  5:41PM","","",""
"W_TB_J_23","PCC","QGAS","","","","","","PHD.OFI_18_4796D","-1","Feb 20 2015  5:41PM","","",""
"W_TB_J_23","PCC","WC","","","","","","PHD.OFFI_18_4796A","-1","Feb 20 2015  5:41PM","","",""
"W_TB_J_23","PCC","GOR","","","","","","PHD.OFFI_18_4796B","-1","Feb 20 2015  5:41PM","","",""
"W_TB_J_23","PCC","UCP","","","","","","PHD.PZI_18_4715","-1","Feb 20 2015  5:41PM","","",""
"W_TB_J_23","PCC","UCT","","","","","","PHD.TI_18_4723","-1","Feb 20 2015  5:41PM","","",""
"W_TB_J_23","PCC","DCP","","","","","","PHD.PZI_18_4717","-1","Feb 20 2015  5:41PM","","",""
"W_TB_J_23","PCC","DCT","","","","","","PHD.TI_18_4716","-1","Feb 20 2015  5:41PM","","",""
"W_TB_J_23","PCC","UCP_CALC","","","","","","PHD.NPY_18_4796B","-1","Feb 20 2015  5:41PM","","",""
"W_TB_J_23","PCC","UCT_CALC","","","","","","PHD.NTY_18_4796B","-1","Feb 20 2015  5:41PM","","",""
"W_TB_J_23","PCC","DCP_CALC","","","","","","PHD.NPY_18_4796C","-1","Feb 20 2015  5:41PM","","",""
"W_TB_J_23","PCC","DCT_CALC","","","","","","PHD.NTY_18_4796C","-1","Feb 20 2015  5:41PM","","",""
"W_TB_J_23","PCC","DP","","","","","","PHD.PDI_18_4706","-1","Feb 20 2015  5:41PM","","",""
"W_TB_J_23","PCC","CHOKE","","","","","","PHD.GI_18_4706A","-1","Feb 20 2015  5:41PM","","",""
"W_TB_J_23","PCC","CHOKE_CMD","","","","","","PHD.GI_18_4706B","-1","Feb 20 2015  5:41PM","","",""
"W_TB_J_23","PCC","CHOKE_CALC","","","","","","PHD.NGI_18_4706B","-1","Feb 20 2015  5:41PM","","",""
"W_TB_J_23","PCC","ERRF","","","","","","PHD.NFI_18_4796Z","-1","Feb 20 2015  5:41PM","","",""
"W_TB_J_23","PCC","MODUS","","","","","","PHD.HS_18_4706B","-1","Feb 20 2015  5:41PM","","",""
"W_TB_J_23","PCC","STATUS","","","","","","PHD.NI_18_4763","-1","Feb 20 2015  5:41PM","","",""
"W_TB_J_23","PCC","ROUTING","","","","","","PHD.GS_18_4709P","-1","Feb 20 2015  5:41PM","","",""
"W_TB_J_23","PCC","MeOH","","","","","","PHD.OFI_18_4796G","-1","Feb 20 2015  5:41PM","","",""
"W_TB_J_23","PCC","DHSVL","","","","","","PHD.GSH_18_4701","-1","Feb 20 2015  5:41PM","","",""
"W_TB_J_23","PCC","DHSVU","","","","","","PHD.GSH_18_4702","-1","Feb 20 2015  5:41PM","","",""
"W_TB_J_23","PCC","PMV","","","","","","PHD.GSH_18_4703","-1","Feb 20 2015  5:41PM","","",""
"W_TB_J_23","PCC","PWV","","","","","","PHD.GSH_18_4704","-1","Feb 20 2015  5:41PM","","",""
"W_TB_J_23","PCC","AMV","","","","","","PHD.GSH_18_4718","-1","Feb 20 2015  5:41PM","","",""
"W_TB_J_23","PCC","AWV","","","","","","PHD.GSH_18_4712","-1","Feb 20 2015  5:41PM","","",""
"W_TB_J_23","PCC","XOV","","","","","","PHD.GSH_18_4719","-1","Feb 20 2015  5:41PM","","",""
"W_TB_J_23","PCC","GLV","","","","","","PHD.GI_18_4745","-1","Feb 20 2015  5:41PM","","",""
"W_TB_J_23","PCC","PCV","","","","","","PHD.GSL_18_47_06","-1","Feb 20 2015  5:41PM","","",""
"W_TB_J_23","PCC","PFORM_CALC","","","","","","PHD.NPY_18_4796A","-1","Feb 20 2015  5:41PM","","",""
"W_TB_J_23","PCC","TFORM_CALC","","","","","","PHD.NTY_18_4796A","-1","Feb 20 2015  5:41PM","","",""
"W_TB_J_23","PCC","CHOKE_POS_PER","","","","","","PHD.GI_18_4706E","-1","Feb 20 2015  5:41PM","","",""
"W_TB_J_23","PCC","TAG_32","","","","","","PHD.OFC_18_4796A","-1","Feb 20 2015  5:41PM","","",""
"W_TB_J_23","PCC","TAG_33","","","","","","PHD.OFC_18_4796B","-1","Feb 20 2015  5:41PM","","",""
"W_TB_J_23","PCC","TAG_34","","","","","","PHD.OFC_18_4796C","-1","Feb 20 2015  5:41PM","","",""
"W_TB_J_23","PCC","TAG_35","","","","","","PHD.OFC_18_4796D","-1","Feb 20 2015  5:41PM","","",""
"W_TB_J_23","PCC","TAG_36","","","","","","PHD.OFFI_18_4796C","-1","Feb 20 2015  5:41PM","","",""
"W_TB_J_23","PCC","GROUP","","","","","","","-1","Feb 20 2015  5:41PM","","",""
"W_TB_J_23","PCC","CLUSTER","","","","","","","-1","Feb 20 2015  5:41PM","","",""
"W_TB_J_23","PCC","QOILTARGET","","","","","","PHD.UR_18_4801A_X","-1","Feb 20 2015  5:41PM","","",""
"W_TB_J_23","PCC","QOILMIN","","","","","","PHD.URL_18_4801A_X","-1","Feb 20 2015  5:41PM","","",""
"W_TB_J_23","PCC","QOILMAX","","","","","","PHD.URH_18_4801A_X","-1","Feb 20 2015  5:41PM","","",""
"W_TB_J_23","PCC","QLIQTARGET","","","","","","PHD.UR_18_4801C_X","-1","Feb 20 2015  5:41PM","","",""
"W_TB_J_23","PCC","LIQMIN","","","","","","PHD.URL_18_4801C_X","-1","Feb 20 2015  5:41PM","","",""
"W_TB_J_23","PCC","QLIQMAX","","","","","","PHD.URH_18_4801C_X","-1","Feb 20 2015  5:41PM","","",""
"W_TB_J_24","PCC","EQUIPMENT_NAME","J24","","","","","","-1","Feb 20 2015  5:41PM","","",""
"W_TB_J_24","PCC","EQUIPMENT_DESC","J24- Troll B","","","","","","-1","Feb 20 2015  5:41PM","","",""
"W_TB_J_24","PCC","QOIL","","","","","","PHD.OFI_18_4896A","-1","Feb 20 2015  5:41PM","","",""
"W_TB_J_24","PCC","QWAT","","","","","","PHD.OFI_18_4896B","-1","Feb 20 2015  5:41PM","","",""
"W_TB_J_24","PCC","QLIQ","","","","","","PHD.OFI_18_4896C","-1","Feb 20 2015  5:41PM","","",""
"W_TB_J_24","PCC","QGAS","","","","","","PHD.OFI_18_4896D","-1","Feb 20 2015  5:41PM","","",""
"W_TB_J_24","PCC","WC","","","","","","PHD.OFFI_18_4896A","-1","Feb 20 2015  5:41PM","","",""
"W_TB_J_24","PCC","GOR","","","","","","PHD.OFFI_18_4896B","-1","Feb 20 2015  5:41PM","","",""
"W_TB_J_24","PCC","UCP","","","","","","PHD.PZI_18_4815","-1","Feb 20 2015  5:41PM","","",""
"W_TB_J_24","PCC","UCT","","","","","","PHD.TI_18_4823","-1","Feb 20 2015  5:41PM","","",""
"W_TB_J_24","PCC","DCP","","","","","","PHD.PZI_18_4817","-1","Feb 20 2015  5:41PM","","",""
"W_TB_J_24","PCC","DCT","","","","","","PHD.TI_18_4816","-1","Feb 20 2015  5:41PM","","",""
"W_TB_J_24","PCC","UCP_CALC","","","","","","PHD.NPY_18_4896B","-1","Feb 20 2015  5:41PM","","",""
"W_TB_J_24","PCC","UCT_CALC","","","","","","PHD.NTY_18_4896B","-1","Feb 20 2015  5:41PM","","",""
"W_TB_J_24","PCC","DCP_CALC","","","","","","PHD.NPY_18_4896C","-1","Feb 20 2015  5:41PM","","",""
"W_TB_J_24","PCC","DP","","","","","","PHD.PDI_18_4806","-1","Feb 20 2015  5:41PM","","",""
"W_TB_J_24","PCC","CHOKE","","","","","","PHD.GI_18_4806A","-1","Feb 20 2015  5:41PM","","",""
"W_TB_J_24","PCC","CHOKE_CMD","","","","","","PHD.GI_18_4806B","-1","Feb 20 2015  5:41PM","","",""
"W_TB_J_24","PCC","CHOKE_CALC","","","","","","PHD.NGI_18_4806B","-1","Feb 20 2015  5:41PM","","",""
"W_TB_J_24","PCC","ERRF","","","","","","PHD.NFI_18_4896Z","-1","Feb 20 2015  5:41PM","","",""
"W_TB_J_24","PCC","MODUS","","","","","","PHD.HS_18_4806B","-1","Feb 20 2015  5:41PM","","",""
"W_TB_J_24","PCC","STATUS","","","","","","PHD.NI_18_4863","-1","Feb 20 2015  5:41PM","","",""
"W_TB_J_24","PCC","ROUTING","","","","","","PHD.GS_18_4809P","-1","Feb 20 2015  5:41PM","","",""
"W_TB_J_24","PCC","MeOH","","","","","","PHD.OFI_18_4896G","-1","Feb 20 2015  5:41PM","","",""
"W_TB_J_24","PCC","DHSVL","","","","","","PHD.GSH_18_4801","-1","Feb 20 2015  5:41PM","","",""
"W_TB_J_24","PCC","DHSVU","","","","","","PHD.GSH_18_4802","-1","Feb 20 2015  5:41PM","","",""
"W_TB_J_24","PCC","PMV","","","","","","PHD.GSH_18_4803","-1","Feb 20 2015  5:41PM","","",""
"W_TB_J_24","PCC","PWV","","","","","","PHD.GSH_18_4804","-1","Feb 20 2015  5:41PM","","",""
"W_TB_J_24","PCC","AMV","","","","","","PHD.GSH_18_4818","-1","Feb 20 2015  5:41PM","","",""
"W_TB_J_24","PCC","AWV","","","","","","PHD.GSH_18_4812","-1","Feb 20 2015  5:41PM","","",""
"W_TB_J_24","PCC","XOV","","","","","","PHD.GSH_18_4819","-1","Feb 20 2015  5:41PM","","",""
"W_TB_J_24","PCC","GLV","","","","","","PHD.GI_18_4845","-1","Feb 20 2015  5:41PM","","",""
"W_TB_J_24","PCC","PCV","","","","","","PHD.GSL_18_48_06","-1","Feb 20 2015  5:41PM","","",""
"W_TB_J_24","PCC","PFORM_CALC","","","","","","PHD.NPY_18_4896A","-1","Feb 20 2015  5:41PM","","",""
"W_TB_J_24","PCC","TFORM_CALC","","","","","","PHD.NTY_18_4896A","-1","Feb 20 2015  5:41PM","","",""
"W_TB_J_24","PCC","CHOKE_POS_PER","","","","","","PHD.GI_18_4806E","-1","Feb 20 2015  5:41PM","","",""
"W_TB_J_24","PCC","TAG_32","","","","","","PHD.OFC_18_4896A","-1","Feb 20 2015  5:41PM","","",""
"W_TB_J_24","PCC","TAG_33","","","","","","PHD.OFC_18_4896B","-1","Feb 20 2015  5:41PM","","",""
"W_TB_J_24","PCC","TAG_34","","","","","","PHD.OFC_18_4896C","-1","Feb 20 2015  5:41PM","","",""
"W_TB_J_24","PCC","TAG_35","","","","","","PHD.OFC_18_4896D","-1","Feb 20 2015  5:41PM","","",""
"W_TB_J_24","PCC","TAG_36","","","","","","PHD.OFFI_18_4896C","-1","Feb 20 2015  5:41PM","","",""
"W_TB_J_24","PCC","GROUP","","","","","","","-1","Feb 20 2015  5:41PM","","",""
"W_TB_J_24","PCC","CLUSTER","","","","","","","-1","Feb 20 2015  5:41PM","","",""
"W_TB_J_24","PCC","QOILTARGET","","","","","","PHD.UR_18_4901A_X","-1","Feb 20 2015  5:41PM","","",""
"W_TB_J_24","PCC","QOILMIN","","","","","","PHD.URL_18_4901A_X","-1","Feb 20 2015  5:41PM","","",""
"W_TB_J_24","PCC","QOILMAX","","","","","","PHD.URH_18_4901A_X","-1","Feb 20 2015  5:41PM","","",""
"W_TB_J_24","PCC","QLIQTARGET","","","","","","PHD.UR_18_4901C_X","-1","Feb 20 2015  5:41PM","","",""
"W_TB_J_24","PCC","LIQMIN","","","","","","PHD.URL_18_4901C_X","-1","Feb 20 2015  5:41PM","","",""
"W_TB_J_24","PCC","QLIQMAX","","","","","","PHD.URH_18_4901C_X","-1","Feb 20 2015  5:41PM","","",""
"W_TB_K_11","PCC","EQUIPMENT_NAME","K11","","","","","","-1","Feb 20 2015  5:41PM","","",""
"W_TB_K_11","PCC","EQUIPMENT_DESC","K11- Troll B","","","","","","-1","Feb 20 2015  5:41PM","","",""
"W_TB_K_11","PCC","QOIL","","","","","","PHD.OFI_18_4996A","-1","Feb 20 2015  5:41PM","","",""
"W_TB_K_11","PCC","QWAT","","","","","","PHD.OFI_18_4996B","-1","Feb 20 2015  5:41PM","","",""
"W_TB_K_11","PCC","QLIQ","","","","","","PHD.OFI_18_4996C","-1","Feb 20 2015  5:41PM","","",""
"W_TB_K_11","PCC","QGAS","","","","","","PHD.OFI_18_4996D","-1","Feb 20 2015  5:41PM","","",""
"W_TB_K_11","PCC","WC","","","","","","PHD.OFFI_18_4996A","-1","Feb 20 2015  5:41PM","","",""
"W_TB_K_11","PCC","GOR","","","","","","PHD.OFFI_18_4996B","-1","Feb 20 2015  5:41PM","","",""
"W_TB_K_11","PCC","UCP","","","","","","PHD.PZI_18_4915","-1","Feb 20 2015  5:41PM","","",""
"W_TB_K_11","PCC","UCT","","","","","","PHD.TI_18_4923","-1","Feb 20 2015  5:41PM","","",""
"W_TB_K_11","PCC","DCP","","","","","","PHD.PZI_18_4917","-1","Feb 20 2015  5:41PM","","",""
"W_TB_K_11","PCC","DCT","","","","","","PHD.TI_18_4916","-1","Feb 20 2015  5:41PM","","",""
"W_TB_K_11","PCC","UCP_CALC","","","","","","PHD.NPY_18_4996B","-1","Feb 20 2015  5:41PM","","",""
"W_TB_K_11","PCC","UCT_CALC","","","","","","PHD.NTY_18_4996B","-1","Feb 20 2015  5:41PM","","",""
"W_TB_K_11","PCC","DCP_CALC","","","","","","PHD.NPY_18_4996C","-1","Feb 20 2015  5:41PM","","",""
"W_TB_K_11","PCC","DCT_CALC","","","","","","PHD.NTY_18_4996C","-1","Feb 20 2015  5:41PM","","",""
"W_TB_K_11","PCC","DP","","","","","","PHD.PDI_18_4906","-1","Feb 20 2015  5:41PM","","",""
"W_TB_K_11","PCC","CHOKE","","","","","","PHD.GI_18_4906A","-1","Feb 20 2015  5:41PM","","",""
"W_TB_K_11","PCC","CHOKE_CMD","","","","","","PHD.GI_18_4906B","-1","Feb 20 2015  5:41PM","","",""
"W_TB_K_11","PCC","CHOKE_CALC","","","","","","PHD.NGI_18_4906B","-1","Feb 20 2015  5:41PM","","",""
"W_TB_K_11","PCC","ERRF","","","","","","PHD.NFI_18_4996Z","-1","Feb 20 2015  5:41PM","","",""
"W_TB_K_11","PCC","MODUS","","","","","","PHD.HS_18_4906B","-1","Feb 20 2015  5:41PM","","",""
"W_TB_K_11","PCC","STATUS","","","","","","PHD.NI_18_4963","-1","Feb 20 2015  5:41PM","","",""
"W_TB_K_11","PCC","ROUTING","","","","","","PHD.GS_18_4909P","-1","Feb 20 2015  5:41PM","","",""
"W_TB_K_11","PCC","MeOH","","","","","","PHD.OFI_18_4996G","-1","Feb 20 2015  5:41PM","","",""
"W_TB_K_11","PCC","DHSVL","","","","","","PHD.GSH_18_4901","-1","Feb 20 2015  5:41PM","","",""
"W_TB_K_11","PCC","DHSVU","","","","","","PHD.GSH_18_4902","-1","Feb 20 2015  5:41PM","","",""
"W_TB_K_11","PCC","PMV","","","","","","PHD.GSH_18_4903","-1","Feb 20 2015  5:41PM","","",""
"W_TB_K_11","PCC","PWV","","","","","","PHD.GSH_18_4904","-1","Feb 20 2015  5:41PM","","",""
"W_TB_K_11","PCC","AMV","","","","","","PHD.GSH_18_4918","-1","Feb 20 2015  5:41PM","","",""
"W_TB_K_11","PCC","AWV","","","","","","PHD.GSH_18_4912","-1","Feb 20 2015  5:41PM","","",""
"W_TB_K_11","PCC","XOV","","","","","","PHD.GSH_18_4919","-1","Feb 20 2015  5:41PM","","",""
"W_TB_K_11","PCC","GLV","","","","","","PHD.GI_18_4945","-1","Feb 20 2015  5:41PM","","",""
"W_TB_K_11","PCC","PCV","","","","","","PHD.GSL_18_49_06","-1","Feb 20 2015  5:41PM","","",""
"W_TB_K_11","PCC","PFORM_CALC","","","","","","PHD.NPY_18_4996A","-1","Feb 20 2015  5:41PM","","",""
"W_TB_K_11","PCC","TFORM_CALC","","","","","","PHD.NTY_18_4996A","-1","Feb 20 2015  5:41PM","","",""
"W_TB_K_11","PCC","CHOKE_POS_PER","","","","","","PHD.GI_18_4906E","-1","Feb 20 2015  5:41PM","","",""
"W_TB_K_11","PCC","TAG_32","","","","","","PHD.OFC_18_4996A","-1","Feb 20 2015  5:41PM","","",""
"W_TB_K_11","PCC","TAG_33","","","","","","PHD.OFC_18_4996B","-1","Feb 20 2015  5:41PM","","",""
"W_TB_K_11","PCC","TAG_34","","","","","","PHD.OFC_18_4996C","-1","Feb 20 2015  5:41PM","","",""
"W_TB_K_11","PCC","TAG_35","","","","","","PHD.OFC_18_4996D","-1","Feb 20 2015  5:41PM","","",""
"W_TB_K_11","PCC","TAG_36","","","","","","PHD.OFFI_18_4996C","-1","Feb 20 2015  5:41PM","","",""
"W_TB_K_11","PCC","GROUP","","","","","","","-1","Feb 20 2015  5:41PM","","",""
"W_TB_K_11","PCC","CLUSTER","","","","","","","-1","Feb 20 2015  5:41PM","","",""
"W_TB_K_11","PCC","QOILTARGET","","","","","","PHD.UR_18_5001A_X","-1","Feb 20 2015  5:41PM","","",""
"W_TB_K_11","PCC","QOILMIN","","","","","","PHD.URL_18_5001A_X","-1","Feb 20 2015  5:41PM","","",""
"W_TB_K_11","PCC","QOILMAX","","","","","","PHD.URH_18_5001A_X","-1","Feb 20 2015  5:41PM","","",""
"W_TB_K_11","PCC","QLIQTARGET","","","","","","PHD.UR_18_5001C_X","-1","Feb 20 2015  5:41PM","","",""
"W_TB_K_11","PCC","LIQMIN","","","","","","PHD.URL_18_5001C_X","-1","Feb 20 2015  5:41PM","","",""
"W_TB_K_11","PCC","QLIQMAX","","","","","","PHD.URH_18_5001C_X","-1","Feb 20 2015  5:41PM","","",""
"W_TB_K_12","PCC","EQUIPMENT_NAME","K12","","","","","","-1","Feb 20 2015  5:41PM","","",""
"W_TB_K_12","PCC","QOIL","","","","","","PHD.OFI_18_5096A","-1","Feb 20 2015  5:41PM","","",""
"W_TB_K_12","PCC","QWAT","","","","","","PHD.OFI_18_5096B","-1","Feb 20 2015  5:41PM","","",""
"W_TB_K_12","PCC","QLIQ","","","","","","PHD.OFI_18_5096C","-1","Feb 20 2015  5:41PM","","",""
"W_TB_K_12","PCC","QGAS","","","","","","PHD.OFI_18_5096D","-1","Feb 20 2015  5:41PM","","",""
"W_TB_K_12","PCC","WC","","","","","","PHD.OFFI_18_5096A","-1","Feb 20 2015  5:41PM","","",""
"W_TB_K_12","PCC","GOR","","","","","","PHD.OFFI_18_5096B","-1","Feb 20 2015  5:41PM","","",""
"W_TB_K_12","PCC","UCP","","","","","","PHD.PZI_18_5015","-1","Feb 20 2015  5:41PM","","",""
"W_TB_K_12","PCC","UCT","","","","","","PHD.TI_18_5023","-1","Feb 20 2015  5:41PM","","",""
"W_TB_K_12","PCC","DCP","","","","","","PHD.PZI_18_5017","-1","Feb 20 2015  5:41PM","","",""
"W_TB_K_12","PCC","DCT","","","","","","PHD.TI_18_5016","-1","Feb 20 2015  5:41PM","","",""
"W_TB_K_12","PCC","UCP_CALC","","","","","","PHD.NPY_18_5096B","-1","Feb 20 2015  5:41PM","","",""
"W_TB_K_12","PCC","UCT_CALC","","","","","","PHD.NTY_18_5096B","-1","Feb 20 2015  5:41PM","","",""
"W_TB_K_12","PCC","DCP_CALC","","","","","","PHD.NPY_18_5096C","-1","Feb 20 2015  5:41PM","","",""
"W_TB_K_12","PCC","DCT_CALC","","","","","","PHD.NTY_18_5096C","-1","Feb 20 2015  5:41PM","","",""
"W_TB_K_12","PCC","DP","","","","","","PHD.PDI_18_5006","-1","Feb 20 2015  5:41PM","","",""
"W_TB_K_12","PCC","CHOKE","","","","","","PHD.GI_18_5006A","-1","Feb 20 2015  5:41PM","","",""
"W_TB_K_12","PCC","CHOKE_CMD","","","","","","PHD.GI_18_5006B","-1","Feb 20 2015  5:41PM","","",""
"W_TB_K_12","PCC","CHOKE_CALC","","","","","","PHD.NGI_18_5006B","-1","Feb 20 2015  5:41PM","","",""
"W_TB_K_12","PCC","ERRF","","","","","","PHD.NFI_18_5096Z","-1","Feb 20 2015  5:41PM","","",""
"W_TB_K_12","PCC","MODUS","","","","","","PHD.HS_18_5006B","-1","Feb 20 2015  5:41PM","","",""
"W_TB_K_12","PCC","STATUS","","","","","","PHD.NI_18_5063","-1","Feb 20 2015  5:41PM","","",""
"W_TB_K_12","PCC","ROUTING","","","","","","PHD.GS_18_5009P","-1","Feb 20 2015  5:41PM","","",""
"W_TB_K_12","PCC","MeOH","","","","","","PHD.OFI_18_5096G","-1","Feb 20 2015  5:41PM","","",""
"W_TB_K_12","PCC","DHSVL","","","","","","PHD.GSH_18_5001","-1","Feb 20 2015  5:41PM","","",""
"W_TB_K_12","PCC","DHSVU","","","","","","PHD.GSH_18_5002","-1","Feb 20 2015  5:41PM","","",""
"W_TB_K_12","PCC","PMV","","","","","","PHD.GSH_18_5003","-1","Feb 20 2015  5:41PM","","",""
"W_TB_K_12","PCC","PWV","","","","","","PHD.GSH_18_5004","-1","Feb 20 2015  5:41PM","","",""
"W_TB_K_12","PCC","AMV","","","","","","PHD.GSH_18_5018","-1","Feb 20 2015  5:41PM","","",""
"W_TB_K_12","PCC","AWV","","","","","","PHD.GSH_18_5012","-1","Feb 20 2015  5:41PM","","",""
"W_TB_K_12","PCC","XOV","","","","","","PHD.GSH_18_5019","-1","Feb 20 2015  5:41PM","","",""
"W_TB_K_12","PCC","GLV","","","","","","PHD.GI_18_5045","-1","Feb 20 2015  5:41PM","","",""
"W_TB_K_12","PCC","PCV","","","","","","PHD.GSL_18_50_06","-1","Feb 20 2015  5:41PM","","",""
"W_TB_K_12","PCC","PFORM_CALC","","","","","","PHD.NPY_18_5096A","-1","Feb 20 2015  5:41PM","","",""
"W_TB_K_12","PCC","TFORM_CALC","","","","","","PHD.NTY_18_5096A","-1","Feb 20 2015  5:41PM","","",""
"W_TB_K_12","PCC","CHOKE_POS_PER","","","","","","PHD.GI_18_5006E","-1","Feb 20 2015  5:41PM","","",""
"W_TB_K_12","PCC","TAG_32","","","","","","PHD.OFC_18_5096A","-1","Feb 20 2015  5:41PM","","",""
"W_TB_K_12","PCC","TAG_33","","","","","","PHD.OFC_18_5096B","-1","Feb 20 2015  5:41PM","","",""
"W_TB_K_12","PCC","TAG_34","","","","","","PHD.OFC_18_5096C","-1","Feb 20 2015  5:41PM","","",""
"W_TB_K_12","PCC","TAG_35","","","","","","PHD.OFC_18_5096D","-1","Feb 20 2015  5:41PM","","",""
"W_TB_K_12","PCC","TAG_36","","","","","","PHD.OFFI_18_5096C","-1","Feb 20 2015  5:41PM","","",""
"W_TB_K_12","PCC","GROUP","","","","","","","-1","Feb 20 2015  5:41PM","","",""
"W_TB_K_12","PCC","CLUSTER","","","","","","","-1","Feb 20 2015  5:41PM","","",""
"W_TB_K_12","PCC","QOILTARGET","","","","","","PHD.UR_18_5101A_X","-1","Feb 20 2015  5:41PM","","",""
"W_TB_K_12","PCC","QOILMIN","","","","","","PHD.URL_18_5101A_X","-1","Feb 20 2015  5:41PM","","",""
"W_TB_K_12","PCC","QOILMAX","","","","","","PHD.URH_18_5101A_X","-1","Feb 20 2015  5:41PM","","",""
"W_TB_K_12","PCC","QLIQTARGET","","","","","","PHD.UR_18_5101C_X","-1","Feb 20 2015  5:41PM","","",""
"W_TB_K_12","PCC","LIQMIN","","","","","","PHD.URL_18_5101C_X","-1","Feb 20 2015  5:41PM","","",""
"W_TB_K_12","PCC","QLIQMAX","","","","","","PHD.URH_18_5101C_X","-1","Feb 20 2015  5:41PM","","",""
"W_TB_K_13","PCC","EQUIPMENT_NAME","K13","","","","","","-1","Feb 20 2015  5:41PM","","",""
"W_TB_K_13","PCC","EQUIPMENT_DESC","K13- Troll B","","","","","","-1","Feb 20 2015  5:41PM","","",""
"W_TB_K_13","PCC","QOIL","","","","","","PHD.OFI_18_5196A","-1","Feb 20 2015  5:41PM","","",""
"W_TB_K_13","PCC","QWAT","","","","","","PHD.OFI_18_5196B","-1","Feb 20 2015  5:41PM","","",""
"W_TB_K_13","PCC","QLIQ","","","","","","PHD.OFI_18_5196C","-1","Feb 20 2015  5:41PM","","",""
"W_TB_K_13","PCC","QGAS","","","","","","PHD.OFI_18_5196D","-1","Feb 20 2015  5:41PM","","",""
"W_TB_K_13","PCC","WC","","","","","","PHD.OFFI_18_5196A","-1","Feb 20 2015  5:41PM","","",""
"W_TB_K_13","PCC","GOR","","","","","","PHD.OFFI_18_5196B","-1","Feb 20 2015  5:41PM","","",""
"W_TB_K_13","PCC","UCP","","","","","","PHD.PZI_18_5115","-1","Feb 20 2015  5:41PM","","",""
"W_TB_K_13","PCC","UCT","","","","","","PHD.TI_18_5123","-1","Feb 20 2015  5:41PM","","",""
"W_TB_K_13","PCC","DCP","","","","","","PHD.PZI_18_5117","-1","Feb 20 2015  5:41PM","","",""
"W_TB_K_13","PCC","DCT","","","","","","PHD.TI_18_5116","-1","Feb 20 2015  5:41PM","","",""
"W_TB_K_13","PCC","UCP_CALC","","","","","","PHD.NPY_18_5196B","-1","Feb 20 2015  5:41PM","","",""
"W_TB_K_13","PCC","UCT_CALC","","","","","","PHD.NTY_18_5196B","-1","Feb 20 2015  5:41PM","","",""
"W_TB_K_13","PCC","DCP_CALC","","","","","","PHD.NPY_18_5196C","-1","Feb 20 2015  5:41PM","","",""
"W_TB_K_13","PCC","DCT_CALC","","","","","","PHD.NTY_18_5196C","-1","Feb 20 2015  5:41PM","","",""
"W_TB_K_13","PCC","DP","","","","","","PHD.PDI_18_5106","-1","Feb 20 2015  5:41PM","","",""
"W_TB_K_13","PCC","CHOKE","","","","","","PHD.GI_18_5106A","-1","Feb 20 2015  5:41PM","","",""
"W_TB_K_13","PCC","CHOKE_CMD","","","","","","PHD.GI_18_5106B","-1","Feb 20 2015  5:41PM","","",""
"W_TB_K_13","PCC","CHOKE_CALC","","","","","","PHD.NGI_18_5106B","-1","Feb 20 2015  5:41PM","","",""
"W_TB_K_13","PCC","ERRF","","","","","","PHD.NFI_18_5196Z","-1","Feb 20 2015  5:41PM","","",""
"W_TB_K_13","PCC","MODUS","","","","","","PHD.HS_18_5106B","-1","Feb 20 2015  5:41PM","","",""
"W_TB_K_13","PCC","STATUS","","","","","","PHD.NI_18_5163","-1","Feb 20 2015  5:41PM","","",""
"W_TB_K_13","PCC","ROUTING","","","","","","PHD.GS_18_5109P","-1","Feb 20 2015  5:41PM","","",""
"W_TB_K_13","PCC","MeOH","","","","","","PHD.OFI_18_5196G","-1","Feb 20 2015  5:41PM","","",""
"W_TB_K_13","PCC","DHSVL","","","","","","PHD.GSH_18_5101","-1","Feb 20 2015  5:41PM","","",""
"W_TB_K_13","PCC","DHSVU","","","","","","PHD.GSH_18_5102","-1","Feb 20 2015  5:41PM","","",""
"W_TB_K_13","PCC","PMV","","","","","","PHD.GSH_18_5103","-1","Feb 20 2015  5:41PM","","",""
"W_TB_K_13","PCC","PWV","","","","","","PHD.GSH_18_5104","-1","Feb 20 2015  5:41PM","","",""
"W_TB_K_13","PCC","AMV","","","","","","PHD.GSH_18_5118","-1","Feb 20 2015  5:41PM","","",""
"W_TB_K_13","PCC","AWV","","","","","","PHD.GSH_18_5112","-1","Feb 20 2015  5:41PM","","",""
"W_TB_K_13","PCC","XOV","","","","","","PHD.GSH_18_5119","-1","Feb 20 2015  5:41PM","","",""
"W_TB_K_13","PCC","GLV","","","","","","PHD.GI_18_5145","-1","Feb 20 2015  5:41PM","","",""
"W_TB_K_13","PCC","PCV","","","","","","PHD.GSL_18_51_06","-1","Feb 20 2015  5:41PM","","",""
"W_TB_K_13","PCC","PFORM_CALC","","","","","","PHD.NPY_18_5196A","-1","Feb 20 2015  5:41PM","","",""
"W_TB_K_13","PCC","TFORM_CALC","","","","","","PHD.NTY_18_5196A","-1","Feb 20 2015  5:41PM","","",""
"W_TB_K_13","PCC","CHOKE_POS_PER","","","","","","PHD.GI_18_5106E","-1","Feb 20 2015  5:41PM","","",""
"W_TB_K_13","PCC","TAG_33","","","","","","PHD.OFC_18_5196B","-1","Feb 20 2015  5:41PM","","",""
"W_TB_K_13","PCC","TAG_34","","","","","","PHD.OFC_18_5196C","-1","Feb 20 2015  5:41PM","","",""
"W_TB_K_13","PCC","TAG_35","","","","","","PHD.OFC_18_5196D","-1","Feb 20 2015  5:41PM","","",""
"W_TB_K_13","PCC","TAG_36","","","","","","PHD.OFFI_18_5196C","-1","Feb 20 2015  5:41PM","","",""
"W_TB_K_13","PCC","GROUP","","","","","","","-1","Feb 20 2015  5:41PM","","",""
"W_TB_K_13","PCC","CLUSTER","","","","","","","-1","Feb 20 2015  5:41PM","","",""
"W_TB_K_13","PCC","QOILTARGET","","","","","","PHD.UR_18_5201A_X","-1","Feb 20 2015  5:41PM","","",""
"W_TB_K_13","PCC","QOILMIN","","","","","","PHD.URL_18_5201A_X","-1","Feb 20 2015  5:41PM","","",""
"W_TB_K_13","PCC","QOILMAX","","","","","","PHD.URH_18_5201A_X","-1","Feb 20 2015  5:41PM","","",""
"W_TB_K_13","PCC","QLIQTARGET","","","","","","PHD.UR_18_5201C_X","-1","Feb 20 2015  5:41PM","","",""
"W_TB_K_13","PCC","LIQMIN","","","","","","PHD.URL_18_5201C_X","-1","Feb 20 2015  5:41PM","","",""
"W_TB_K_13","PCC","QLIQMAX","","","","","","PHD.URH_18_5201C_X","-1","Feb 20 2015  5:41PM","","",""
"W_TB_K_14","PCC","EQUIPMENT_NAME","K14","","","","","","-1","Feb 20 2015  5:41PM","","",""
"W_TB_K_14","PCC","EQUIPMENT_DESC","K14- Troll B","","","","","","-1","Feb 20 2015  5:41PM","","",""
"W_TB_K_14","PCC","QOIL","","","","","","PHD.OFI_18_5296A","-1","Feb 20 2015  5:41PM","","",""
"W_TB_K_14","PCC","QWAT","","","","","","PHD.OFI_18_5296B","-1","Feb 20 2015  5:41PM","","",""
"W_TB_K_14","PCC","QLIQ","","","","","","PHD.OFI_18_5296C","-1","Feb 20 2015  5:41PM","","",""
"W_TB_K_14","PCC","QGAS","","","","","","PHD.OFI_18_5296D","-1","Feb 20 2015  5:41PM","","",""
"W_TB_K_14","PCC","WC","","","","","","PHD.OFFI_18_5296A","-1","Feb 20 2015  5:41PM","","",""
"W_TB_K_14","PCC","GOR","","","","","","PHD.OFFI_18_5296B","-1","Feb 20 2015  5:41PM","","",""
"W_TB_K_14","PCC","UCP","","","","","","PHD.PZI_18_5215","-1","Feb 20 2015  5:41PM","","",""
"W_TB_K_14","PCC","UCT","","","","","","PHD.TI_18_5223","-1","Feb 20 2015  5:41PM","","",""
"W_TB_K_14","PCC","DCP","","","","","","PHD.PZI_18_5217","-1","Feb 20 2015  5:41PM","","",""
"W_TB_K_14","PCC","DCT","","","","","","PHD.TI_18_5216","-1","Feb 20 2015  5:41PM","","",""
"W_TB_K_14","PCC","UCP_CALC","","","","","","PHD.NPY_18_5296B","-1","Feb 20 2015  5:41PM","","",""
"W_TB_K_14","PCC","UCT_CALC","","","","","","PHD.NTY_18_5296B","-1","Feb 20 2015  5:41PM","","",""
"W_TB_K_14","PCC","DCP_CALC","","","","","","PHD.NPY_18_5296C","-1","Feb 20 2015  5:41PM","","",""
"W_TB_K_14","PCC","DCT_CALC","","","","","","PHD.NTY_18_5296C","-1","Feb 20 2015  5:41PM","","",""
"W_TB_K_14","PCC","DP","","","","","","PHD.PDI_18_5206","-1","Feb 20 2015  5:41PM","","",""
"W_TB_K_14","PCC","CHOKE","","","","","","PHD.GI_18_5206A","-1","Feb 20 2015  5:41PM","","",""
"W_TB_K_14","PCC","CHOKE_CMD","","","","","","PHD.GI_18_5206B","-1","Feb 20 2015  5:41PM","","",""
"W_TB_K_14","PCC","CHOKE_CALC","","","","","","PHD.NGI_18_5206B","-1","Feb 20 2015  5:41PM","","",""
"W_TB_K_14","PCC","ERRF","","","","","","PHD.NFI_18_5296Z","-1","Feb 20 2015  5:41PM","","",""
"W_TB_K_14","PCC","MODUS","","","","","","PHD.HS_18_5206B","-1","Feb 20 2015  5:41PM","","",""
"W_TB_K_14","PCC","STATUS","","","","","","PHD.NI_18_5263","-1","Feb 20 2015  5:41PM","","",""
"W_TB_K_14","PCC","ROUTING","","","","","","PHD.GS_18_5209P","-1","Feb 20 2015  5:41PM","","",""
"W_TB_K_14","PCC","MeOH","","","","","","PHD.OFI_18_5296G","-1","Feb 20 2015  5:41PM","","",""
"W_TB_K_14","PCC","DHSVL","","","","","","PHD.GSH_18_5201","-1","Feb 20 2015  5:41PM","","",""
"W_TB_K_14","PCC","DHSVU","","","","","","PHD.GSH_18_5202","-1","Feb 20 2015  5:41PM","","",""
"W_TB_K_14","PCC","PMV","","","","","","PHD.GSH_18_5203","-1","Feb 20 2015  5:41PM","","",""
"W_TB_K_14","PCC","PWV","","","","","","PHD.GSH_18_5204","-1","Feb 20 2015  5:41PM","","",""
"W_TB_K_14","PCC","AMV","","","","","","PHD.GSH_18_5218","-1","Feb 20 2015  5:41PM","","",""
"W_TB_K_14","PCC","AWV","","","","","","PHD.GSH_18_5212","-1","Feb 20 2015  5:41PM","","",""
"W_TB_K_14","PCC","XOV","","","","","","PHD.GSH_18_5219","-1","Feb 20 2015  5:41PM","","",""
"W_TB_K_14","PCC","GLV","","","","","","PHD.GI_18_5245","-1","Feb 20 2015  5:41PM","","",""
"W_TB_K_14","PCC","PCV","","","","","","PHD.GSL_18_52_06","-1","Feb 20 2015  5:41PM","","",""
"W_TB_K_14","PCC","PFORM_CALC","","","","","","PHD.NPY_18_5296A","-1","Feb 20 2015  5:41PM","","",""
"W_TB_K_14","PCC","TFORM_CALC","","","","","","PHD.NTY_18_5296A","-1","Feb 20 2015  5:41PM","","",""
"W_TB_K_14","PCC","CHOKE_POS_PER","","","","","","PHD.GI_18_5206E","-1","Feb 20 2015  5:41PM","","",""
"W_TB_K_14","PCC","TAG_32","","","","","","PHD.OFC_18_5296A","-1","Feb 20 2015  5:41PM","","",""
"W_TB_K_14","PCC","TAG_33","","","","","","PHD.OFC_18_5296B","-1","Feb 20 2015  5:41PM","","",""
"W_TB_K_14","PCC","TAG_34","","","","","","PHD.OFC_18_5296C","-1","Feb 20 2015  5:41PM","","",""
"W_TB_K_14","PCC","TAG_35","","","","","","PHD.OFC_18_5296D","-1","Feb 20 2015  5:41PM","","",""
"W_TB_K_14","PCC","TAG_36","","","","","","PHD.OFFI_18_5296C","-1","Feb 20 2015  5:41PM","","",""
"W_TB_K_14","PCC","GROUP","","","","","","","-1","Feb 20 2015  5:41PM","","",""
"W_TB_K_14","PCC","CLUSTER","","","","","","","-1","Feb 20 2015  5:41PM","","",""
"W_TB_K_14","PCC","QOILTARGET","","","","","","PHD.UR_18_5301A_X","-1","Feb 20 2015  5:41PM","","",""
"W_TB_K_14","PCC","QOILMIN","","","","","","PHD.URL_18_5301A_X","-1","Feb 20 2015  5:41PM","","",""
"W_TB_K_14","PCC","QOILMAX","","","","","","PHD.URH_18_5301A_X","-1","Feb 20 2015  5:41PM","","",""
"W_TB_K_14","PCC","QLIQTARGET","","","","","","PHD.UR_18_5301C_X","-1","Feb 20 2015  5:41PM","","",""
"W_TB_K_14","PCC","LIQMIN","","","","","","PHD.URL_18_5301C_X","-1","Feb 20 2015  5:41PM","","",""
"W_TB_K_14","PCC","QLIQMAX","","","","","","PHD.URH_18_5301C_X","-1","Feb 20 2015  5:41PM","","",""
"W_TB_K_21","PCC","EQUIPMENT_NAME","K21","","","","","","-1","Feb 20 2015  5:41PM","","",""
"W_TB_K_21","PCC","EQUIPMENT_DESC","K21- Troll B","","","","","","-1","Feb 20 2015  5:41PM","","",""
"W_TB_K_21","PCC","QOIL","","","","","","PHD.OFI_18_5396A","-1","Feb 20 2015  5:41PM","","",""
"W_TB_K_21","PCC","QWAT","","","","","","PHD.OFI_18_5396B","-1","Feb 20 2015  5:41PM","","",""
"W_TB_K_21","PCC","QLIQ","","","","","","PHD.OFI_18_5396C","-1","Feb 20 2015  5:41PM","","",""
"W_TB_K_21","PCC","QGAS","","","","","","PHD.OFI_18_5396D","-1","Feb 20 2015  5:41PM","","",""
"W_TB_K_21","PCC","WC","","","","","","PHD.OFFI_18_5396A","-1","Feb 20 2015  5:41PM","","",""
"W_TB_K_21","PCC","GOR","","","","","","PHD.OFFI_18_5396B","-1","Feb 20 2015  5:41PM","","",""
"W_TB_K_21","PCC","UCP","","","","","","PHD.PZI_18_5315","-1","Feb 20 2015  5:41PM","","",""
"W_TB_K_21","PCC","UCT","","","","","","PHD.TI_18_5323","-1","Feb 20 2015  5:41PM","","",""
"W_TB_K_21","PCC","DCP","","","","","","PHD.PZI_18_5317","-1","Feb 20 2015  5:41PM","","",""
"W_TB_K_21","PCC","DCT","","","","","","PHD.TI_18_5316","-1","Feb 20 2015  5:41PM","","",""
"W_TB_K_21","PCC","UCP_CALC","","","","","","PHD.NPY_18_5396B","-1","Feb 20 2015  5:41PM","","",""
"W_TB_K_21","PCC","UCT_CALC","","","","","","PHD.NTY_18_5396B","-1","Feb 20 2015  5:41PM","","",""
"W_TB_K_21","PCC","DCP_CALC","","","","","","PHD.NPY_18_5396C","-1","Feb 20 2015  5:41PM","","",""
"W_TB_K_21","PCC","DCT_CALC","","","","","","PHD.NTY_18_5396C","-1","Feb 20 2015  5:41PM","","",""
"W_TB_K_21","PCC","DP","","","","","","PHD.PDI_18_5306","-1","Feb 20 2015  5:41PM","","",""
"W_TB_K_21","PCC","CHOKE","","","","","","PHD.GI_18_5306A","-1","Feb 20 2015  5:41PM","","",""
"W_TB_K_21","PCC","CHOKE_CMD","","","","","","PHD.GI_18_5306B","-1","Feb 20 2015  5:41PM","","",""
"W_TB_K_21","PCC","CHOKE_CALC","","","","","","PHD.NGI_18_5306B","-1","Feb 20 2015  5:41PM","","",""
"W_TB_K_21","PCC","ERRF","","","","","","PHD.NFI_18_5396Z","-1","Feb 20 2015  5:41PM","","",""
"W_TB_K_21","PCC","MODUS","","","","","","PHD.HS_18_5306B","-1","Feb 20 2015  5:41PM","","",""
"W_TB_K_21","PCC","STATUS","","","","","","PHD.NI_18_5363","-1","Feb 20 2015  5:41PM","","",""
"W_TB_K_21","PCC","MeOH","","","","","","PHD.OFI_18_5396G","-1","Feb 20 2015  5:41PM","","",""
"W_TB_K_21","PCC","DHSVL","","","","","","PHD.GSH_18_5301","-1","Feb 20 2015  5:41PM","","",""
"W_TB_K_21","PCC","DHSVU","","","","","","PHD.GSH_18_5302","-1","Feb 20 2015  5:41PM","","",""
"W_TB_K_21","PCC","PMV","","","","","","PHD.GSH_18_5303","-1","Feb 20 2015  5:41PM","","",""
"W_TB_K_21","PCC","PWV","","","","","","PHD.GSH_18_5304","-1","Feb 20 2015  5:41PM","","",""
"W_TB_K_21","PCC","AMV","","","","","","PHD.GSH_18_5318","-1","Feb 20 2015  5:41PM","","",""
"W_TB_K_21","PCC","AWV","","","","","","PHD.GSH_18_5312","-1","Feb 20 2015  5:41PM","","",""
"W_TB_K_21","PCC","XOV","","","","","","PHD.GSH_18_5319","-1","Feb 20 2015  5:41PM","","",""
"W_TB_K_21","PCC","GLV","","","","","","PHD.GI_18_5345","-1","Feb 20 2015  5:41PM","","",""
"W_TB_K_21","PCC","PCV","","","","","","PHD.GSL_18_53_06","-1","Feb 20 2015  5:41PM","","",""
"W_TB_K_21","PCC","PFORM_CALC","","","","","","PHD.NPY_18_5396A","-1","Feb 20 2015  5:41PM","","",""
"W_TB_K_21","PCC","TFORM_CALC","","","","","","PHD.NTY_18_5396A","-1","Feb 20 2015  5:41PM","","",""
"W_TB_K_21","PCC","CHOKE_POS_PER","","","","","","PHD.GI_18_5306E","-1","Feb 20 2015  5:41PM","","",""
"W_TB_K_21","PCC","TAG_32","","","","","","PHD.OFC_18_5396A","-1","Feb 20 2015  5:41PM","","",""
"W_TB_K_21","PCC","TAG_33","","","","","","PHD.OFC_18_5396B","-1","Feb 20 2015  5:41PM","","",""
"W_TB_K_21","PCC","TAG_34","","","","","","PHD.OFC_18_5396C","-1","Feb 20 2015  5:41PM","","",""
"W_TB_K_21","PCC","TAG_35","","","","","","PHD.OFC_18_5396D","-1","Feb 20 2015  5:41PM","","",""
"W_TB_K_21","PCC","TAG_36","","","","","","PHD.OFFI_18_5396C","-1","Feb 20 2015  5:41PM","","",""
"W_TB_K_21","PCC","GROUP","","","","","","","-1","Feb 20 2015  5:41PM","","",""
"W_TB_K_21","PCC","CLUSTER","","","","","","","-1","Feb 20 2015  5:41PM","","",""
"W_TB_K_21","PCC","QOILTARGET","","","","","","PHD.UR_18_5401A_X","-1","Feb 20 2015  5:41PM","","",""
"W_TB_K_21","PCC","QOILMIN","","","","","","PHD.URL_18_5401A_X","-1","Feb 20 2015  5:41PM","","",""
"W_TB_K_21","PCC","QOILMAX","","","","","","PHD.URH_18_5401A_X","-1","Feb 20 2015  5:41PM","","",""
"W_TB_K_21","PCC","QLIQTARGET","","","","","","PHD.UR_18_5401C_X","-1","Feb 20 2015  5:41PM","","",""
"W_TB_K_21","PCC","LIQMIN","","","","","","PHD.URL_18_5401C_X","-1","Feb 20 2015  5:41PM","","",""
"W_TB_K_21","PCC","QLIQMAX","","","","","","PHD.URH_18_5401C_X","-1","Feb 20 2015  5:41PM","","",""
"W_TB_K_22","PCC","EQUIPMENT_NAME","K22","","","","","","-1","Feb 20 2015  5:41PM","","",""
"W_TB_K_22","PCC","EQUIPMENT_DESC","K22- Troll B","","","","","","-1","Feb 20 2015  5:41PM","","",""
"W_TB_K_22","PCC","QOIL","","","","","","PHD.OFI_18_5496A","-1","Feb 20 2015  5:41PM","","",""
"W_TB_K_22","PCC","QWAT","","","","","","PHD.OFI_18_5496B","-1","Feb 20 2015  5:41PM","","",""
"W_TB_K_22","PCC","QLIQ","","","","","","PHD.OFI_18_5496C","-1","Feb 20 2015  5:41PM","","",""
"W_TB_K_22","PCC","QGAS","","","","","","PHD.OFI_18_5496D","-1","Feb 20 2015  5:41PM","","",""
"W_TB_K_22","PCC","WC","","","","","","PHD.OFFI_18_5496A","-1","Feb 20 2015  5:41PM","","",""
"W_TB_K_22","PCC","GOR","","","","","","PHD.OFFI_18_5496B","-1","Feb 20 2015  5:41PM","","",""
"W_TB_K_22","PCC","UCP","","","","","","PHD.PZI_18_5415","-1","Feb 20 2015  5:41PM","","",""
"W_TB_K_22","PCC","UCT","","","","","","PHD.TI_18_5423","-1","Feb 20 2015  5:41PM","","",""
"W_TB_K_22","PCC","DCP","","","","","","PHD.PZI_18_5417","-1","Feb 20 2015  5:41PM","","",""
"W_TB_K_22","PCC","DCT","","","","","","PHD.TI_18_5416","-1","Feb 20 2015  5:41PM","","",""
"W_TB_K_22","PCC","UCP_CALC","","","","","","PHD.NPY_18_5496B","-1","Feb 20 2015  5:41PM","","",""
"W_TB_K_22","PCC","UCT_CALC","","","","","","PHD.NTY_18_5496B","-1","Feb 20 2015  5:41PM","","",""
"W_TB_K_22","PCC","DCP_CALC","","","","","","PHD.NPY_18_5496C","-1","Feb 20 2015  5:41PM","","",""
"W_TB_K_22","PCC","DCT_CALC","","","","","","PHD.NTY_18_5496C","-1","Feb 20 2015  5:41PM","","",""
"W_TB_K_22","PCC","DP","","","","","","PHD.PDI_18_5406","-1","Feb 20 2015  5:41PM","","",""
"W_TB_K_22","PCC","CHOKE","","","","","","PHD.GI_18_5406A","-1","Feb 20 2015  5:41PM","","",""
"W_TB_K_22","PCC","CHOKE_CMD","","","","","","PHD.GI_18_5406B","-1","Feb 20 2015  5:41PM","","",""
"W_TB_K_22","PCC","CHOKE_CALC","","","","","","PHD.NGI_18_5406B","-1","Feb 20 2015  5:41PM","","",""
"W_TB_K_22","PCC","ERRF","","","","","","PHD.NFI_18_5496Z","-1","Feb 20 2015  5:41PM","","",""
"W_TB_K_22","PCC","MODUS","","","","","","PHD.HS_18_5406B","-1","Feb 20 2015  5:41PM","","",""
"W_TB_K_22","PCC","STATUS","","","","","","PHD.NI_18_5463","-1","Feb 20 2015  5:41PM","","",""
"W_TB_K_22","PCC","ROUTING","","","","","","PHD.GS_18_5409P","-1","Feb 20 2015  5:41PM","","",""
"W_TB_K_22","PCC","MeOH","","","","","","PHD.OFI_18_5496G","-1","Feb 20 2015  5:41PM","","",""
"W_TB_K_22","PCC","DHSVL","","","","","","PHD.GSH_18_5401","-1","Feb 20 2015  5:41PM","","",""
"W_TB_K_22","PCC","DHSVU","","","","","","PHD.GSH_18_5402","-1","Feb 20 2015  5:41PM","","",""
"W_TB_K_22","PCC","PMV","","","","","","PHD.GSH_18_5403","-1","Feb 20 2015  5:41PM","","",""
"W_TB_K_22","PCC","PWV","","","","","","PHD.GSH_18_5404","-1","Feb 20 2015  5:41PM","","",""
"W_TB_K_22","PCC","AMV","","","","","","PHD.GSH_18_5418","-1","Feb 20 2015  5:41PM","","",""
"W_TB_K_22","PCC","AWV","","","","","","PHD.GSH_18_5412","-1","Feb 20 2015  5:41PM","","",""
"W_TB_K_22","PCC","XOV","","","","","","PHD.GSH_18_5419","-1","Feb 20 2015  5:41PM","","",""
"W_TB_K_22","PCC","GLV","","","","","","PHD.GI_18_5445","-1","Feb 20 2015  5:41PM","","",""
"W_TB_K_22","PCC","PCV","","","","","","PHD.GSL_18_54_06","-1","Feb 20 2015  5:41PM","","",""
"W_TB_K_22","PCC","PFORM_CALC","","","","","","PHD.NPY_18_5496A","-1","Feb 20 2015  5:41PM","","",""
"W_TB_K_22","PCC","TFORM_CALC","","","","","","PHD.NTY_18_5496A","-1","Feb 20 2015  5:41PM","","",""
"W_TB_K_22","PCC","CHOKE_POS_PER","","","","","","PHD.GI_18_5406E","-1","Feb 20 2015  5:41PM","","",""
"W_TB_K_22","PCC","TAG_32","","","","","","PHD.OFC_18_5496A","-1","Feb 20 2015  5:41PM","","",""
"W_TB_K_22","PCC","TAG_33","","","","","","PHD.OFC_18_5496B","-1","Feb 20 2015  5:41PM","","",""
"W_TB_K_22","PCC","TAG_34","","","","","","PHD.OFC_18_5496C","-1","Feb 20 2015  5:41PM","","",""
"W_TB_K_22","PCC","TAG_35","","","","","","PHD.OFC_18_5496D","-1","Feb 20 2015  5:41PM","","",""
"W_TB_K_22","PCC","TAG_36","","","","","","PHD.OFFI_18_5496C","-1","Feb 20 2015  5:41PM","","",""
"W_TB_K_22","PCC","GROUP","","","","","","","-1","Feb 20 2015  5:41PM","","",""
"W_TB_K_22","PCC","CLUSTER","","","","","","","-1","Feb 20 2015  5:41PM","","",""
"W_TB_K_22","PCC","QOILTARGET","","","","","","PHD.UR_18_5501A_X","-1","Feb 20 2015  5:41PM","","",""
"W_TB_K_22","PCC","QOILMIN","","","","","","PHD.URL_18_5501A_X","-1","Feb 20 2015  5:41PM","","",""
"W_TB_K_22","PCC","QOILMAX","","","","","","PHD.URH_18_5501A_X","-1","Feb 20 2015  5:41PM","","",""
"W_TB_K_22","PCC","QLIQTARGET","","","","","","PHD.UR_18_5501C_X","-1","Feb 20 2015  5:41PM","","",""
"W_TB_K_22","PCC","LIQMIN","","","","","","PHD.URL_18_5501C_X","-1","Feb 20 2015  5:41PM","","",""
"W_TB_K_22","PCC","QLIQMAX","","","","","","PHD.URH_18_5501C_X","-1","Feb 20 2015  5:41PM","","",""
"W_TB_K_23","PCC","EQUIPMENT_NAME","K23","","","","","","-1","Feb 20 2015  5:41PM","","",""
"W_TB_K_23","PCC","EQUIPMENT_DESC","K23- Troll B","","","","","","-1","Feb 20 2015  5:41PM","","",""
"W_TB_K_23","PCC","QOIL","","","","","","PHD.OFI_18_5596A","-1","Feb 20 2015  5:41PM","","",""
"W_TB_K_23","PCC","QWAT","","","","","","PHD.OFI_18_5596B","-1","Feb 20 2015  5:41PM","","",""
"W_TB_K_23","PCC","QLIQ","","","","","","PHD.OFI_18_5596C","-1","Feb 20 2015  5:41PM","","",""
"W_TB_K_23","PCC","QGAS","","","","","","PHD.OFI_18_5596D","-1","Feb 20 2015  5:41PM","","",""
"W_TB_K_23","PCC","WC","","","","","","PHD.OFFI_18_5596A","-1","Feb 20 2015  5:41PM","","",""
"W_TB_K_23","PCC","GOR","","","","","","PHD.OFFI_18_5596B","-1","Feb 20 2015  5:41PM","","",""
"W_TB_K_23","PCC","UCP","","","","","","PHD.PZI_18_5515","-1","Feb 20 2015  5:41PM","","",""
"W_TB_K_23","PCC","DCP","","","","","","PHD.PZI_18_5517","-1","Feb 20 2015  5:41PM","","",""
"W_TB_K_23","PCC","DCT","","","","","","PHD.TI_18_5516","-1","Feb 20 2015  5:41PM","","",""
"W_TB_K_23","PCC","UCP_CALC","","","","","","PHD.NPY_18_5596B","-1","Feb 20 2015  5:41PM","","",""
"W_TB_K_23","PCC","UCT_CALC","","","","","","PHD.NTY_18_5596B","-1","Feb 20 2015  5:41PM","","",""
"W_TB_K_23","PCC","DCP_CALC","","","","","","PHD.NPY_18_5596C","-1","Feb 20 2015  5:41PM","","",""
"W_TB_K_23","PCC","DCT_CALC","","","","","","PHD.NTY_18_5596C","-1","Feb 20 2015  5:41PM","","",""
"W_TB_K_23","PCC","DP","","","","","","PHD.PDI_18_5506","-1","Feb 20 2015  5:41PM","","",""
"W_TB_K_23","PCC","CHOKE","","","","","","PHD.GI_18_5506A","-1","Feb 20 2015  5:41PM","","",""
"W_TB_K_23","PCC","CHOKE_CMD","","","","","","PHD.GI_18_5506B","-1","Feb 20 2015  5:41PM","","",""
"W_TB_K_23","PCC","CHOKE_CALC","","","","","","PHD.NGI_18_5506B","-1","Feb 20 2015  5:41PM","","",""
"W_TB_K_23","PCC","ERRF","","","","","","PHD.NFI_18_5596Z","-1","Feb 20 2015  5:41PM","","",""
"W_TB_K_23","PCC","MODUS","","","","","","PHD.HS_18_5506B","-1","Feb 20 2015  5:41PM","","",""
"W_TB_K_23","PCC","STATUS","","","","","","PHD.NI_18_5563","-1","Feb 20 2015  5:41PM","","",""
"W_TB_K_23","PCC","ROUTING","","","","","","PHD.GS_18_5509P","-1","Feb 20 2015  5:41PM","","",""
"W_TB_K_23","PCC","MeOH","","","","","","PHD.OFI_18_5596G","-1","Feb 20 2015  5:41PM","","",""
"W_TB_K_23","PCC","DHSVL","","","","","","PHD.GSH_18_5501","-1","Feb 20 2015  5:41PM","","",""
"W_TB_K_23","PCC","DHSVU","","","","","","PHD.GSH_18_5502","-1","Feb 20 2015  5:41PM","","",""
"W_TB_K_23","PCC","PMV","","","","","","PHD.GSH_18_5503","-1","Feb 20 2015  5:41PM","","",""
"W_TB_K_23","PCC","PWV","","","","","","PHD.GSH_18_5504","-1","Feb 20 2015  5:41PM","","",""
"W_TB_K_23","PCC","AMV","","","","","","PHD.GSH_18_5518","-1","Feb 20 2015  5:41PM","","",""
"W_TB_K_23","PCC","AWV","","","","","","PHD.GSH_18_5512","-1","Feb 20 2015  5:41PM","","",""
"W_TB_K_23","PCC","XOV","","","","","","PHD.GSH_18_5519","-1","Feb 20 2015  5:41PM","","",""
"W_TB_K_23","PCC","GLV","","","","","","PHD.GI_18_5545","-1","Feb 20 2015  5:41PM","","",""
"W_TB_K_23","PCC","PCV","","","","","","PHD.GSL_18_55_06","-1","Feb 20 2015  5:41PM","","",""
"W_TB_K_23","PCC","PFORM_CALC","","","","","","PHD.NPY_18_5596A","-1","Feb 20 2015  5:41PM","","",""
"W_TB_K_23","PCC","TFORM_CALC","","","","","","PHD.NTY_18_5596A","-1","Feb 20 2015  5:41PM","","",""
"W_TB_K_23","PCC","CHOKE_POS_PER","","","","","","PHD.GI_18_5506E","-1","Feb 20 2015  5:41PM","","",""
"W_TB_K_23","PCC","TAG_32","","","","","","PHD.OFC_18_5596A","-1","Feb 20 2015  5:41PM","","",""
"W_TB_K_23","PCC","TAG_33","","","","","","PHD.OFC_18_5596B","-1","Feb 20 2015  5:41PM","","",""
"W_TB_K_23","PCC","TAG_34","","","","","","PHD.OFC_18_5596C","-1","Feb 20 2015  5:41PM","","",""
"W_TB_K_23","PCC","TAG_35","","","","","","PHD.OFC_18_5596D","-1","Feb 20 2015  5:41PM","","",""
"W_TB_K_23","PCC","TAG_36","","","","","","PHD.OFFI_18_5596C","-1","Feb 20 2015  5:41PM","","",""
"W_TB_K_23","PCC","GROUP","","","","","","","-1","Feb 20 2015  5:41PM","","",""
"W_TB_K_23","PCC","CLUSTER","","","","","","","-1","Feb 20 2015  5:41PM","","",""
"W_TB_K_23","PCC","QOILTARGET","","","","","","PHD.UR_18_5601A_X","-1","Feb 20 2015  5:41PM","","",""
"W_TB_K_23","PCC","QOILMIN","","","","","","PHD.URL_18_5601A_X","-1","Feb 20 2015  5:41PM","","",""
"W_TB_K_23","PCC","QOILMAX","","","","","","PHD.URH_18_5601A_X","-1","Feb 20 2015  5:41PM","","",""
"W_TB_K_23","PCC","QLIQTARGET","","","","","","PHD.UR_18_5601C_X","-1","Feb 20 2015  5:41PM","","",""
"W_TB_K_23","PCC","LIQMIN","","","","","","PHD.URL_18_5601C_X","-1","Feb 20 2015  5:41PM","","",""
"W_TB_K_23","PCC","QLIQMAX","","","","","","PHD.URH_18_5601C_X","-1","Feb 20 2015  5:41PM","","",""
"W_TB_K_24","PCC","EQUIPMENT_NAME","K24","","","","","","-1","Feb 20 2015  5:41PM","","",""
"W_TB_K_24","PCC","EQUIPMENT_DESC","K24- Troll B","","","","","","-1","Feb 20 2015  5:41PM","","",""
"W_TB_K_24","PCC","QOIL","","","","","","PHD.OFI_18_5696A","-1","Feb 20 2015  5:41PM","","",""
"W_TB_K_24","PCC","QWAT","","","","","","PHD.OFI_18_5696B","-1","Feb 20 2015  5:41PM","","",""
"W_TB_K_24","PCC","QLIQ","","","","","","PHD.OFI_18_5696C","-1","Feb 20 2015  5:41PM","","",""
"W_TB_K_24","PCC","QGAS","","","","","","PHD.OFI_18_5696D","-1","Feb 20 2015  5:41PM","","",""
"W_TB_K_24","PCC","WC","","","","","","PHD.OFFI_18_5696A","-1","Feb 20 2015  5:41PM","","",""
"W_TB_K_24","PCC","GOR","","","","","","PHD.OFFI_18_5696B","-1","Feb 20 2015  5:41PM","","",""
"W_TB_K_24","PCC","UCP","","","","","","PHD.PZI_18_5615","-1","Feb 20 2015  5:41PM","","",""
"W_TB_K_24","PCC","UCT","","","","","","PHD.TI_18_5623","-1","Feb 20 2015  5:41PM","","",""
"W_TB_K_24","PCC","DCP","","","","","","PHD.PZI_18_5617","-1","Feb 20 2015  5:41PM","","",""
"W_TB_K_24","PCC","DCT","","","","","","PHD.TI_18_5616","-1","Feb 20 2015  5:41PM","","",""
"W_TB_K_24","PCC","UCP_CALC","","","","","","PHD.NPY_18_5696B","-1","Feb 20 2015  5:41PM","","",""
"W_TB_K_24","PCC","UCT_CALC","","","","","","PHD.NTY_18_5696B","-1","Feb 20 2015  5:41PM","","",""
"W_TB_K_24","PCC","DCP_CALC","","","","","","PHD.NPY_18_5696C","-1","Feb 20 2015  5:41PM","","",""
"W_TB_K_24","PCC","DCT_CALC","","","","","","PHD.NTY_18_5696C","-1","Feb 20 2015  5:41PM","","",""
"W_TB_K_24","PCC","DP","","","","","","PHD.PDI_18_5606","-1","Feb 20 2015  5:41PM","","",""
"W_TB_K_24","PCC","CHOKE","","","","","","PHD.GI_18_5606A","-1","Feb 20 2015  5:41PM","","",""
"W_TB_K_24","PCC","CHOKE_CMD","","","","","","PHD.GI_18_5606B","-1","Feb 20 2015  5:41PM","","",""
"W_TB_K_24","PCC","CHOKE_CALC","","","","","","PHD.NGI_18_5606B","-1","Feb 20 2015  5:41PM","","",""
"W_TB_K_24","PCC","ERRF","","","","","","PHD.NFI_18_5696Z","-1","Feb 20 2015  5:41PM","","",""
"W_TB_K_24","PCC","MODUS","","","","","","PHD.HS_18_5606B","-1","Feb 20 2015  5:41PM","","",""
"W_TB_K_24","PCC","STATUS","","","","","","PHD.NI_18_5663","-1","Feb 20 2015  5:41PM","","",""
"W_TB_K_24","PCC","ROUTING","","","","","","PHD.GS_18_5609P","-1","Feb 20 2015  5:41PM","","",""
"W_TB_K_24","PCC","MeOH","","","","","","PHD.OFI_18_5696G","-1","Feb 20 2015  5:41PM","","",""
"W_TB_K_24","PCC","DHSVL","","","","","","PHD.GSH_18_5601","-1","Feb 20 2015  5:41PM","","",""
"W_TB_K_24","PCC","DHSVU","","","","","","PHD.GSH_18_5602","-1","Feb 20 2015  5:41PM","","",""
"W_TB_K_24","PCC","PMV","","","","","","PHD.GSH_18_5603","-1","Feb 20 2015  5:41PM","","",""
"W_TB_K_24","PCC","PWV","","","","","","PHD.GSH_18_5604","-1","Feb 20 2015  5:41PM","","",""
"W_TB_K_24","PCC","AMV","","","","","","PHD.GSH_18_5618","-1","Feb 20 2015  5:41PM","","",""
"W_TB_K_24","PCC","AWV","","","","","","PHD.GSH_18_5612","-1","Feb 20 2015  5:41PM","","",""
"W_TB_K_24","PCC","XOV","","","","","","PHD.GSH_18_5619","-1","Feb 20 2015  5:41PM","","",""
"W_TB_K_24","PCC","GLV","","","","","","PHD.GI_18_5645","-1","Feb 20 2015  5:41PM","","",""
"W_TB_K_24","PCC","PCV","","","","","","PHD.GSL_18_56_06","-1","Feb 20 2015  5:41PM","","",""
"W_TB_K_24","PCC","PFORM_CALC","","","","","","PHD.NPY_18_5696A","-1","Feb 20 2015  5:41PM","","",""
"W_TB_K_24","PCC","TFORM_CALC","","","","","","PHD.NTY_18_5696A","-1","Feb 20 2015  5:41PM","","",""
"W_TB_K_24","PCC","CHOKE_POS_PER","","","","","","PHD.GI_18_5606E","-1","Feb 20 2015  5:41PM","","",""
"W_TB_K_24","PCC","TAG_32","","","","","","PHD.OFC_18_5696A","-1","Feb 20 2015  5:41PM","","",""
"W_TB_K_24","PCC","TAG_33","","","","","","PHD.OFC_18_5696B","-1","Feb 20 2015  5:41PM","","",""
"W_TB_K_24","PCC","TAG_34","","","","","","PHD.OFC_18_5696C","-1","Feb 20 2015  5:41PM","","",""
"W_TB_K_24","PCC","TAG_35","","","","","","PHD.OFC_18_5696D","-1","Feb 20 2015  5:41PM","","",""
"W_TB_K_24","PCC","TAG_36","","","","","","PHD.OFFI_18_5696C","-1","Feb 20 2015  5:41PM","","",""
"W_TB_K_24","PCC","GROUP","","","","","","","-1","Feb 20 2015  5:41PM","","",""
"W_TB_K_24","PCC","CLUSTER","","","","","","","-1","Feb 20 2015  5:41PM","","",""
"W_TB_K_24","PCC","QOILTARGET","","","","","","PHD.UR_18_7201A_X","-1","Feb 20 2015  5:41PM","","",""
"W_TB_K_24","PCC","QOILMAX","","","","","","PHD.URH_18_7201A_X","-1","Feb 20 2015  5:41PM","","",""
"W_TB_K_24","PCC","QLIQTARGET","","","","","","PHD.UR_18_7201C_X","-1","Feb 20 2015  5:41PM","","",""
"W_TB_K_24","PCC","LIQMIN","","","","","","PHD.URL_18_7201C_X","-1","Feb 20 2015  5:41PM","","",""
"W_TB_K_24","PCC","QLIQMAX","","","","","","PHD.URH_18_7201C_X","-1","Feb 20 2015  5:41PM","","",""
"W_TB_L_11","PCC","EQUIPMENT_NAME","L11","","","","","","-1","Feb 20 2015  5:41PM","","",""
"W_TB_L_11","PCC","EQUIPMENT_DESC","L11- Troll B","","","","","","-1","Feb 20 2015  5:41PM","","",""
"W_TB_L_11","PCC","QOIL","","","","","","PHD.OFI_18_7296A","-1","Feb 20 2015  5:41PM","","",""
"W_TB_L_11","PCC","QWAT","","","","","","PHD.OFI_18_7296B","-1","Feb 20 2015  5:41PM","","",""
"W_TB_L_11","PCC","QLIQ","","","","","","PHD.OFI_18_7296C","-1","Feb 20 2015  5:41PM","","",""
"W_TB_L_11","PCC","QGAS","","","","","","PHD.OFI_18_7296D","-1","Feb 20 2015  5:41PM","","",""
"W_TB_L_11","PCC","WC","","","","","","PHD.OFFI_18_7296A","-1","Feb 20 2015  5:41PM","","",""
"W_TB_L_11","PCC","GOR","","","","","","PHD.OFFI_18_7296B","-1","Feb 20 2015  5:41PM","","",""
"W_TB_L_11","PCC","UCP","","","","","","PHD.PZI_18_7215","-1","Feb 20 2015  5:41PM","","",""
"W_TB_L_11","PCC","UCT","","","","","","PHD.TI_18_7223","-1","Feb 20 2015  5:41PM","","",""
"W_TB_L_11","PCC","DCP","","","","","","PHD.PZI_18_7217","-1","Feb 20 2015  5:41PM","","",""
"W_TB_L_11","PCC","DCT","","","","","","PHD.TI_18_7216","-1","Feb 20 2015  5:41PM","","",""
"W_TB_L_11","PCC","UCP_CALC","","","","","","PHD.NPY_18_7296B","-1","Feb 20 2015  5:41PM","","",""
"W_TB_L_11","PCC","UCT_CALC","","","","","","PHD.NTY_18_7296B","-1","Feb 20 2015  5:41PM","","",""
"W_TB_L_11","PCC","DCP_CALC","","","","","","PHD.NPY_18_7296C","-1","Feb 20 2015  5:41PM","","",""
"W_TB_L_11","PCC","DCT_CALC","","","","","","PHD.NTY_18_7296C","-1","Feb 20 2015  5:41PM","","",""
"W_TB_L_11","PCC","DP","","","","","","PHD.PDI_18_7206","-1","Feb 20 2015  5:41PM","","",""
"W_TB_L_11","PCC","CHOKE","","","","","","PHD.GI_18_7206A","-1","Feb 20 2015  5:41PM","","",""
"W_TB_L_11","PCC","CHOKE_CMD","","","","","","PHD.GI_18_7206B","-1","Feb 20 2015  5:41PM","","",""
"W_TB_L_11","PCC","CHOKE_CALC","","","","","","PHD.NGI_18_7206B","-1","Feb 20 2015  5:41PM","","",""
"W_TB_L_11","PCC","ERRF","","","","","","PHD.NFI_18_7296Z","-1","Feb 20 2015  5:41PM","","",""
"W_TB_L_11","PCC","MODUS","","","","","","PHD.HS_18_7206B","-1","Feb 20 2015  5:41PM","","",""
"W_TB_L_11","PCC","STATUS","","","","","","PHD.NI_18_7263","-1","Feb 20 2015  5:41PM","","",""
"W_TB_L_11","PCC","ROUTING","","","","","","PHD.GS_18_7209P","-1","Feb 20 2015  5:41PM","","",""
"W_TB_L_11","PCC","MeOH","","","","","","PHD.OFI_18_7296G","-1","Feb 20 2015  5:41PM","","",""
"W_TB_L_11","PCC","DHSVL","","","","","","PHD.GSH_18_7201","-1","Feb 20 2015  5:41PM","","",""
"W_TB_L_11","PCC","DHSVU","","","","","","PHD.GSH_18_7202","-1","Feb 20 2015  5:41PM","","",""
"W_TB_L_11","PCC","PMV","","","","","","PHD.GSH_18_7203","-1","Feb 20 2015  5:41PM","","",""
"W_TB_L_11","PCC","PWV","","","","","","PHD.GSH_18_7204","-1","Feb 20 2015  5:41PM","","",""
"W_TB_L_11","PCC","AMV","","","","","","PHD.GSH_18_7218","-1","Feb 20 2015  5:41PM","","",""
"W_TB_L_11","PCC","AWV","","","","","","PHD.GSH_18_7212","-1","Feb 20 2015  5:41PM","","",""
"W_TB_L_11","PCC","XOV","","","","","","PHD.GSH_18_7219","-1","Feb 20 2015  5:41PM","","",""
"W_TB_L_11","PCC","GLV","","","","","","PHD.GI_18_7245","-1","Feb 20 2015  5:41PM","","",""
"W_TB_L_11","PCC","PCV","","","","","","PHD.GSL_18_72_06","-1","Feb 20 2015  5:41PM","","",""
"W_TB_L_11","PCC","PFORM_CALC","","","","","","PHD.NPY_18_7296A","-1","Feb 20 2015  5:41PM","","",""
"W_TB_L_11","PCC","TFORM_CALC","","","","","","PHD.NTY_18_7296A","-1","Feb 20 2015  5:41PM","","",""
"W_TB_L_11","PCC","CHOKE_POS_PER","","","","","","PHD.GI_18_7206E","-1","Feb 20 2015  5:41PM","","",""
"W_TB_L_11","PCC","TAG_32","","","","","","PHD.OFC_18_7296A","-1","Feb 20 2015  5:41PM","","",""
"W_TB_L_11","PCC","TAG_33","","","","","","PHD.OFC_18_7296B","-1","Feb 20 2015  5:41PM","","",""
"W_TB_L_11","PCC","TAG_34","","","","","","PHD.OFC_18_7296C","-1","Feb 20 2015  5:41PM","","",""
"W_TB_L_11","PCC","TAG_35","","","","","","PHD.OFC_18_7296D","-1","Feb 20 2015  5:41PM","","",""
"W_TB_L_11","PCC","TAG_36","","","","","","PHD.OFFI_18_7296C","-1","Feb 20 2015  5:41PM","","",""
"W_TB_L_11","PCC","GROUP","","","","","","","-1","Feb 20 2015  5:41PM","","",""
"W_TB_L_11","PCC","CLUSTER","","","","","","","-1","Feb 20 2015  5:41PM","","",""
"W_TB_L_11","PCC","QOILTARGET","","","","","","PHD.UR_18_7301A_X","-1","Feb 20 2015  5:41PM","","",""
"W_TB_L_11","PCC","QOILMIN","","","","","","PHD.URL_18_7301A_X","-1","Feb 20 2015  5:41PM","","",""
"W_TB_L_11","PCC","QOILMAX","","","","","","PHD.URH_18_7301A_X","-1","Feb 20 2015  5:41PM","","",""
"W_TB_L_11","PCC","QLIQTARGET","","","","","","PHD.UR_18_7301C_X","-1","Feb 20 2015  5:41PM","","",""
"W_TB_L_11","PCC","LIQMIN","","","","","","PHD.URL_18_7301C_X","-1","Feb 20 2015  5:41PM","","",""
"W_TB_L_11","PCC","QLIQMAX","","","","","","PHD.URH_18_7301C_X","-1","Feb 20 2015  5:41PM","","",""
"W_TB_L_12","PCC","EQUIPMENT_NAME","L12","","","","","","-1","Feb 20 2015  5:41PM","","",""
"W_TB_L_12","PCC","EQUIPMENT_DESC","L12- Troll B","","","","","","-1","Feb 20 2015  5:41PM","","",""
"W_TB_L_12","PCC","QOIL","","","","","","PHD.OFI_18_7396A","-1","Feb 20 2015  5:41PM","","",""
"W_TB_L_12","PCC","QWAT","","","","","","PHD.OFI_18_7396B","-1","Feb 20 2015  5:41PM","","",""
"W_TB_L_12","PCC","QLIQ","","","","","","PHD.OFI_18_7396C","-1","Feb 20 2015  5:41PM","","",""
"W_TB_L_12","PCC","QGAS","","","","","","PHD.OFI_18_7396D","-1","Feb 20 2015  5:41PM","","",""
"W_TB_L_12","PCC","WC","","","","","","PHD.OFFI_18_7396A","-1","Feb 20 2015  5:41PM","","",""
"W_TB_L_12","PCC","GOR","","","","","","PHD.OFFI_18_7396B","-1","Feb 20 2015  5:41PM","","",""
"W_TB_L_12","PCC","UCP","","","","","","PHD.PZI_18_7315","-1","Feb 20 2015  5:41PM","","",""
"W_TB_L_12","PCC","UCT","","","","","","PHD.TI_18_7323","-1","Feb 20 2015  5:41PM","","",""
"W_TB_L_12","PCC","DCP","","","","","","PHD.PZI_18_7317","-1","Feb 20 2015  5:41PM","","",""
"W_TB_L_12","PCC","DCT","","","","","","PHD.TI_18_7316","-1","Feb 20 2015  5:41PM","","",""
"W_TB_L_12","PCC","UCP_CALC","","","","","","PHD.NPY_18_7396B","-1","Feb 20 2015  5:41PM","","",""
"W_TB_L_12","PCC","UCT_CALC","","","","","","PHD.NTY_18_7396B","-1","Feb 20 2015  5:41PM","","",""
"W_TB_L_12","PCC","DCP_CALC","","","","","","PHD.NPY_18_7396C","-1","Feb 20 2015  5:41PM","","",""
"W_TB_L_12","PCC","DCT_CALC","","","","","","PHD.NTY_18_7396C","-1","Feb 20 2015  5:41PM","","",""
"W_TB_L_12","PCC","DP","","","","","","PHD.PDI_18_7306","-1","Feb 20 2015  5:41PM","","",""
"W_TB_L_12","PCC","CHOKE","","","","","","PHD.GI_18_7306A","-1","Feb 20 2015  5:41PM","","",""
"W_TB_L_12","PCC","CHOKE_CMD","","","","","","PHD.GI_18_7306B","-1","Feb 20 2015  5:41PM","","",""
"W_TB_L_12","PCC","CHOKE_CALC","","","","","","PHD.NGI_18_7306B","-1","Feb 20 2015  5:41PM","","",""
"W_TB_L_12","PCC","ERRF","","","","","","PHD.NFI_18_7396Z","-1","Feb 20 2015  5:41PM","","",""
"W_TB_L_12","PCC","MODUS","","","","","","PHD.HS_18_7306B","-1","Feb 20 2015  5:41PM","","",""
"W_TB_L_12","PCC","STATUS","","","","","","PHD.NI_18_7363","-1","Feb 20 2015  5:41PM","","",""
"W_TB_L_12","PCC","ROUTING","","","","","","PHD.GS_18_7309P","-1","Feb 20 2015  5:41PM","","",""
"W_TB_L_12","PCC","MeOH","","","","","","PHD.OFI_18_7396G","-1","Feb 20 2015  5:41PM","","",""
"W_TB_L_12","PCC","DHSVL","","","","","","PHD.GSH_18_7301","-1","Feb 20 2015  5:41PM","","",""
"W_TB_L_12","PCC","DHSVU","","","","","","PHD.GSH_18_7302","-1","Feb 20 2015  5:41PM","","",""
"W_TB_L_12","PCC","PMV","","","","","","PHD.GSH_18_7303","-1","Feb 20 2015  5:41PM","","",""
"W_TB_L_12","PCC","PWV","","","","","","PHD.GSH_18_7304","-1","Feb 20 2015  5:41PM","","",""
"W_TB_L_12","PCC","AMV","","","","","","PHD.GSH_18_7318","-1","Feb 20 2015  5:41PM","","",""
"W_TB_L_12","PCC","AWV","","","","","","PHD.GSH_18_7312","-1","Feb 20 2015  5:41PM","","",""
"W_TB_D_03","PCC","DHSVU","","","","","","PHD.GSH_18_0302","-1","Feb 20 2015  5:41PM","","",""
"W_TB_D_03","PCC","PMV","","","","","","PHD.GSH_18_0303","-1","Feb 20 2015  5:41PM","","",""
"W_TB_D_03","PCC","PWV","","","","","","PHD.GSH_18_0304","-1","Feb 20 2015  5:41PM","","",""
"W_TB_D_03","PCC","AMV","","","","","","PHD.GSH_18_0318","-1","Feb 20 2015  5:41PM","","",""
"W_TB_D_03","PCC","AWV","","","","","","PHD.GSH_18_0312","-1","Feb 20 2015  5:41PM","","",""
"W_TB_D_03","PCC","XOV","","","","","","PHD.GSH_18_0319","-1","Feb 20 2015  5:41PM","","",""
"W_TB_D_03","PCC","GLV","","","","","","PHD.NULL","-1","Feb 20 2015  5:41PM","","",""
"W_TB_D_03","PCC","PCV","","","","","","PHD.GSL_18_03_06","-1","Feb 20 2015  5:41PM","","",""
"W_TB_D_03","PCC","PFORM_CALC","","","","","","PHD.NPY_18_0396A","-1","Feb 20 2015  5:41PM","","",""
"W_TB_D_03","PCC","TFORM_CALC","","","","","","PHD.NTY_18_0396A","-1","Feb 20 2015  5:41PM","","",""
"W_TB_D_03","PCC","CHOKE_POS_PER","","","","","","PHD.GI_18_0306E","-1","Feb 20 2015  5:41PM","","",""
"W_TB_D_03","PCC","TAG_32","","","","","","PHD.OFC_18_0396A","-1","Feb 20 2015  5:41PM","","",""
"W_TB_D_03","PCC","TAG_33","","","","","","PHD.OFC_18_0396B","-1","Feb 20 2015  5:41PM","","",""
"W_TB_D_03","PCC","TAG_34","","","","","","PHD.OFC_18_0396C","-1","Feb 20 2015  5:41PM","","",""
"W_TB_D_03","PCC","TAG_35","","","","","","PHD.OFC_18_0396D","-1","Feb 20 2015  5:41PM","","",""
"W_TB_D_03","PCC","TAG_36","","","","","","PHD.OFFI_18_0396C","-1","Feb 20 2015  5:41PM","","",""
"W_TB_D_03","PCC","GROUP","","","","","","","-1","Feb 20 2015  5:41PM","","",""
"W_TB_D_03","PCC","CLUSTER","","","","","","","-1","Feb 20 2015  5:41PM","","",""
"W_TB_D_03","PCC","QOILTARGET","","","","","","PHD.UR_18_0301A_X","-1","Feb 20 2015  5:41PM","","",""
"W_TB_D_03","PCC","QOILMIN","","","","","","PHD.URL_18_0301A_X","-1","Feb 20 2015  5:41PM","","",""
"W_TB_D_03","PCC","QOILMAX","","","","","","PHD.URH_18_0301A_X","-1","Feb 20 2015  5:41PM","","",""
"W_TB_D_03","PCC","QLIQTARGET","","","","","","PHD.UR_18_0301C_X","-1","Feb 20 2015  5:41PM","","",""
"W_TB_D_03","PCC","LIQMIN","","","","","","PHD.URL_18_0301C_X","-1","Feb 20 2015  5:41PM","","",""
"W_TB_D_03","PCC","QLIQMAX","","","","","","PHD.URH_18_0301C_X","-1","Feb 20 2015  5:41PM","","",""
"W_TB_D_04","PCC","EQUIPMENT_NAME","D4","","","","","","-1","Feb 20 2015  5:41PM","","",""
"W_TB_D_04","PCC","EQUIPMENT_DESC","D4- Troll B","","","","","","-1","Feb 20 2015  5:41PM","","",""
"W_TB_D_04","PCC","QOIL","","","","","","PHD.OFI_18_0496A","-1","Feb 20 2015  5:41PM","","",""
"W_TB_D_04","PCC","QWAT","","","","","","PHD.OFI_18_0496B","-1","Feb 20 2015  5:41PM","","",""
"W_TB_D_04","PCC","QLIQ","","","","","","PHD.OFI_18_0496C","-1","Feb 20 2015  5:41PM","","",""
"W_TB_D_04","PCC","QGAS","","","","","","PHD.OFI_18_0496D","-1","Feb 20 2015  5:41PM","","",""
"W_TB_D_04","PCC","WC","","","","","","PHD.OFFI_18_0496A","-1","Feb 20 2015  5:41PM","","",""
"W_TB_D_04","PCC","GOR","","","","","","PHD.OFFI_18_0496B","-1","Feb 20 2015  5:41PM","","",""
"W_TB_D_04","PCC","UCP","","","","","","PHD.PZI_18_0415","-1","Feb 20 2015  5:41PM","","",""
"W_TB_D_04","PCC","UCT","","","","","","PHD.TI_18_0423","-1","Feb 20 2015  5:41PM","","",""
"W_TB_D_04","PCC","DCP","","","","","","PHD.PZI_18_0417","-1","Feb 20 2015  5:41PM","","",""
"W_TB_D_04","PCC","DCT","","","","","","PHD.TI_18_0416","-1","Feb 20 2015  5:41PM","","",""
"W_TB_D_04","PCC","UCP_CALC","","","","","","PHD.NPY_18_0496B","-1","Feb 20 2015  5:41PM","","",""
"W_TB_D_04","PCC","UCT_CALC","","","","","","PHD.NTY_18_0496B","-1","Feb 20 2015  5:41PM","","",""
"W_TB_D_04","PCC","DCP_CALC","","","","","","PHD.NPY_18_0496C","-1","Feb 20 2015  5:41PM","","",""
"W_TB_D_04","PCC","DCT_CALC","","","","","","PHD.NTY_18_0496C","-1","Feb 20 2015  5:41PM","","",""
"W_TB_D_04","PCC","DP","","","","","","PHD.PDI_18_0406","-1","Feb 20 2015  5:41PM","","",""
"W_TB_D_04","PCC","CHOKE","","","","","","PHD.GI_18_0406A","-1","Feb 20 2015  5:41PM","","",""
"W_TB_D_04","PCC","CHOKE_CMD","","","","","","PHD.GI_18_0406B","-1","Feb 20 2015  5:41PM","","",""
"W_TB_D_04","PCC","CHOKE_CALC","","","","","","PHD.NGI_18_0406B","-1","Feb 20 2015  5:41PM","","",""
"W_TB_D_04","PCC","ERRF","","","","","","PHD.NFI_18_0496Z","-1","Feb 20 2015  5:41PM","","",""
"W_TB_D_04","PCC","MODUS","","","","","","PHD.HS_18_0406B","-1","Feb 20 2015  5:41PM","","",""
"W_TB_D_04","PCC","STATUS","","","","","","PHD.NI_18_0463","-1","Feb 20 2015  5:41PM","","",""
"W_TB_D_04","PCC","ROUTING","","","","","","PHD.GS_18_0409P","-1","Feb 20 2015  5:41PM","","",""
"W_TB_D_04","PCC","MeOH","","","","","","PHD.OFI_18_0496G","-1","Feb 20 2015  5:41PM","","",""
"W_TB_D_04","PCC","DHSVL","","","","","","PHD.GSH_18_0401","-1","Feb 20 2015  5:41PM","","",""
"W_TB_D_04","PCC","DHSVU","","","","","","PHD.GSH_18_0402","-1","Feb 20 2015  5:41PM","","",""
"W_TB_D_04","PCC","PMV","","","","","","PHD.GSH_18_0403","-1","Feb 20 2015  5:41PM","","",""
"W_TB_D_04","PCC","PWV","","","","","","PHD.GSH_18_0404","-1","Feb 20 2015  5:41PM","","",""
"W_TB_D_04","PCC","AMV","","","","","","PHD.GSH_18_0418","-1","Feb 20 2015  5:41PM","","",""
"W_TB_D_04","PCC","AWV","","","","","","PHD.GSH_18_0412","-1","Feb 20 2015  5:41PM","","",""
"W_TB_D_04","PCC","XOV","","","","","","PHD.GSH_18_0419","-1","Feb 20 2015  5:41PM","","",""
"W_TB_D_04","PCC","GLV","","","","","","PHD.NULL","-1","Feb 20 2015  5:41PM","","",""
"W_TB_D_04","PCC","PCV","","","","","","PHD.GSL_18_04_06","-1","Feb 20 2015  5:41PM","","",""
"W_TB_D_04","PCC","PFORM_CALC","","","","","","PHD.NPY_18_0496A","-1","Feb 20 2015  5:41PM","","",""
"W_TB_D_04","PCC","TFORM_CALC","","","","","","PHD.NTY_18_0496A","-1","Feb 20 2015  5:41PM","","",""
"W_TB_D_04","PCC","CHOKE_POS_PER","","","","","","PHD.GI_18_0406E","-1","Feb 20 2015  5:41PM","","",""
"W_TB_D_04","PCC","TAG_32","","","","","","PHD.OFC_18_0496A","-1","Feb 20 2015  5:41PM","","",""
"W_TB_D_04","PCC","TAG_33","","","","","","PHD.OFC_18_0496B","-1","Feb 20 2015  5:41PM","","",""
"W_TB_D_04","PCC","TAG_34","","","","","","PHD.OFC_18_0496C","-1","Feb 20 2015  5:41PM","","",""
"W_TB_D_04","PCC","TAG_35","","","","","","PHD.OFC_18_0496D","-1","Feb 20 2015  5:41PM","","",""
"W_TB_D_04","PCC","TAG_36","","","","","","PHD.OFFI_18_0496C","-1","Feb 20 2015  5:41PM","","",""
"W_TB_D_04","PCC","GROUP","","","","","","","-1","Feb 20 2015  5:41PM","","",""
"W_TB_D_04","PCC","CLUSTER","","","","","","","-1","Feb 20 2015  5:41PM","","",""
"W_TB_D_04","PCC","QOILTARGET","","","","","","PHD.UR_18_0401A_X","-1","Feb 20 2015  5:41PM","","",""
"W_TB_D_04","PCC","QOILMIN","","","","","","PHD.URL_18_0401A_X","-1","Feb 20 2015  5:41PM","","",""
"W_TB_D_04","PCC","QOILMAX","","","","","","PHD.URH_18_0401A_X","-1","Feb 20 2015  5:41PM","","",""
"W_TB_D_04","PCC","QLIQTARGET","","","","","","PHD.UR_18_0401C_X","-1","Feb 20 2015  5:41PM","","",""
"W_TB_D_04","PCC","LIQMIN","","","","","","PHD.URL_18_0401C_X","-1","Feb 20 2015  5:41PM","","",""
"W_TB_D_04","PCC","QLIQMAX","","","","","","PHD.URH_18_0401C_X","-1","Feb 20 2015  5:41PM","","",""
"W_TB_D_05","PCC","EQUIPMENT_NAME","D5","","","","","","-1","Feb 20 2015  5:41PM","","",""
"W_TB_D_05","PCC","EQUIPMENT_DESC","D5- Troll B","","","","","","-1","Feb 20 2015  5:41PM","","",""
"W_TB_D_05","PCC","QOIL","","","","","","PHD.OFI_18_0596A","-1","Feb 20 2015  5:41PM","","",""
"W_TB_D_05","PCC","QWAT","","","","","","PHD.OFI_18_0596B","-1","Feb 20 2015  5:41PM","","",""
"W_TB_D_05","PCC","QLIQ","","","","","","PHD.OFI_18_0596C","-1","Feb 20 2015  5:41PM","","",""
"W_TB_D_05","PCC","QGAS","","","","","","PHD.OFI_18_0596D","-1","Feb 20 2015  5:41PM","","",""
"W_TB_D_05","PCC","WC","","","","","","PHD.OFFI_18_0596A","-1","Feb 20 2015  5:41PM","","",""
"W_TB_D_05","PCC","GOR","","","","","","PHD.OFFI_18_0596B","-1","Feb 20 2015  5:41PM","","",""
"W_TB_D_05","PCC","UCP","","","","","","PHD.PZI_18_0515","-1","Feb 20 2015  5:41PM","","",""
"W_TB_D_05","PCC","UCT","","","","","","PHD.TI_18_0523","-1","Feb 20 2015  5:41PM","","",""
"W_TB_D_05","PCC","DCP","","","","","","PHD.PZI_18_0517","-1","Feb 20 2015  5:41PM","","",""
"W_TB_D_05","PCC","DCT","","","","","","PHD.TI_18_0516","-1","Feb 20 2015  5:41PM","","",""
"W_TB_D_05","PCC","UCT_CALC","","","","","","PHD.NTY_18_0596B","-1","Feb 20 2015  5:41PM","","",""
"W_TB_D_05","PCC","DCP_CALC","","","","","","PHD.NPY_18_0596C","-1","Feb 20 2015  5:41PM","","",""
"W_TB_D_05","PCC","DCT_CALC","","","","","","PHD.NTY_18_0596C","-1","Feb 20 2015  5:41PM","","",""
"W_TB_D_05","PCC","DP","","","","","","PHD.PDI_18_0506","-1","Feb 20 2015  5:41PM","","",""
"W_TB_D_05","PCC","CHOKE","","","","","","PHD.GI_18_0506A","-1","Feb 20 2015  5:41PM","","",""
"W_TB_D_05","PCC","CHOKE_CMD","","","","","","PHD.GI_18_0506B","-1","Feb 20 2015  5:41PM","","",""
"W_TB_D_05","PCC","CHOKE_CALC","","","","","","PHD.NGI_18_0506B","-1","Feb 20 2015  5:41PM","","",""
"W_TB_D_05","PCC","ERRF","","","","","","PHD.NFI_18_0596Z","-1","Feb 20 2015  5:41PM","","",""
"W_TB_D_05","PCC","MODUS","","","","","","PHD.HS_18_0506B","-1","Feb 20 2015  5:41PM","","",""
"W_TB_D_05","PCC","STATUS","","","","","","PHD.NI_18_0563","-1","Feb 20 2015  5:41PM","","",""
"W_TB_D_05","PCC","ROUTING","","","","","","PHD.GS_18_0509P","-1","Feb 20 2015  5:41PM","","",""
"W_TB_D_05","PCC","MeOH","","","","","","PHD.OFI_18_0596G","-1","Feb 20 2015  5:41PM","","",""
"W_TB_D_05","PCC","DHSVL","","","","","","PHD.GSH_18_0501","-1","Feb 20 2015  5:41PM","","",""
"W_TB_D_05","PCC","DHSVU","","","","","","PHD.GSH_18_0502","-1","Feb 20 2015  5:41PM","","",""
"W_TB_D_05","PCC","PMV","","","","","","PHD.GSH_18_0503","-1","Feb 20 2015  5:41PM","","",""
"W_TB_D_05","PCC","PWV","","","","","","PHD.GSH_18_0504","-1","Feb 20 2015  5:41PM","","",""
"W_TB_D_05","PCC","AMV","","","","","","PHD.GSH_18_0518","-1","Feb 20 2015  5:41PM","","",""
"W_TB_D_05","PCC","AWV","","","","","","PHD.GSH_18_0512","-1","Feb 20 2015  5:41PM","","",""
"W_TB_D_05","PCC","XOV","","","","","","PHD.GSH_18_0519","-1","Feb 20 2015  5:41PM","","",""
"W_TB_D_05","PCC","GLV","","","","","","PHD.GI_18_0545","-1","Feb 20 2015  5:41PM","","",""
"W_TB_D_05","PCC","PCV","","","","","","PHD.GSL_18_05_06","-1","Feb 20 2015  5:41PM","","",""
"W_TB_D_05","PCC","PFORM_CALC","","","","","","PHD.NPY_18_0596A","-1","Feb 20 2015  5:41PM","","",""
"W_TB_D_05","PCC","TFORM_CALC","","","","","","PHD.NTY_18_0596A","-1","Feb 20 2015  5:41PM","","",""
"W_TB_D_05","PCC","CHOKE_POS_PER","","","","","","PHD.GI_18_0506E","-1","Feb 20 2015  5:41PM","","",""
"W_TB_D_05","PCC","TAG_32","","","","","","PHD.OFC_18_0596A","-1","Feb 20 2015  5:41PM","","",""
"W_TB_D_05","PCC","TAG_33","","","","","","PHD.OFC_18_0596B","-1","Feb 20 2015  5:41PM","","",""
"W_TB_D_05","PCC","TAG_34","","","","","","PHD.OFC_18_0596C","-1","Feb 20 2015  5:41PM","","",""
"W_TB_D_05","PCC","TAG_35","","","","","","PHD.OFC_18_0596D","-1","Feb 20 2015  5:41PM","","",""
"W_TB_D_05","PCC","TAG_36","","","","","","PHD.OFFI_18_0596C","-1","Feb 20 2015  5:41PM","","",""
"W_TB_D_05","PCC","GROUP","","","","","","","-1","Feb 20 2015  5:41PM","","",""
"W_TB_D_05","PCC","CLUSTER","","","","","","","-1","Feb 20 2015  5:41PM","","",""
"W_TB_D_05","PCC","QOILTARGET","","","","","","PHD.UR_18_0501A_X","-1","Feb 20 2015  5:41PM","","",""
"W_TB_D_05","PCC","QOILMIN","","","","","","PHD.URL_18_0501A_X","-1","Feb 20 2015  5:41PM","","",""
"W_TB_D_05","PCC","QOILMAX","","","","","","PHD.URH_18_0501A_X","-1","Feb 20 2015  5:41PM","","",""
"W_TB_D_05","PCC","QLIQTARGET","","","","","","PHD.UR_18_0501C_X","-1","Feb 20 2015  5:41PM","","",""
"W_TB_D_05","PCC","LIQMIN","","","","","","PHD.URL_18_0501C_X","-1","Feb 20 2015  5:41PM","","",""
"W_TB_D_05","PCC","QLIQMAX","","","","","","PHD.URH_18_0501C_X","-1","Feb 20 2015  5:41PM","","",""
"W_TB_D_06","PCC","EQUIPMENT_NAME","D6","","","","","","-1","Feb 20 2015  5:41PM","","",""
"W_TB_D_06","PCC","EQUIPMENT_DESC","D6- Troll B","","","","","","-1","Feb 20 2015  5:41PM","","",""
"W_TB_D_06","PCC","QOIL","","","","","","PHD.OFI_18_0696A","-1","Feb 20 2015  5:41PM","","",""
"W_TB_D_06","PCC","QWAT","","","","","","PHD.OFI_18_0696B","-1","Feb 20 2015  5:41PM","","",""
"W_TB_D_06","PCC","QLIQ","","","","","","PHD.OFI_18_0696C","-1","Feb 20 2015  5:41PM","","",""
"W_TB_D_06","PCC","QGAS","","","","","","PHD.OFI_18_0696D","-1","Feb 20 2015  5:41PM","","",""
"W_TB_D_06","PCC","WC","","","","","","PHD.OFFI_18_0696A","-1","Feb 20 2015  5:41PM","","",""
"W_TB_D_06","PCC","GOR","","","","","","PHD.OFFI_18_0696B","-1","Feb 20 2015  5:41PM","","",""
"W_TB_D_06","PCC","UCP","","","","","","PHD.PZI_18_0615","-1","Feb 20 2015  5:41PM","","",""
"W_TB_D_06","PCC","UCT","","","","","","PHD.TI_18_0623","-1","Feb 20 2015  5:41PM","","",""
"W_TB_D_06","PCC","DCP","","","","","","PHD.PZI_18_0617","-1","Feb 20 2015  5:41PM","","",""
"W_TB_D_06","PCC","DCT","","","","","","PHD.TI_18_0616","-1","Feb 20 2015  5:41PM","","",""
"W_TB_D_06","PCC","UCP_CALC","","","","","","PHD.NPY_18_0696B","-1","Feb 20 2015  5:41PM","","",""
"W_TB_D_06","PCC","UCT_CALC","","","","","","PHD.NTY_18_0696B","-1","Feb 20 2015  5:41PM","","",""
"W_TB_D_06","PCC","DCP_CALC","","","","","","PHD.NPY_18_0696C","-1","Feb 20 2015  5:41PM","","",""
"W_TB_D_06","PCC","DCT_CALC","","","","","","PHD.NTY_18_0696C","-1","Feb 20 2015  5:41PM","","",""
"W_TB_D_06","PCC","DP","","","","","","PHD.PDI_18_0606","-1","Feb 20 2015  5:41PM","","",""
"W_TB_D_06","PCC","CHOKE","","","","","","PHD.GI_18_0606A","-1","Feb 20 2015  5:41PM","","",""
"W_TB_D_06","PCC","CHOKE_CMD","","","","","","PHD.GI_18_0606B","-1","Feb 20 2015  5:41PM","","",""
"W_TB_D_06","PCC","CHOKE_CALC","","","","","","PHD.NGI_18_0606B","-1","Feb 20 2015  5:41PM","","",""
"W_TB_D_06","PCC","ERRF","","","","","","PHD.NFI_18_0696Z","-1","Feb 20 2015  5:41PM","","",""
"W_TB_D_06","PCC","MODUS","","","","","","PHD.HS_18_0606B","-1","Feb 20 2015  5:41PM","","",""
"W_TB_D_06","PCC","STATUS","","","","","","PHD.NI_18_0663","-1","Feb 20 2015  5:41PM","","",""
"W_TB_D_06","PCC","ROUTING","","","","","","PHD.GS_18_0609P","-1","Feb 20 2015  5:41PM","","",""
"W_TB_D_06","PCC","MeOH","","","","","","PHD.OFI_18_0696G","-1","Feb 20 2015  5:41PM","","",""
"W_TB_D_06","PCC","DHSVL","","","","","","PHD.GSH_18_0601","-1","Feb 20 2015  5:41PM","","",""
"W_TB_D_06","PCC","DHSVU","","","","","","PHD.GSH_18_0602","-1","Feb 20 2015  5:41PM","","",""
"W_TB_D_06","PCC","PMV","","","","","","PHD.GSH_18_0603","-1","Feb 20 2015  5:41PM","","",""
"W_TB_D_06","PCC","PWV","","","","","","PHD.GSH_18_0604","-1","Feb 20 2015  5:41PM","","",""
"W_TB_D_06","PCC","AMV","","","","","","PHD.GSH_18_0618","-1","Feb 20 2015  5:41PM","","",""
"W_TB_D_06","PCC","AWV","","","","","","PHD.GSH_18_0612","-1","Feb 20 2015  5:41PM","","",""
"W_TB_D_06","PCC","XOV","","","","","","PHD.GSH_18_0619","-1","Feb 20 2015  5:41PM","","",""
"W_TB_D_06","PCC","GLV","","","","","","PHD.GI_18_0645","-1","Feb 20 2015  5:41PM","","",""
"W_TB_D_06","PCC","PCV","","","","","","PHD.GSL_18_06_06","-1","Feb 20 2015  5:41PM","","",""
"W_TB_D_06","PCC","PFORM_CALC","","","","","","PHD.NPY_18_0696A","-1","Feb 20 2015  5:41PM","","",""
"W_TB_D_06","PCC","TFORM_CALC","","","","","","PHD.NTY_18_0696A","-1","Feb 20 2015  5:41PM","","",""
"W_TB_D_06","PCC","CHOKE_POS_PER","","","","","","PHD.GI_18_0606E","-1","Feb 20 2015  5:41PM","","",""
"W_TB_D_06","PCC","TAG_32","","","","","","PHD.OFC_18_0696A","-1","Feb 20 2015  5:41PM","","",""
"W_TB_D_06","PCC","TAG_33","","","","","","PHD.OFC_18_0696B","-1","Feb 20 2015  5:41PM","","",""
"W_TB_D_06","PCC","TAG_34","","","","","","PHD.OFC_18_0696C","-1","Feb 20 2015  5:41PM","","",""
"W_TB_D_06","PCC","TAG_35","","","","","","PHD.OFC_18_0696D","-1","Feb 20 2015  5:41PM","","",""
"W_TB_D_06","PCC","TAG_36","","","","","","PHD.OFFI_18_0696C","-1","Feb 20 2015  5:41PM","","",""
"W_TB_D_06","PCC","GROUP","","","","","","","-1","Feb 20 2015  5:41PM","","",""
"W_TB_D_06","PCC","CLUSTER","","","","","","","-1","Feb 20 2015  5:41PM","","",""
"W_TB_D_06","PCC","QOILTARGET","","","","","","PHD.UR_18_0601A_X","-1","Feb 20 2015  5:41PM","","",""
"W_TB_D_06","PCC","QOILMIN","","","","","","PHD.URL_18_0601A_X","-1","Feb 20 2015  5:41PM","","",""
"W_TB_D_06","PCC","QOILMAX","","","","","","PHD.URH_18_0601A_X","-1","Feb 20 2015  5:41PM","","",""
"W_TB_D_06","PCC","QLIQTARGET","","","","","","PHD.UR_18_0601C_X","-1","Feb 20 2015  5:41PM","","",""
"W_TB_D_06","PCC","QLIQMAX","","","","","","PHD.URH_18_0601C_X","-1","Feb 20 2015  5:41PM","","",""
"W_TB_D_07","PCC","EQUIPMENT_NAME","D7","","","","","","-1","Feb 20 2015  5:41PM","","",""
"W_TB_D_07","PCC","EQUIPMENT_DESC","D7- Troll B","","","","","","-1","Feb 20 2015  5:41PM","","",""
"W_TB_D_07","PCC","QOIL","","","","","","PHD.OFI_18_0796A","-1","Feb 20 2015  5:41PM","","",""
"W_TB_D_07","PCC","QWAT","","","","","","PHD.OFI_18_0796B","-1","Feb 20 2015  5:41PM","","",""
"W_TB_D_07","PCC","QLIQ","","","","","","PHD.OFI_18_0796C","-1","Feb 20 2015  5:41PM","","",""
"W_TB_D_07","PCC","QGAS","","","","","","PHD.OFI_18_0796D","-1","Feb 20 2015  5:41PM","","",""
"W_TB_D_07","PCC","WC","","","","","","PHD.OFFI_18_0796A","-1","Feb 20 2015  5:41PM","","",""
"W_TB_D_07","PCC","GOR","","","","","","PHD.OFFI_18_0796B","-1","Feb 20 2015  5:41PM","","",""
"W_TB_D_07","PCC","UCP","","","","","","PHD.PZI_18_0715","-1","Feb 20 2015  5:41PM","","",""
"W_TB_D_07","PCC","UCT","","","","","","PHD.TI_18_0723","-1","Feb 20 2015  5:41PM","","",""
"W_TB_D_07","PCC","DCP","","","","","","PHD.PZI_18_0717","-1","Feb 20 2015  5:41PM","","",""
"W_TB_D_07","PCC","DCT","","","","","","PHD.TI_18_0716","-1","Feb 20 2015  5:41PM","","",""
"W_TB_D_07","PCC","UCP_CALC","","","","","","PHD.NPY_18_0796B","-1","Feb 20 2015  5:41PM","","",""
"W_TB_D_07","PCC","UCT_CALC","","","","","","PHD.NTY_18_0796B","-1","Feb 20 2015  5:41PM","","",""
"W_TB_D_07","PCC","DCP_CALC","","","","","","PHD.NPY_18_0796C","-1","Feb 20 2015  5:41PM","","",""
"W_TB_D_07","PCC","DCT_CALC","","","","","","PHD.NTY_18_0796C","-1","Feb 20 2015  5:41PM","","",""
"W_TB_D_07","PCC","DP","","","","","","PHD.PDI_18_0706","-1","Feb 20 2015  5:41PM","","",""
"W_TB_D_07","PCC","CHOKE","","","","","","PHD.GI_18_0706A","-1","Feb 20 2015  5:41PM","","",""
"W_TB_D_07","PCC","CHOKE_CMD","","","","","","PHD.GI_18_0706B","-1","Feb 20 2015  5:41PM","","",""
"W_TB_D_07","PCC","CHOKE_CALC","","","","","","PHD.NGI_18_0706B","-1","Feb 20 2015  5:41PM","","",""
"W_TB_D_07","PCC","ERRF","","","","","","PHD.NFI_18_0796Z","-1","Feb 20 2015  5:41PM","","",""
"W_TB_D_07","PCC","MODUS","","","","","","PHD.HS_18_0706B","-1","Feb 20 2015  5:41PM","","",""
"W_TB_D_07","PCC","STATUS","","","","","","PHD.NI_18_0763","-1","Feb 20 2015  5:41PM","","",""
"W_TB_D_07","PCC","ROUTING","","","","","","PHD.GS_18_0709P","-1","Feb 20 2015  5:41PM","","",""
"W_TB_D_07","PCC","MeOH","","","","","","PHD.OFI_18_0796G","-1","Feb 20 2015  5:41PM","","",""
"W_TB_D_07","PCC","DHSVL","","","","","","PHD.GSH_18_0701","-1","Feb 20 2015  5:41PM","","",""
"W_TB_D_07","PCC","DHSVU","","","","","","PHD.GSH_18_0702","-1","Feb 20 2015  5:41PM","","",""
"W_TB_D_07","PCC","PMV","","","","","","PHD.GSH_18_0703","-1","Feb 20 2015  5:41PM","","",""
"W_TB_D_07","PCC","PWV","","","","","","PHD.GSH_18_0704","-1","Feb 20 2015  5:41PM","","",""
"W_TB_D_07","PCC","AMV","","","","","","PHD.GSH_18_0718","-1","Feb 20 2015  5:41PM","","",""
"W_TB_D_07","PCC","AWV","","","","","","PHD.GSH_18_0712","-1","Feb 20 2015  5:41PM","","",""
"W_TB_D_07","PCC","XOV","","","","","","PHD.GSH_18_0719","-1","Feb 20 2015  5:41PM","","",""
"W_TB_D_07","PCC","GLV","","","","","","PHD.GI_18_0745","-1","Feb 20 2015  5:41PM","","",""
"W_TB_D_07","PCC","PCV","","","","","","PHD.GSL_18_07_06","-1","Feb 20 2015  5:41PM","","",""
"W_TB_D_07","PCC","PFORM_CALC","","","","","","PHD.NPY_18_0796A","-1","Feb 20 2015  5:41PM","","",""
"W_TB_D_07","PCC","TFORM_CALC","","","","","","PHD.NTY_18_0796A","-1","Feb 20 2015  5:41PM","","",""
"W_TB_D_07","PCC","CHOKE_POS_PER","","","","","","PHD.GI_18_0706E","-1","Feb 20 2015  5:41PM","","",""
"W_TB_D_07","PCC","TAG_32","","","","","","PHD.OFC_18_0796A","-1","Feb 20 2015  5:41PM","","",""
"W_TB_D_07","PCC","TAG_33","","","","","","PHD.OFC_18_0796B","-1","Feb 20 2015  5:41PM","","",""
"W_TB_D_07","PCC","TAG_34","","","","","","PHD.OFC_18_0796C","-1","Feb 20 2015  5:41PM","","",""
"W_TB_D_07","PCC","TAG_35","","","","","","PHD.OFC_18_0796D","-1","Feb 20 2015  5:41PM","","",""
"W_TB_D_07","PCC","TAG_36","","","","","","PHD.OFFI_18_0796C","-1","Feb 20 2015  5:41PM","","",""
"W_TB_D_07","PCC","GROUP","","","","","","","-1","Feb 20 2015  5:41PM","","",""
"W_TB_D_07","PCC","CLUSTER","","","","","","","-1","Feb 20 2015  5:41PM","","",""
"W_TB_D_07","PCC","QOILTARGET","","","","","","PHD.UR_18_0701A_X","-1","Feb 20 2015  5:41PM","","",""
"W_TB_D_07","PCC","QOILMIN","","","","","","PHD.URL_18_0701A_X","-1","Feb 20 2015  5:41PM","","",""
"W_TB_D_07","PCC","QOILMAX","","","","","","PHD.URH_18_0701A_X","-1","Feb 20 2015  5:41PM","","",""
"W_TB_D_07","PCC","QLIQTARGET","","","","","","PHD.UR_18_0701C_X","-1","Feb 20 2015  5:41PM","","",""
"W_TB_D_07","PCC","LIQMIN","","","","","","PHD.URL_18_0701C_X","-1","Feb 20 2015  5:41PM","","",""
"W_TB_D_07","PCC","QLIQMAX","","","","","","PHD.URH_18_0701C_X","-1","Feb 20 2015  5:41PM","","",""
"W_TB_D_08","PCC","EQUIPMENT_NAME","D8","","","","","","-1","Feb 20 2015  5:41PM","","",""
"W_TB_D_08","PCC","EQUIPMENT_DESC","D8- Troll B","","","","","","-1","Feb 20 2015  5:41PM","","",""
"W_TB_D_08","PCC","QOIL","","","","","","PHD.OFI_18_0896A","-1","Feb 20 2015  5:41PM","","",""
"W_TB_D_08","PCC","QWAT","","","","","","PHD.OFI_18_0896B","-1","Feb 20 2015  5:41PM","","",""
"W_TB_D_08","PCC","QLIQ","","","","","","PHD.OFI_18_0896C","-1","Feb 20 2015  5:41PM","","",""
"W_TB_D_08","PCC","QGAS","","","","","","PHD.OFI_18_0896D","-1","Feb 20 2015  5:41PM","","",""
"W_TB_D_08","PCC","WC","","","","","","PHD.OFFI_18_0896A","-1","Feb 20 2015  5:41PM","","",""
"W_TB_D_08","PCC","GOR","","","","","","PHD.OFFI_18_0896B","-1","Feb 20 2015  5:41PM","","",""
"W_TB_D_08","PCC","UCP","","","","","","PHD.PZI_18_0815","-1","Feb 20 2015  5:41PM","","",""
"W_TB_D_08","PCC","UCT","","","","","","PHD.TI_18_0823","-1","Feb 20 2015  5:41PM","","",""
"W_TB_D_08","PCC","DCP","","","","","","PHD.PZI_18_0817","-1","Feb 20 2015  5:41PM","","",""
"W_TB_D_08","PCC","DCT","","","","","","PHD.TI_18_0816","-1","Feb 20 2015  5:41PM","","",""
"W_TB_D_08","PCC","UCP_CALC","","","","","","PHD.NPY_18_0896B","-1","Feb 20 2015  5:41PM","","",""
"W_TB_D_08","PCC","UCT_CALC","","","","","","PHD.NTY_18_0896B","-1","Feb 20 2015  5:41PM","","",""
"W_TB_D_08","PCC","DCP_CALC","","","","","","PHD.NPY_18_0896C","-1","Feb 20 2015  5:41PM","","",""
"W_TB_D_08","PCC","DCT_CALC","","","","","","PHD.NTY_18_0896C","-1","Feb 20 2015  5:41PM","","",""
"W_TB_D_08","PCC","DP","","","","","","PHD.PDI_18_0806","-1","Feb 20 2015  5:41PM","","",""
"W_TB_D_08","PCC","CHOKE","","","","","","PHD.GI_18_0806A","-1","Feb 20 2015  5:41PM","","",""
"W_TB_D_08","PCC","CHOKE_CMD","","","","","","PHD.GI_18_0806B","-1","Feb 20 2015  5:41PM","","",""
"W_TB_D_08","PCC","CHOKE_CALC","","","","","","PHD.NGI_18_0806B","-1","Feb 20 2015  5:41PM","","",""
"W_TB_D_08","PCC","ERRF","","","","","","PHD.NFI_18_0896Z","-1","Feb 20 2015  5:41PM","","",""
"W_TB_D_08","PCC","MODUS","","","","","","PHD.HS_18_0806B","-1","Feb 20 2015  5:41PM","","",""
"W_TB_D_08","PCC","STATUS","","","","","","PHD.NI_18_0863","-1","Feb 20 2015  5:41PM","","",""
"W_TB_D_08","PCC","ROUTING","","","","","","PHD.GS_18_0809P","-1","Feb 20 2015  5:41PM","","",""
"W_TB_D_08","PCC","MeOH","","","","","","PHD.OFI_18_0896G","-1","Feb 20 2015  5:41PM","","",""
"W_TB_D_08","PCC","DHSVL","","","","","","PHD.GSH_18_0801","-1","Feb 20 2015  5:41PM","","",""
"W_TB_D_08","PCC","DHSVU","","","","","","PHD.GSH_18_0802","-1","Feb 20 2015  5:41PM","","",""
"W_TB_D_08","PCC","PMV","","","","","","PHD.GSH_18_0803","-1","Feb 20 2015  5:41PM","","",""
"W_TB_D_08","PCC","PWV","","","","","","PHD.GSH_18_0804","-1","Feb 20 2015  5:41PM","","",""
"W_TB_D_08","PCC","AMV","","","","","","PHD.GSH_18_0818","-1","Feb 20 2015  5:41PM","","",""
"W_TB_D_08","PCC","AWV","","","","","","PHD.GSH_18_0812","-1","Feb 20 2015  5:41PM","","",""
"W_TB_D_08","PCC","XOV","","","","","","PHD.GSH_18_0819","-1","Feb 20 2015  5:41PM","","",""
"W_TB_D_08","PCC","GLV","","","","","","PHD.GI_18_0845","-1","Feb 20 2015  5:41PM","","",""
"W_TB_D_08","PCC","PCV","","","","","","PHD.GSL_18_08_06","-1","Feb 20 2015  5:41PM","","",""
"W_TB_D_08","PCC","TFORM_CALC","","","","","","PHD.NTY_18_0896A","-1","Feb 20 2015  5:41PM","","",""
"W_TB_D_08","PCC","CHOKE_POS_PER","","","","","","PHD.GI_18_0806E","-1","Feb 20 2015  5:41PM","","",""
"W_TB_D_08","PCC","TAG_32","","","","","","PHD.OFC_18_0896A","-1","Feb 20 2015  5:41PM","","",""
"W_TB_D_08","PCC","TAG_33","","","","","","PHD.OFC_18_0896B","-1","Feb 20 2015  5:41PM","","",""
"W_TB_D_08","PCC","TAG_34","","","","","","PHD.OFC_18_0896C","-1","Feb 20 2015  5:41PM","","",""
"W_TB_D_08","PCC","TAG_35","","","","","","PHD.OFC_18_0896D","-1","Feb 20 2015  5:41PM","","",""
"W_TB_D_08","PCC","TAG_36","","","","","","PHD.OFFI_18_0896C","-1","Feb 20 2015  5:41PM","","",""
"W_TB_D_08","PCC","GROUP","","","","","","","-1","Feb 20 2015  5:41PM","","",""
"W_TB_D_08","PCC","CLUSTER","","","","","","","-1","Feb 20 2015  5:41PM","","",""
"W_TB_D_08","PCC","QOILTARGET","","","","","","PHD.UR_18_0801A_X","-1","Feb 20 2015  5:41PM","","",""
"W_TB_D_08","PCC","QOILMIN","","","","","","PHD.URL_18_0801A_X","-1","Feb 20 2015  5:41PM","","",""
"W_TB_D_08","PCC","QOILMAX","","","","","","PHD.URH_18_0801A_X","-1","Feb 20 2015  5:41PM","","",""
"W_TB_D_08","PCC","QLIQTARGET","","","","","","PHD.UR_18_0801C_X","-1","Feb 20 2015  5:41PM","","",""
"W_TB_D_08","PCC","LIQMIN","","","","","","PHD.URL_18_0801C_X","-1","Feb 20 2015  5:41PM","","",""
"W_TB_D_08","PCC","QLIQMAX","","","","","","PHD.URH_18_0801C_X","-1","Feb 20 2015  5:41PM","","",""
"W_TB_E_01","PCC","EQUIPMENT_NAME","E1","","","","","","-1","Feb 20 2015  5:41PM","","",""
"W_TB_E_01","PCC","EQUIPMENT_DESC","E1- Troll B","","","","","","-1","Feb 20 2015  5:41PM","","",""
"W_TB_E_01","PCC","QOIL","","","","","","PHD.OFI_18_0996A","-1","Feb 20 2015  5:41PM","","",""
"W_TB_E_01","PCC","QWAT","","","","","","PHD.OFI_18_0996B","-1","Feb 20 2015  5:41PM","","",""
"W_TB_E_01","PCC","QLIQ","","","","","","PHD.OFI_18_0996C","-1","Feb 20 2015  5:41PM","","",""
"W_TB_E_01","PCC","QGAS","","","","","","PHD.OFI_18_0996D","-1","Feb 20 2015  5:41PM","","",""
"W_TB_E_01","PCC","WC","","","","","","PHD.OFFI_18_0996A","-1","Feb 20 2015  5:41PM","","",""
"W_TB_E_01","PCC","GOR","","","","","","PHD.OFFI_18_0996B","-1","Feb 20 2015  5:41PM","","",""
"W_TB_E_01","PCC","UCP","","","","","","PHD.PZI_18_0915","-1","Feb 20 2015  5:41PM","","",""
"W_TB_E_01","PCC","UCT","","","","","","PHD.TI_18_0923","-1","Feb 20 2015  5:41PM","","",""
"W_TB_E_01","PCC","DCP","","","","","","PHD.PZI_18_0917","-1","Feb 20 2015  5:41PM","","",""
"W_TB_E_01","PCC","DCT","","","","","","PHD.TI_18_0916","-1","Feb 20 2015  5:41PM","","",""
"W_TB_E_01","PCC","UCP_CALC","","","","","","PHD.NPY_18_0996B","-1","Feb 20 2015  5:41PM","","",""
"W_TB_E_01","PCC","UCT_CALC","","","","","","PHD.NTY_18_0996B","-1","Feb 20 2015  5:41PM","","",""
"W_TB_E_01","PCC","DCP_CALC","","","","","","PHD.NPY_18_0996C","-1","Feb 20 2015  5:41PM","","",""
"W_TB_E_01","PCC","DCT_CALC","","","","","","PHD.NTY_18_0996C","-1","Feb 20 2015  5:41PM","","",""
"W_TB_E_01","PCC","DP","","","","","","PHD.PDI_18_0906","-1","Feb 20 2015  5:41PM","","",""
"W_TB_E_01","PCC","CHOKE","","","","","","PHD.GI_18_0906A","-1","Feb 20 2015  5:41PM","","",""
"W_TB_E_01","PCC","CHOKE_CMD","","","","","","PHD.GI_18_0906B","-1","Feb 20 2015  5:41PM","","",""
"W_TB_E_01","PCC","CHOKE_CALC","","","","","","PHD.NGI_18_0906B","-1","Feb 20 2015  5:41PM","","",""
"W_TB_E_01","PCC","ERRF","","","","","","PHD.NFI_18_0996Z","-1","Feb 20 2015  5:41PM","","",""
"W_TB_E_01","PCC","MODUS","","","","","","PHD.HS_18_0906B","-1","Feb 20 2015  5:41PM","","",""
"W_TB_E_01","PCC","STATUS","","","","","","PHD.NI_18_0963","-1","Feb 20 2015  5:41PM","","",""
"W_TB_E_01","PCC","ROUTING","","","","","","PHD.GS_18_0909P","-1","Feb 20 2015  5:41PM","","",""
"W_TB_E_01","PCC","MeOH","","","","","","PHD.OFI_18_0996G","-1","Feb 20 2015  5:41PM","","",""
"W_TB_E_01","PCC","DHSVL","","","","","","PHD.GSH_18_0901","-1","Feb 20 2015  5:41PM","","",""
"W_TB_E_01","PCC","DHSVU","","","","","","PHD.GSH_18_0902","-1","Feb 20 2015  5:41PM","","",""
"W_TB_E_01","PCC","PMV","","","","","","PHD.GSH_18_0903","-1","Feb 20 2015  5:41PM","","",""
"W_TB_E_01","PCC","PWV","","","","","","PHD.GSH_18_0904","-1","Feb 20 2015  5:41PM","","",""
"W_TB_E_01","PCC","AMV","","","","","","PHD.GSH_18_0918","-1","Feb 20 2015  5:41PM","","",""
"W_TB_E_01","PCC","AWV","","","","","","PHD.GSH_18_0912","-1","Feb 20 2015  5:41PM","","",""
"W_TB_E_01","PCC","XOV","","","","","","PHD.GSH_18_0919","-1","Feb 20 2015  5:41PM","","",""
"W_TB_E_01","PCC","GLV","","","","","","PHD.GI_18_0945","-1","Feb 20 2015  5:41PM","","",""
"W_TB_E_01","PCC","PCV","","","","","","PHD.GSL_18_09_06","-1","Feb 20 2015  5:41PM","","",""
"W_TB_E_01","PCC","PFORM_CALC","","","","","","PHD.NPY_18_0996A","-1","Feb 20 2015  5:41PM","","",""
"W_TB_E_01","PCC","TFORM_CALC","","","","","","PHD.NTY_18_0996A","-1","Feb 20 2015  5:41PM","","",""
"W_TB_E_01","PCC","CHOKE_POS_PER","","","","","","PHD.GI_18_0906E","-1","Feb 20 2015  5:41PM","","",""
"W_TB_E_01","PCC","TAG_32","","","","","","PHD.OFC_18_0996A","-1","Feb 20 2015  5:41PM","","",""
"W_TB_E_01","PCC","TAG_33","","","","","","PHD.OFC_18_0996B","-1","Feb 20 2015  5:41PM","","",""
"W_TB_E_01","PCC","TAG_34","","","","","","PHD.OFC_18_0996C","-1","Feb 20 2015  5:41PM","","",""
"W_TB_E_01","PCC","TAG_35","","","","","","PHD.OFC_18_0996D","-1","Feb 20 2015  5:41PM","","",""
"W_TB_E_01","PCC","TAG_36","","","","","","PHD.OFFI_18_0996C","-1","Feb 20 2015  5:41PM","","",""
"W_TB_E_01","PCC","GROUP","","","","","","","-1","Feb 20 2015  5:41PM","","",""
"W_TB_E_01","PCC","CLUSTER","","","","","","","-1","Feb 20 2015  5:41PM","","",""
"W_TB_E_01","PCC","QOILTARGET","","","","","","PHD.UR_18_0901A_X","-1","Feb 20 2015  5:41PM","","",""
"W_TB_E_01","PCC","QOILMIN","","","","","","PHD.URL_18_0901A_X","-1","Feb 20 2015  5:41PM","","",""
"W_TB_E_01","PCC","QOILMAX","","","","","","PHD.URH_18_0901A_X","-1","Feb 20 2015  5:41PM","","",""
"W_TB_E_01","PCC","QLIQTARGET","","","","","","PHD.UR_18_0901C_X","-1","Feb 20 2015  5:41PM","","",""
"W_TB_E_01","PCC","LIQMIN","","","","","","PHD.URL_18_0901C_X","-1","Feb 20 2015  5:41PM","","",""
"W_TB_E_01","PCC","QLIQMAX","","","","","","PHD.URH_18_0901C_X","-1","Feb 20 2015  5:41PM","","",""
"W_TB_E_02","PCC","EQUIPMENT_NAME","E2","","","","","","-1","Feb 20 2015  5:41PM","","",""
"W_TB_E_02","PCC","EQUIPMENT_DESC","E2- Troll B","","","","","","-1","Feb 20 2015  5:41PM","","",""
"W_TB_E_02","PCC","QOIL","","","","","","PHD.OFI_18_1096A","-1","Feb 20 2015  5:41PM","","",""
"W_TB_E_02","PCC","QWAT","","","","","","PHD.OFI_18_1096B","-1","Feb 20 2015  5:41PM","","",""
"W_TB_E_02","PCC","QLIQ","","","","","","PHD.OFI_18_1096C","-1","Feb 20 2015  5:41PM","","",""
"W_TB_E_02","PCC","QGAS","","","","","","PHD.OFI_18_1096D","-1","Feb 20 2015  5:41PM","","",""
"W_TB_E_02","PCC","WC","","","","","","PHD.OFFI_18_1096A","-1","Feb 20 2015  5:41PM","","",""
"W_TB_E_02","PCC","GOR","","","","","","PHD.OFFI_18_1096B","-1","Feb 20 2015  5:41PM","","",""
"W_TB_E_02","PCC","UCP","","","","","","PHD.PZI_18_1015","-1","Feb 20 2015  5:41PM","","",""
"W_TB_E_02","PCC","UCT","","","","","","PHD.TI_18_1023","-1","Feb 20 2015  5:41PM","","",""
"W_TB_E_02","PCC","DCP","","","","","","PHD.PZI_18_1017","-1","Feb 20 2015  5:41PM","","",""
"W_TB_E_02","PCC","DCT","","","","","","PHD.TI_18_1016","-1","Feb 20 2015  5:41PM","","",""
"W_TB_E_02","PCC","UCP_CALC","","","","","","PHD.NPY_18_1096B","-1","Feb 20 2015  5:41PM","","",""
"W_TB_E_02","PCC","UCT_CALC","","","","","","PHD.NTY_18_1096B","-1","Feb 20 2015  5:41PM","","",""
"W_TB_E_02","PCC","DCP_CALC","","","","","","PHD.NPY_18_1096C","-1","Feb 20 2015  5:41PM","","",""
"W_TB_E_02","PCC","DCT_CALC","","","","","","PHD.NTY_18_1096C","-1","Feb 20 2015  5:41PM","","",""
"W_TB_E_02","PCC","DP","","","","","","PHD.PDI_18_1006","-1","Feb 20 2015  5:41PM","","",""
"W_TB_E_02","PCC","CHOKE","","","","","","PHD.GI_18_1006A","-1","Feb 20 2015  5:41PM","","",""
"W_TB_E_02","PCC","CHOKE_CMD","","","","","","PHD.GI_18_1006B","-1","Feb 20 2015  5:41PM","","",""
"W_TB_E_02","PCC","CHOKE_CALC","","","","","","PHD.NGI_18_1006B","-1","Feb 20 2015  5:41PM","","",""
"W_TB_E_02","PCC","MODUS","","","","","","PHD.HS_18_1006B","-1","Feb 20 2015  5:41PM","","",""
"W_TB_E_02","PCC","STATUS","","","","","","PHD.NI_18_1063","-1","Feb 20 2015  5:41PM","","",""
"W_TB_E_02","PCC","ROUTING","","","","","","PHD.GS_18_1009P","-1","Feb 20 2015  5:41PM","","",""
"W_TB_E_02","PCC","MeOH","","","","","","PHD.OFI_18_1096G","-1","Feb 20 2015  5:41PM","","",""
"W_TB_E_02","PCC","DHSVL","","","","","","PHD.GSH_18_1001","-1","Feb 20 2015  5:41PM","","",""
"W_TB_E_02","PCC","DHSVU","","","","","","PHD.GSH_18_1002","-1","Feb 20 2015  5:41PM","","",""
"W_TB_E_02","PCC","PMV","","","","","","PHD.GSH_18_1003","-1","Feb 20 2015  5:41PM","","",""
"W_TB_E_02","PCC","PWV","","","","","","PHD.GSH_18_1004","-1","Feb 20 2015  5:41PM","","",""
"W_TB_E_02","PCC","AMV","","","","","","PHD.GSH_18_1018","-1","Feb 20 2015  5:41PM","","",""
"W_TB_E_02","PCC","AWV","","","","","","PHD.GSH_18_1012","-1","Feb 20 2015  5:41PM","","",""
"W_TB_E_02","PCC","XOV","","","","","","PHD.GSH_18_1019","-1","Feb 20 2015  5:41PM","","",""
"W_TB_E_02","PCC","GLV","","","","","","PHD.NULL","-1","Feb 20 2015  5:41PM","","",""
"W_TB_E_02","PCC","PCV","","","","","","PHD.GSL_18_10_06","-1","Feb 20 2015  5:41PM","","",""
"W_TB_E_02","PCC","PFORM_CALC","","","","","","PHD.NPY_18_1096A","-1","Feb 20 2015  5:41PM","","",""
"W_TB_E_02","PCC","TFORM_CALC","","","","","","PHD.NTY_18_1096A","-1","Feb 20 2015  5:41PM","","",""
"W_TB_E_02","PCC","CHOKE_POS_PER","","","","","","PHD.GI_18_1006E","-1","Feb 20 2015  5:41PM","","",""
"W_TB_E_02","PCC","TAG_32","","","","","","PHD.OFC_18_1096A","-1","Feb 20 2015  5:41PM","","",""
"W_TB_E_02","PCC","TAG_33","","","","","","PHD.OFC_18_1096B","-1","Feb 20 2015  5:41PM","","",""
"W_TB_E_02","PCC","TAG_34","","","","","","PHD.OFC_18_1096C","-1","Feb 20 2015  5:41PM","","",""
"W_TB_E_02","PCC","TAG_35","","","","","","PHD.OFC_18_1096D","-1","Feb 20 2015  5:41PM","","",""
"W_TB_E_02","PCC","TAG_36","","","","","","PHD.OFFI_18_1096C","-1","Feb 20 2015  5:41PM","","",""
"W_TB_E_02","PCC","GROUP","","","","","","","-1","Feb 20 2015  5:41PM","","",""
"W_TB_E_02","PCC","CLUSTER","","","","","","","-1","Feb 20 2015  5:41PM","","",""
"W_TB_E_02","PCC","QOILTARGET","","","","","","PHD.UR_18_1001A_X","-1","Feb 20 2015  5:41PM","","",""
"W_TB_E_02","PCC","QOILMIN","","","","","","PHD.URL_18_1001A_X","-1","Feb 20 2015  5:41PM","","",""
"W_TB_E_02","PCC","QOILMAX","","","","","","PHD.URH_18_1001A_X","-1","Feb 20 2015  5:41PM","","",""
"W_TB_E_02","PCC","QLIQTARGET","","","","","","PHD.UR_18_1001C_X","-1","Feb 20 2015  5:41PM","","",""
"W_TB_E_02","PCC","LIQMIN","","","","","","PHD.URL_18_1001C_X","-1","Feb 20 2015  5:41PM","","",""
"W_TB_E_02","PCC","QLIQMAX","","","","","","PHD.URH_18_1001C_X","-1","Feb 20 2015  5:41PM","","",""
"W_TB_E_03","PCC","EQUIPMENT_NAME","E3","","","","","","-1","Feb 20 2015  5:41PM","","",""
"W_TB_E_03","PCC","EQUIPMENT_DESC","E3- Troll B","","","","","","-1","Feb 20 2015  5:41PM","","",""
"W_TB_E_03","PCC","QOIL","","","","","","PHD.OFI_18_1196A","-1","Feb 20 2015  5:41PM","","",""
"W_TB_E_03","PCC","QWAT","","","","","","PHD.OFI_18_1196B","-1","Feb 20 2015  5:41PM","","",""
"W_TB_E_03","PCC","QLIQ","","","","","","PHD.OFI_18_1196C","-1","Feb 20 2015  5:41PM","","",""
"W_TB_E_03","PCC","QGAS","","","","","","PHD.OFI_18_1196D","-1","Feb 20 2015  5:41PM","","",""
"W_TB_E_03","PCC","WC","","","","","","PHD.OFFI_18_1196A","-1","Feb 20 2015  5:41PM","","",""
"W_TB_E_03","PCC","GOR","","","","","","PHD.OFFI_18_1196B","-1","Feb 20 2015  5:41PM","","",""
"W_TB_E_03","PCC","UCP","","","","","","PHD.PZI_18_1115","-1","Feb 20 2015  5:41PM","","",""
"W_TB_E_03","PCC","UCT","","","","","","PHD.TI_18_1123","-1","Feb 20 2015  5:41PM","","",""
"W_TB_E_03","PCC","DCP","","","","","","PHD.PZI_18_1117","-1","Feb 20 2015  5:41PM","","",""
"W_TB_E_03","PCC","DCT","","","","","","PHD.TI_18_1116","-1","Feb 20 2015  5:41PM","","",""
"W_TB_E_03","PCC","UCP_CALC","","","","","","PHD.NPY_18_1196B","-1","Feb 20 2015  5:41PM","","",""
"W_TB_E_03","PCC","UCT_CALC","","","","","","PHD.NTY_18_1196B","-1","Feb 20 2015  5:41PM","","",""
"W_TB_E_03","PCC","DCP_CALC","","","","","","PHD.NPY_18_1196C","-1","Feb 20 2015  5:41PM","","",""
"W_TB_E_03","PCC","DCT_CALC","","","","","","PHD.NTY_18_1196C","-1","Feb 20 2015  5:41PM","","",""
"W_TB_E_03","PCC","DP","","","","","","PHD.PDI_18_1106","-1","Feb 20 2015  5:41PM","","",""
"W_TB_E_03","PCC","CHOKE","","","","","","PHD.GI_18_1106A","-1","Feb 20 2015  5:41PM","","",""
"W_TB_E_03","PCC","CHOKE_CMD","","","","","","PHD.GI_18_1106B","-1","Feb 20 2015  5:41PM","","",""
"W_TB_E_03","PCC","CHOKE_CALC","","","","","","PHD.NGI_18_1106B","-1","Feb 20 2015  5:41PM","","",""
"W_TB_E_03","PCC","ERRF","","","","","","PHD.NFI_18_1196Z","-1","Feb 20 2015  5:41PM","","",""
"W_TB_E_03","PCC","MODUS","","","","","","PHD.HS_18_1106B","-1","Feb 20 2015  5:41PM","","",""
"W_TB_E_03","PCC","STATUS","","","","","","PHD.NI_18_1163","-1","Feb 20 2015  5:41PM","","",""
"W_TB_E_03","PCC","ROUTING","","","","","","PHD.GS_18_1109P","-1","Feb 20 2015  5:41PM","","",""
"W_TB_E_03","PCC","MeOH","","","","","","PHD.OFI_18_1196G","-1","Feb 20 2015  5:41PM","","",""
"W_TB_E_03","PCC","DHSVL","","","","","","PHD.GSH_18_1101","-1","Feb 20 2015  5:41PM","","",""
"W_TB_E_03","PCC","DHSVU","","","","","","PHD.GSH_18_1102","-1","Feb 20 2015  5:41PM","","",""
"W_TB_E_03","PCC","PMV","","","","","","PHD.GSH_18_1103","-1","Feb 20 2015  5:41PM","","",""
"W_TB_E_03","PCC","PWV","","","","","","PHD.GSH_18_1104","-1","Feb 20 2015  5:41PM","","",""
"W_TB_E_03","PCC","AMV","","","","","","PHD.GSH_18_1118","-1","Feb 20 2015  5:41PM","","",""
"W_TB_E_03","PCC","AWV","","","","","","PHD.GSH_18_1112","-1","Feb 20 2015  5:41PM","","",""
"W_TB_E_03","PCC","XOV","","","","","","PHD.GSH_18_1119","-1","Feb 20 2015  5:41PM","","",""
"W_TB_E_03","PCC","GLV","","","","","","PHD.GI_18_1145","-1","Feb 20 2015  5:41PM","","",""
"W_TB_E_03","PCC","PCV","","","","","","PHD.GSL_18_11_06","-1","Feb 20 2015  5:41PM","","",""
"W_TB_E_03","PCC","PFORM_CALC","","","","","","PHD.NPY_18_1196A","-1","Feb 20 2015  5:41PM","","",""
"W_TB_E_03","PCC","TFORM_CALC","","","","","","PHD.NTY_18_1196A","-1","Feb 20 2015  5:41PM","","",""
"W_TB_E_03","PCC","CHOKE_POS_PER","","","","","","PHD.GI_18_1106E","-1","Feb 20 2015  5:41PM","","",""
"W_TB_E_03","PCC","TAG_32","","","","","","PHD.OFC_18_1196A","-1","Feb 20 2015  5:41PM","","",""
"W_TB_E_03","PCC","TAG_33","","","","","","PHD.OFC_18_1196B","-1","Feb 20 2015  5:41PM","","",""
"W_TB_E_03","PCC","TAG_34","","","","","","PHD.OFC_18_1196C","-1","Feb 20 2015  5:41PM","","",""
"W_TB_E_03","PCC","TAG_35","","","","","","PHD.OFC_18_1196D","-1","Feb 20 2015  5:41PM","","",""
"W_TB_E_03","PCC","TAG_36","","","","","","PHD.OFFI_18_1196C","-1","Feb 20 2015  5:41PM","","",""
"W_TB_E_03","PCC","GROUP","","","","","","","-1","Feb 20 2015  5:41PM","","",""
"W_TB_E_03","PCC","CLUSTER","","","","","","","-1","Feb 20 2015  5:41PM","","",""
"W_TB_E_03","PCC","QOILTARGET","","","","","","PHD.UR_18_1101A_X","-1","Feb 20 2015  5:41PM","","",""
"W_TB_E_03","PCC","QOILMIN","","","","","","PHD.URL_18_1101A_X","-1","Feb 20 2015  5:41PM","","",""
"W_TB_E_03","PCC","QOILMAX","","","","","","PHD.URH_18_1101A_X","-1","Feb 20 2015  5:41PM","","",""
"W_TB_E_03","PCC","QLIQTARGET","","","","","","PHD.UR_18_1101C_X","-1","Feb 20 2015  5:41PM","","",""
"W_TB_E_03","PCC","LIQMIN","","","","","","PHD.URL_18_1101C_X","-1","Feb 20 2015  5:41PM","","",""
"W_TB_E_03","PCC","QLIQMAX","","","","","","PHD.URH_18_1101C_X","-1","Feb 20 2015  5:41PM","","",""
"W_TB_E_04","PCC","EQUIPMENT_NAME","E4","","","","","","-1","Feb 20 2015  5:41PM","","",""
"W_TB_E_04","PCC","EQUIPMENT_DESC","E4- Troll B","","","","","","-1","Feb 20 2015  5:41PM","","",""
"W_TB_E_04","PCC","QOIL","","","","","","PHD.OFI_18_1296A","-1","Feb 20 2015  5:41PM","","",""
"W_TB_E_04","PCC","QWAT","","","","","","PHD.OFI_18_1296B","-1","Feb 20 2015  5:41PM","","",""
"W_TB_E_04","PCC","QLIQ","","","","","","PHD.OFI_18_1296C","-1","Feb 20 2015  5:41PM","","",""
"W_TB_E_04","PCC","QGAS","","","","","","PHD.OFI_18_1296D","-1","Feb 20 2015  5:41PM","","",""
"W_TB_E_04","PCC","GOR","","","","","","PHD.OFFI_18_1296B","-1","Feb 20 2015  5:41PM","","",""
"W_TB_E_04","PCC","UCP","","","","","","PHD.PZI_18_1215","-1","Feb 20 2015  5:41PM","","",""
"W_TB_E_04","PCC","UCT","","","","","","PHD.TI_18_1223","-1","Feb 20 2015  5:41PM","","",""
"W_TB_E_04","PCC","DCP","","","","","","PHD.PZI_18_1217","-1","Feb 20 2015  5:41PM","","",""
"W_TB_E_04","PCC","DCT","","","","","","PHD.TI_18_1216","-1","Feb 20 2015  5:41PM","","",""
"W_TB_E_04","PCC","UCP_CALC","","","","","","PHD.NPY_18_1296B","-1","Feb 20 2015  5:41PM","","",""
"W_TB_E_04","PCC","UCT_CALC","","","","","","PHD.NTY_18_1296B","-1","Feb 20 2015  5:41PM","","",""
"W_TB_E_04","PCC","DCP_CALC","","","","","","PHD.NPY_18_1296C","-1","Feb 20 2015  5:41PM","","",""
"W_TB_E_04","PCC","DCT_CALC","","","","","","PHD.NTY_18_1296C","-1","Feb 20 2015  5:41PM","","",""
"W_TB_E_04","PCC","DP","","","","","","PHD.PDI_18_1206","-1","Feb 20 2015  5:41PM","","",""
"W_TB_E_04","PCC","CHOKE","","","","","","PHD.GI_18_1206A","-1","Feb 20 2015  5:41PM","","",""
"W_TB_E_04","PCC","CHOKE_CMD","","","","","","PHD.GI_18_1206B","-1","Feb 20 2015  5:41PM","","",""
"W_TB_E_04","PCC","CHOKE_CALC","","","","","","PHD.NGI_18_1206B","-1","Feb 20 2015  5:41PM","","",""
"W_TB_E_04","PCC","ERRF","","","","","","PHD.NFI_18_1296Z","-1","Feb 20 2015  5:41PM","","",""
"W_TB_E_04","PCC","MODUS","","","","","","PHD.HS_18_1206B","-1","Feb 20 2015  5:41PM","","",""
"W_TB_E_04","PCC","STATUS","","","","","","PHD.NI_18_1263","-1","Feb 20 2015  5:41PM","","",""
"W_TB_E_04","PCC","ROUTING","","","","","","PHD.GS_18_1209P","-1","Feb 20 2015  5:41PM","","",""
"W_TB_E_04","PCC","MeOH","","","","","","PHD.OFI_18_1296G","-1","Feb 20 2015  5:41PM","","",""
"W_TB_E_04","PCC","DHSVL","","","","","","PHD.GSH_18_1201","-1","Feb 20 2015  5:41PM","","",""
"W_TB_E_04","PCC","DHSVU","","","","","","PHD.GSH_18_1202","-1","Feb 20 2015  5:41PM","","",""
"W_TB_E_04","PCC","PMV","","","","","","PHD.GSH_18_1203","-1","Feb 20 2015  5:41PM","","",""
"W_TB_E_04","PCC","PWV","","","","","","PHD.GSH_18_1204","-1","Feb 20 2015  5:41PM","","",""
"W_TB_E_04","PCC","AMV","","","","","","PHD.GSH_18_1218","-1","Feb 20 2015  5:41PM","","",""
"W_TB_E_04","PCC","AWV","","","","","","PHD.GSH_18_1212","-1","Feb 20 2015  5:41PM","","",""
"W_TB_E_04","PCC","XOV","","","","","","PHD.GSH_18_1219","-1","Feb 20 2015  5:41PM","","",""
"W_TB_E_04","PCC","GLV","","","","","","PHD.GI_18_1245","-1","Feb 20 2015  5:41PM","","",""
"W_TB_E_04","PCC","PCV","","","","","","PHD.GSL_18_12_06","-1","Feb 20 2015  5:41PM","","",""
"W_TB_E_04","PCC","PFORM_CALC","","","","","","PHD.NPY_18_1296A","-1","Feb 20 2015  5:41PM","","",""
"W_TB_E_04","PCC","TFORM_CALC","","","","","","PHD.NTY_18_1296A","-1","Feb 20 2015  5:41PM","","",""
"W_TB_E_04","PCC","CHOKE_POS_PER","","","","","","PHD.GI_18_1206E","-1","Feb 20 2015  5:41PM","","",""
"W_TB_E_04","PCC","TAG_32","","","","","","PHD.OFC_18_1296A","-1","Feb 20 2015  5:41PM","","",""
"W_TB_E_04","PCC","TAG_33","","","","","","PHD.OFC_18_1296B","-1","Feb 20 2015  5:41PM","","",""
"W_TB_E_04","PCC","TAG_34","","","","","","PHD.OFC_18_1296C","-1","Feb 20 2015  5:41PM","","",""
"W_TB_E_04","PCC","TAG_35","","","","","","PHD.OFC_18_1296D","-1","Feb 20 2015  5:41PM","","",""
"W_TB_E_04","PCC","TAG_36","","","","","","PHD.OFFI_18_1296C","-1","Feb 20 2015  5:41PM","","",""
"W_TB_E_04","PCC","GROUP","","","","","","","-1","Feb 20 2015  5:41PM","","",""
"W_TB_E_04","PCC","CLUSTER","","","","","","","-1","Feb 20 2015  5:41PM","","",""
"W_TB_E_04","PCC","QOILTARGET","","","","","","PHD.UR_18_1201A_X","-1","Feb 20 2015  5:41PM","","",""
"W_TB_E_04","PCC","QOILMIN","","","","","","PHD.URL_18_1201A_X","-1","Feb 20 2015  5:41PM","","",""
"W_TB_E_04","PCC","QOILMAX","","","","","","PHD.URH_18_1201A_X","-1","Feb 20 2015  5:41PM","","",""
"W_TB_E_04","PCC","QLIQTARGET","","","","","","PHD.UR_18_1201C_X","-1","Feb 20 2015  5:41PM","","",""
"W_TB_E_04","PCC","LIQMIN","","","","","","PHD.URL_18_1201C_X","-1","Feb 20 2015  5:41PM","","",""
"W_TB_E_04","PCC","QLIQMAX","","","","","","PHD.URH_18_1201C_X","-1","Feb 20 2015  5:41PM","","",""
"W_TB_E_05","PCC","EQUIPMENT_NAME","E5","","","","","","-1","Feb 20 2015  5:41PM","","",""
"W_TB_E_05","PCC","EQUIPMENT_DESC","E5- Troll B","","","","","","-1","Feb 20 2015  5:41PM","","",""
"W_TB_E_05","PCC","QOIL","","","","","","PHD.OFI_18_1396A","-1","Feb 20 2015  5:41PM","","",""
"W_TB_E_05","PCC","QWAT","","","","","","PHD.OFI_18_1396B","-1","Feb 20 2015  5:41PM","","",""
"W_TB_E_05","PCC","QLIQ","","","","","","PHD.OFI_18_1396C","-1","Feb 20 2015  5:41PM","","",""
"W_TB_E_05","PCC","QGAS","","","","","","PHD.OFI_18_1396D","-1","Feb 20 2015  5:41PM","","",""
"W_TB_E_05","PCC","WC","","","","","","PHD.OFFI_18_1396A","-1","Feb 20 2015  5:41PM","","",""
"W_TB_E_05","PCC","GOR","","","","","","PHD.OFFI_18_1396B","-1","Feb 20 2015  5:41PM","","",""
"W_TB_E_05","PCC","UCP","","","","","","PHD.PZI_18_1315","-1","Feb 20 2015  5:41PM","","",""
"W_TB_E_05","PCC","UCT","","","","","","PHD.TI_18_1323","-1","Feb 20 2015  5:41PM","","",""
"W_TB_E_05","PCC","DCP","","","","","","PHD.PZI_18_1317","-1","Feb 20 2015  5:41PM","","",""
"W_TB_E_05","PCC","DCT","","","","","","PHD.TI_18_1316","-1","Feb 20 2015  5:41PM","","",""
"W_TB_E_05","PCC","UCP_CALC","","","","","","PHD.NPY_18_1396B","-1","Feb 20 2015  5:41PM","","",""
"W_TB_E_05","PCC","UCT_CALC","","","","","","PHD.NTY_18_1396B","-1","Feb 20 2015  5:41PM","","",""
"W_TB_E_05","PCC","DCP_CALC","","","","","","PHD.NPY_18_1396C","-1","Feb 20 2015  5:41PM","","",""
"W_TB_E_05","PCC","DCT_CALC","","","","","","PHD.NTY_18_1396C","-1","Feb 20 2015  5:41PM","","",""
"W_TB_E_05","PCC","DP","","","","","","PHD.PDI_18_1306","-1","Feb 20 2015  5:41PM","","",""
"W_TB_E_05","PCC","CHOKE","","","","","","PHD.GI_18_1306A","-1","Feb 20 2015  5:41PM","","",""
"W_TB_E_05","PCC","CHOKE_CMD","","","","","","PHD.GI_18_1306B","-1","Feb 20 2015  5:41PM","","",""
"W_TB_E_05","PCC","CHOKE_CALC","","","","","","PHD.NGI_18_1306B","-1","Feb 20 2015  5:41PM","","",""
"W_TB_E_05","PCC","ERRF","","","","","","PHD.NFI_18_1396Z","-1","Feb 20 2015  5:41PM","","",""
"W_TB_E_05","PCC","MODUS","","","","","","PHD.HS_18_1306B","-1","Feb 20 2015  5:41PM","","",""
"W_TB_E_05","PCC","STATUS","","","","","","PHD.NI_18_1363","-1","Feb 20 2015  5:41PM","","",""
"W_TB_E_05","PCC","ROUTING","","","","","","PHD.GS_18_1309P","-1","Feb 20 2015  5:41PM","","",""
"W_TB_E_05","PCC","MeOH","","","","","","PHD.OFI_18_1396G","-1","Feb 20 2015  5:41PM","","",""
"W_TB_E_05","PCC","DHSVL","","","","","","PHD.GSH_18_1301","-1","Feb 20 2015  5:41PM","","",""
"W_TB_E_05","PCC","DHSVU","","","","","","PHD.GSH_18_1302","-1","Feb 20 2015  5:41PM","","",""
"W_TB_E_05","PCC","PMV","","","","","","PHD.GSH_18_1303","-1","Feb 20 2015  5:41PM","","",""
"W_TB_E_05","PCC","PWV","","","","","","PHD.GSH_18_1304","-1","Feb 20 2015  5:41PM","","",""
"W_TB_E_05","PCC","AMV","","","","","","PHD.GSH_18_1318","-1","Feb 20 2015  5:41PM","","",""
"W_TB_E_05","PCC","AWV","","","","","","PHD.GSH_18_1312","-1","Feb 20 2015  5:41PM","","",""
"W_TB_E_05","PCC","XOV","","","","","","PHD.GSH_18_1319","-1","Feb 20 2015  5:41PM","","",""
"W_TB_E_05","PCC","GLV","","","","","","PHD.GI_18_1345","-1","Feb 20 2015  5:41PM","","",""
"W_TB_E_05","PCC","PCV","","","","","","PHD.GSL_18_13_06","-1","Feb 20 2015  5:41PM","","",""
"W_TB_E_05","PCC","PFORM_CALC","","","","","","PHD.NPY_18_1396A","-1","Feb 20 2015  5:41PM","","",""
"W_TB_E_05","PCC","TFORM_CALC","","","","","","PHD.NTY_18_1396A","-1","Feb 20 2015  5:41PM","","",""
"W_TB_E_05","PCC","CHOKE_POS_PER","","","","","","PHD.GI_18_1306E","-1","Feb 20 2015  5:41PM","","",""
"W_TB_E_05","PCC","TAG_32","","","","","","PHD.OFC_18_1396A","-1","Feb 20 2015  5:41PM","","",""
"W_TB_E_05","PCC","TAG_33","","","","","","PHD.OFC_18_1396B","-1","Feb 20 2015  5:41PM","","",""
"W_TB_E_05","PCC","TAG_34","","","","","","PHD.OFC_18_1396C","-1","Feb 20 2015  5:41PM","","",""
"W_TB_E_05","PCC","TAG_35","","","","","","PHD.OFC_18_1396D","-1","Feb 20 2015  5:41PM","","",""
"W_TB_E_05","PCC","TAG_36","","","","","","PHD.OFFI_18_1396C","-1","Feb 20 2015  5:41PM","","",""
"W_TB_E_05","PCC","CLUSTER","","","","","","","-1","Feb 20 2015  5:41PM","","",""
"W_TB_E_05","PCC","QOILTARGET","","","","","","PHD.UR_18_1301A_X","-1","Feb 20 2015  5:41PM","","",""
"W_TB_E_05","PCC","QOILMIN","","","","","","PHD.URL_18_1301A_X","-1","Feb 20 2015  5:41PM","","",""
"W_TB_E_05","PCC","QOILMAX","","","","","","PHD.URH_18_1301A_X","-1","Feb 20 2015  5:41PM","","",""
"W_TB_E_05","PCC","QLIQTARGET","","","","","","PHD.UR_18_1301C_X","-1","Feb 20 2015  5:41PM","","",""
"W_TB_E_05","PCC","LIQMIN","","","","","","PHD.URL_18_1301C_X","-1","Feb 20 2015  5:41PM","","",""
"W_TB_E_05","PCC","QLIQMAX","","","","","","PHD.URH_18_1301C_X","-1","Feb 20 2015  5:41PM","","",""
"W_TB_E_06","PCC","EQUIPMENT_NAME","E6","","","","","","-1","Feb 20 2015  5:41PM","","",""
"W_TB_E_06","PCC","EQUIPMENT_DESC","E6- Troll B","","","","","","-1","Feb 20 2015  5:41PM","","",""
"W_TB_E_06","PCC","QOIL","","","","","","PHD.OFI_18_1496A","-1","Feb 20 2015  5:41PM","","",""
"W_TB_E_06","PCC","QWAT","","","","","","PHD.OFI_18_1496B","-1","Feb 20 2015  5:41PM","","",""
"W_TB_E_06","PCC","QLIQ","","","","","","PHD.OFI_18_1496C","-1","Feb 20 2015  5:41PM","","",""
"W_TB_E_06","PCC","QGAS","","","","","","PHD.OFI_18_1496D","-1","Feb 20 2015  5:41PM","","",""
"W_TB_E_06","PCC","WC","","","","","","PHD.OFFI_18_1496A","-1","Feb 20 2015  5:41PM","","",""
"W_TB_E_06","PCC","GOR","","","","","","PHD.OFFI_18_1496B","-1","Feb 20 2015  5:41PM","","",""
"W_TB_E_06","PCC","UCP","","","","","","PHD.PZI_18_1415","-1","Feb 20 2015  5:41PM","","",""
"W_TB_E_06","PCC","UCT","","","","","","PHD.TI_18_1423","-1","Feb 20 2015  5:41PM","","",""
"W_TB_E_06","PCC","DCP","","","","","","PHD.PZI_18_1417","-1","Feb 20 2015  5:41PM","","",""
"W_TB_E_06","PCC","DCT","","","","","","PHD.TI_18_1416","-1","Feb 20 2015  5:41PM","","",""
"W_TB_E_06","PCC","UCP_CALC","","","","","","PHD.NPY_18_1496B","-1","Feb 20 2015  5:41PM","","",""
"W_TB_E_06","PCC","UCT_CALC","","","","","","PHD.NTY_18_1496B","-1","Feb 20 2015  5:41PM","","",""
"W_TB_E_06","PCC","DCP_CALC","","","","","","PHD.NPY_18_1496C","-1","Feb 20 2015  5:41PM","","",""
"W_TB_E_06","PCC","DCT_CALC","","","","","","PHD.NTY_18_1496C","-1","Feb 20 2015  5:41PM","","",""
"W_TB_E_06","PCC","DP","","","","","","PHD.PDI_18_1406","-1","Feb 20 2015  5:41PM","","",""
"W_TB_E_06","PCC","CHOKE","","","","","","PHD.GI_18_1406A","-1","Feb 20 2015  5:41PM","","",""
"W_TB_E_06","PCC","CHOKE_CMD","","","","","","PHD.GI_18_1406B","-1","Feb 20 2015  5:41PM","","",""
"W_TB_E_06","PCC","CHOKE_CALC","","","","","","PHD.NGI_18_1406B","-1","Feb 20 2015  5:41PM","","",""
"W_TB_E_06","PCC","ERRF","","","","","","PHD.NFI_18_1496Z","-1","Feb 20 2015  5:41PM","","",""
"W_TB_E_06","PCC","MODUS","","","","","","PHD.HS_18_1406B","-1","Feb 20 2015  5:41PM","","",""
"W_TB_E_06","PCC","STATUS","","","","","","PHD.NI_18_1463","-1","Feb 20 2015  5:41PM","","",""
"W_TB_E_06","PCC","ROUTING","","","","","","PHD.GS_18_1409P","-1","Feb 20 2015  5:41PM","","",""
"W_TB_E_06","PCC","MeOH","","","","","","PHD.OFI_18_1496G","-1","Feb 20 2015  5:41PM","","",""
"W_TB_E_06","PCC","DHSVL","","","","","","PHD.GSH_18_1401","-1","Feb 20 2015  5:41PM","","",""
"W_TB_E_06","PCC","DHSVU","","","","","","PHD.GSH_18_1402","-1","Feb 20 2015  5:41PM","","",""
"W_TB_E_06","PCC","PMV","","","","","","PHD.GSH_18_1403","-1","Feb 20 2015  5:41PM","","",""
"W_TB_E_06","PCC","PWV","","","","","","PHD.GSH_18_1404","-1","Feb 20 2015  5:41PM","","",""
"W_TB_E_06","PCC","AMV","","","","","","PHD.GSH_18_1418","-1","Feb 20 2015  5:41PM","","",""
"W_TB_E_06","PCC","AWV","","","","","","PHD.GSH_18_1412","-1","Feb 20 2015  5:41PM","","",""
"W_TB_E_06","PCC","XOV","","","","","","PHD.GSH_18_1419","-1","Feb 20 2015  5:41PM","","",""
"W_TB_E_06","PCC","GLV","","","","","","PHD.GI_18_1445","-1","Feb 20 2015  5:41PM","","",""
"W_TB_E_06","PCC","PCV","","","","","","PHD.GSL_18_14_06","-1","Feb 20 2015  5:41PM","","",""
"W_TB_E_06","PCC","PFORM_CALC","","","","","","PHD.NPY_18_1496A","-1","Feb 20 2015  5:41PM","","",""
"W_TB_E_06","PCC","TFORM_CALC","","","","","","PHD.NTY_18_1496A","-1","Feb 20 2015  5:41PM","","",""
"W_TB_E_06","PCC","CHOKE_POS_PER","","","","","","PHD.GI_18_1406E","-1","Feb 20 2015  5:41PM","","",""
"W_TB_E_06","PCC","TAG_32","","","","","","PHD.OFC_18_1496A","-1","Feb 20 2015  5:41PM","","",""
"W_TB_E_06","PCC","TAG_33","","","","","","PHD.OFC_18_1496B","-1","Feb 20 2015  5:41PM","","",""
"W_TB_E_06","PCC","TAG_34","","","","","","PHD.OFC_18_1496C","-1","Feb 20 2015  5:41PM","","",""
"W_TB_E_06","PCC","TAG_35","","","","","","PHD.OFC_18_1496D","-1","Feb 20 2015  5:41PM","","",""
"W_TB_E_06","PCC","TAG_36","","","","","","PHD.OFFI_18_1496C","-1","Feb 20 2015  5:41PM","","",""
"W_TB_E_06","PCC","GROUP","","","","","","","-1","Feb 20 2015  5:41PM","","",""
"W_TB_E_06","PCC","CLUSTER","","","","","","","-1","Feb 20 2015  5:41PM","","",""
"W_TB_E_06","PCC","QOILTARGET","","","","","","PHD.UR_18_1401A_X","-1","Feb 20 2015  5:41PM","","",""
"W_TB_E_06","PCC","QOILMIN","","","","","","PHD.URL_18_1401A_X","-1","Feb 20 2015  5:41PM","","",""
"W_TB_E_06","PCC","QOILMAX","","","","","","PHD.URH_18_1401A_X","-1","Feb 20 2015  5:41PM","","",""
"W_TB_E_06","PCC","QLIQTARGET","","","","","","PHD.UR_18_1401C_X","-1","Feb 20 2015  5:41PM","","",""
"W_TB_E_06","PCC","LIQMIN","","","","","","PHD.URL_18_1401C_X","-1","Feb 20 2015  5:41PM","","",""
"W_TB_E_06","PCC","QLIQMAX","","","","","","PHD.URH_18_1401C_X","-1","Feb 20 2015  5:41PM","","",""
"W_TB_F_01","PCC","EQUIPMENT_NAME","F1","","","","","","-1","Feb 20 2015  5:41PM","","",""
"W_TB_F_01","PCC","EQUIPMENT_DESC","F1- Troll B","","","","","","-1","Feb 20 2015  5:41PM","","",""
"W_TB_F_01","PCC","QOIL","","","","","","PHD.OFI_18_1596A","-1","Feb 20 2015  5:41PM","","",""
"W_TB_F_01","PCC","QWAT","","","","","","PHD.OFI_18_1596B","-1","Feb 20 2015  5:41PM","","",""
"W_TB_F_01","PCC","QLIQ","","","","","","PHD.OFI_18_1596C","-1","Feb 20 2015  5:41PM","","",""
"W_TB_F_01","PCC","QGAS","","","","","","PHD.OFI_18_1596D","-1","Feb 20 2015  5:41PM","","",""
"W_TB_F_01","PCC","WC","","","","","","PHD.OFFI_18_1596A","-1","Feb 20 2015  5:41PM","","",""
"W_TB_F_01","PCC","GOR","","","","","","PHD.OFFI_18_1596B","-1","Feb 20 2015  5:41PM","","",""
"W_TB_F_01","PCC","UCP","","","","","","PHD.PZI_18_1515","-1","Feb 20 2015  5:41PM","","",""
"W_TB_F_01","PCC","UCT","","","","","","PHD.TI_18_1523","-1","Feb 20 2015  5:41PM","","",""
"W_TB_F_01","PCC","DCP","","","","","","PHD.PZI_18_1517","-1","Feb 20 2015  5:41PM","","",""
"W_TB_F_01","PCC","DCT","","","","","","PHD.TI_18_1516","-1","Feb 20 2015  5:41PM","","",""
"W_TB_F_01","PCC","UCP_CALC","","","","","","PHD.NPY_18_1596B","-1","Feb 20 2015  5:41PM","","",""
"W_TB_F_01","PCC","UCT_CALC","","","","","","PHD.NTY_18_1596B","-1","Feb 20 2015  5:41PM","","",""
"W_TB_F_01","PCC","DCP_CALC","","","","","","PHD.NPY_18_1596C","-1","Feb 20 2015  5:41PM","","",""
"W_TB_F_01","PCC","DCT_CALC","","","","","","PHD.NTY_18_1596C","-1","Feb 20 2015  5:41PM","","",""
"W_TB_F_01","PCC","DP","","","","","","PHD.PDI_18_1506","-1","Feb 20 2015  5:41PM","","",""
"W_TB_F_01","PCC","CHOKE","","","","","","PHD.GI_18_1506A","-1","Feb 20 2015  5:41PM","","",""
"W_TB_F_01","PCC","CHOKE_CMD","","","","","","PHD.GI_18_1506B","-1","Feb 20 2015  5:41PM","","",""
"W_TB_F_01","PCC","CHOKE_CALC","","","","","","PHD.NGI_18_1506B","-1","Feb 20 2015  5:41PM","","",""
"W_TB_F_01","PCC","ERRF","","","","","","PHD.NFI_18_1596Z","-1","Feb 20 2015  5:41PM","","",""
"W_TB_F_01","PCC","MODUS","","","","","","PHD.HS_18_1506B","-1","Feb 20 2015  5:41PM","","",""
"W_TB_F_01","PCC","STATUS","","","","","","PHD.NI_18_1563","-1","Feb 20 2015  5:41PM","","",""
"W_TB_F_01","PCC","ROUTING","","","","","","PHD.GS_18_1509P","-1","Feb 20 2015  5:41PM","","",""
"W_TB_F_01","PCC","MeOH","","","","","","PHD.OFI_18_1596G","-1","Feb 20 2015  5:41PM","","",""
"W_TB_F_01","PCC","DHSVL","","","","","","PHD.GSH_18_1501","-1","Feb 20 2015  5:41PM","","",""
"W_TB_F_01","PCC","DHSVU","","","","","","PHD.GSH_18_1502","-1","Feb 20 2015  5:41PM","","",""
"W_TB_F_01","PCC","PMV","","","","","","PHD.GSH_18_1503","-1","Feb 20 2015  5:41PM","","",""
"W_TB_F_01","PCC","AMV","","","","","","PHD.GSH_18_1518","-1","Feb 20 2015  5:41PM","","",""
"W_TB_F_01","PCC","AWV","","","","","","PHD.GSH_18_1512","-1","Feb 20 2015  5:41PM","","",""
"W_TB_F_01","PCC","XOV","","","","","","PHD.GSH_18_1519","-1","Feb 20 2015  5:41PM","","",""
"W_TB_F_01","PCC","GLV","","","","","","PHD.GI_18_1545","-1","Feb 20 2015  5:41PM","","",""
"W_TB_F_01","PCC","PCV","","","","","","PHD.GSL_18_15_06","-1","Feb 20 2015  5:41PM","","",""
"W_TB_F_01","PCC","PFORM_CALC","","","","","","PHD.NPY_18_1596A","-1","Feb 20 2015  5:41PM","","",""
"W_TB_F_01","PCC","TFORM_CALC","","","","","","PHD.NTY_18_1596A","-1","Feb 20 2015  5:41PM","","",""
"W_TB_F_01","PCC","CHOKE_POS_PER","","","","","","PHD.GI_18_1506E","-1","Feb 20 2015  5:41PM","","",""
"W_TB_F_01","PCC","TAG_32","","","","","","PHD.OFC_18_1596A","-1","Feb 20 2015  5:41PM","","",""
"W_TB_F_01","PCC","TAG_33","","","","","","PHD.OFC_18_1596B","-1","Feb 20 2015  5:41PM","","",""
"W_TB_F_01","PCC","TAG_34","","","","","","PHD.OFC_18_1596C","-1","Feb 20 2015  5:41PM","","",""
"W_TB_F_01","PCC","TAG_35","","","","","","PHD.OFC_18_1596D","-1","Feb 20 2015  5:41PM","","",""
"W_TB_F_01","PCC","TAG_36","","","","","","PHD.OFFI_18_1596C","-1","Feb 20 2015  5:41PM","","",""
"W_TB_F_01","PCC","GROUP","","","","","","","-1","Feb 20 2015  5:41PM","","",""
"W_TB_F_01","PCC","CLUSTER","","","","","","","-1","Feb 20 2015  5:41PM","","",""
"W_TB_F_01","PCC","QOILTARGET","","","","","","PHD.UR_18_1501A_X","-1","Feb 20 2015  5:41PM","","",""
"W_TB_F_01","PCC","QOILMIN","","","","","","PHD.URL_18_1501A_X","-1","Feb 20 2015  5:41PM","","",""
"W_TB_F_01","PCC","QOILMAX","","","","","","PHD.URH_18_1501A_X","-1","Feb 20 2015  5:41PM","","",""
"W_TB_F_01","PCC","QLIQTARGET","","","","","","PHD.UR_18_1501C_X","-1","Feb 20 2015  5:41PM","","",""
"W_TB_F_01","PCC","LIQMIN","","","","","","PHD.URL_18_1501C_X","-1","Feb 20 2015  5:41PM","","",""
"W_TB_F_01","PCC","QLIQMAX","","","","","","PHD.URH_18_1501C_X","-1","Feb 20 2015  5:41PM","","",""
"W_TB_F_02","PCC","EQUIPMENT_NAME","F2","","","","","","-1","Feb 20 2015  5:41PM","","",""
"W_TB_F_02","PCC","EQUIPMENT_DESC","F2- Troll B","","","","","","-1","Feb 20 2015  5:41PM","","",""
"W_TB_F_02","PCC","QOIL","","","","","","PHD.OFI_18_1696A","-1","Feb 20 2015  5:41PM","","",""
"W_TB_F_02","PCC","QWAT","","","","","","PHD.OFI_18_1696B","-1","Feb 20 2015  5:41PM","","",""
"W_TB_F_02","PCC","QLIQ","","","","","","PHD.OFI_18_1696C","-1","Feb 20 2015  5:41PM","","",""
"W_TB_F_02","PCC","QGAS","","","","","","PHD.OFI_18_1696D","-1","Feb 20 2015  5:41PM","","",""
"W_TB_F_02","PCC","WC","","","","","","PHD.OFFI_18_1696A","-1","Feb 20 2015  5:41PM","","",""
"W_TB_F_02","PCC","GOR","","","","","","PHD.OFFI_18_1696B","-1","Feb 20 2015  5:41PM","","",""
"W_TB_F_02","PCC","UCP","","","","","","PHD.PZI_18_1615","-1","Feb 20 2015  5:41PM","","",""
"W_TB_F_02","PCC","UCT","","","","","","PHD.TI_18_1623","-1","Feb 20 2015  5:41PM","","",""
"W_TB_F_02","PCC","DCP","","","","","","PHD.PZI_18_1617","-1","Feb 20 2015  5:41PM","","",""
"W_TB_F_02","PCC","DCT","","","","","","PHD.TI_18_1616","-1","Feb 20 2015  5:41PM","","",""
"W_TB_F_02","PCC","UCP_CALC","","","","","","PHD.NPY_18_1696B","-1","Feb 20 2015  5:41PM","","",""
"W_TB_F_02","PCC","UCT_CALC","","","","","","PHD.NTY_18_1696B","-1","Feb 20 2015  5:41PM","","",""
"W_TB_F_02","PCC","DCP_CALC","","","","","","PHD.NPY_18_1696C","-1","Feb 20 2015  5:41PM","","",""
"W_TB_F_02","PCC","DCT_CALC","","","","","","PHD.NTY_18_1696C","-1","Feb 20 2015  5:41PM","","",""
"W_TB_F_02","PCC","DP","","","","","","PHD.PDI_18_1606","-1","Feb 20 2015  5:41PM","","",""
"W_TB_F_02","PCC","CHOKE","","","","","","PHD.GI_18_1606A","-1","Feb 20 2015  5:41PM","","",""
"W_TB_F_02","PCC","CHOKE_CMD","","","","","","PHD.GI_18_1606B","-1","Feb 20 2015  5:41PM","","",""
"W_TB_F_02","PCC","CHOKE_CALC","","","","","","PHD.NGI_18_1606B","-1","Feb 20 2015  5:41PM","","",""
"W_TB_F_02","PCC","ERRF","","","","","","PHD.NFI_18_1696Z","-1","Feb 20 2015  5:41PM","","",""
"W_TB_F_02","PCC","MODUS","","","","","","PHD.HS_18_1606B","-1","Feb 20 2015  5:41PM","","",""
"W_TB_F_02","PCC","STATUS","","","","","","PHD.NI_18_1663","-1","Feb 20 2015  5:41PM","","",""
"W_TB_F_02","PCC","ROUTING","","","","","","PHD.GS_18_1609P","-1","Feb 20 2015  5:41PM","","",""
"W_TB_F_02","PCC","MeOH","","","","","","PHD.OFI_18_1696G","-1","Feb 20 2015  5:41PM","","",""
"W_TB_F_02","PCC","DHSVL","","","","","","PHD.GSH_18_1601","-1","Feb 20 2015  5:41PM","","",""
"W_TB_F_02","PCC","DHSVU","","","","","","PHD.GSH_18_1602","-1","Feb 20 2015  5:41PM","","",""
"W_TB_F_02","PCC","PMV","","","","","","PHD.GSH_18_1603","-1","Feb 20 2015  5:41PM","","",""
"W_TB_F_02","PCC","PWV","","","","","","PHD.GSH_18_1604","-1","Feb 20 2015  5:41PM","","",""
"W_TB_F_02","PCC","AMV","","","","","","PHD.GSH_18_1618","-1","Feb 20 2015  5:41PM","","",""
"W_TB_F_02","PCC","AWV","","","","","","PHD.GSH_18_1612","-1","Feb 20 2015  5:41PM","","",""
"W_TB_F_02","PCC","XOV","","","","","","PHD.GSH_18_1619","-1","Feb 20 2015  5:41PM","","",""
"W_TB_F_02","PCC","GLV","","","","","","PHD.NULL","-1","Feb 20 2015  5:41PM","","",""
"W_TB_F_02","PCC","PCV","","","","","","PHD.GSL_18_16_06","-1","Feb 20 2015  5:41PM","","",""
"W_TB_F_02","PCC","PFORM_CALC","","","","","","PHD.NPY_18_1696A","-1","Feb 20 2015  5:41PM","","",""
"W_TB_F_02","PCC","TFORM_CALC","","","","","","PHD.NTY_18_1696A","-1","Feb 20 2015  5:41PM","","",""
"W_TB_F_02","PCC","CHOKE_POS_PER","","","","","","PHD.GI_18_1606E","-1","Feb 20 2015  5:41PM","","",""
"W_TB_F_02","PCC","TAG_32","","","","","","PHD.OFC_18_1696A","-1","Feb 20 2015  5:41PM","","",""
"W_TB_F_02","PCC","TAG_33","","","","","","PHD.OFC_18_1696B","-1","Feb 20 2015  5:41PM","","",""
"W_TB_F_02","PCC","TAG_34","","","","","","PHD.OFC_18_1696C","-1","Feb 20 2015  5:41PM","","",""
"W_TB_F_02","PCC","TAG_35","","","","","","PHD.OFC_18_1696D","-1","Feb 20 2015  5:41PM","","",""
"W_TB_F_02","PCC","TAG_36","","","","","","PHD.OFFI_18_1696C","-1","Feb 20 2015  5:41PM","","",""
"W_TB_F_02","PCC","GROUP","","","","","","","-1","Feb 20 2015  5:41PM","","",""
"W_TB_F_02","PCC","CLUSTER","","","","","","","-1","Feb 20 2015  5:41PM","","",""
"W_TB_F_02","PCC","QOILTARGET","","","","","","PHD.UR_18_1601A_X","-1","Feb 20 2015  5:41PM","","",""
"W_TB_F_02","PCC","QOILMIN","","","","","","PHD.URL_18_1601A_X","-1","Feb 20 2015  5:41PM","","",""
"W_TB_F_02","PCC","QOILMAX","","","","","","PHD.URH_18_1601A_X","-1","Feb 20 2015  5:41PM","","",""
"W_TB_F_02","PCC","QLIQTARGET","","","","","","PHD.UR_18_1601C_X","-1","Feb 20 2015  5:41PM","","",""
"W_TB_F_02","PCC","LIQMIN","","","","","","PHD.URL_18_1601C_X","-1","Feb 20 2015  5:41PM","","",""
"W_TB_F_02","PCC","QLIQMAX","","","","","","PHD.URH_18_1601C_X","-1","Feb 20 2015  5:41PM","","",""
"W_TB_F_03","PCC","EQUIPMENT_NAME","B3","","","","","","-1","Feb 20 2015  5:41PM","","",""
"W_TB_F_03","PCC","EQUIPMENT_DESC","B3- Troll B","","","","","","-1","Feb 20 2015  5:41PM","","",""
"W_TB_F_03","PCC","QOIL","","","","","","PHD.NULL","-1","Feb 20 2015  5:41PM","","",""
"W_TB_F_03","PCC","QWAT","","","","","","PHD.NULL","-1","Feb 20 2015  5:41PM","","",""
"W_TB_F_03","PCC","QLIQ","","","","","","PHD.NULL","-1","Feb 20 2015  5:41PM","","",""
"W_TB_F_03","PCC","QGAS","","","","","","PHD.FI_23_0304","-1","Feb 20 2015  5:41PM","","",""
"W_TB_F_03","PCC","WC","","","","","","PHD.NULL","-1","Feb 20 2015  5:41PM","","",""
"W_TB_F_03","PCC","GOR","","","","","","PHD.NULL","-1","Feb 20 2015  5:41PM","","",""
"W_TB_F_03","PCC","UCP","","","","","","PHD.PZI_18_1715","-1","Feb 20 2015  5:41PM","","",""
"W_TB_F_03","PCC","UCT","","","","","","PHD.TI_18_1723","-1","Feb 20 2015  5:41PM","","",""
"W_TB_F_03","PCC","DCP","","","","","","PHD.NULL","-1","Feb 20 2015  5:41PM","","",""
"W_TB_F_03","PCC","DCT","","","","","","PHD.NULL","-1","Feb 20 2015  5:41PM","","",""
"W_TB_F_03","PCC","UCP_CALC","","","","","","PHD.NULL","-1","Feb 20 2015  5:41PM","","",""
"W_TB_F_03","PCC","UCT_CALC","","","","","","PHD.NULL","-1","Feb 20 2015  5:41PM","","",""
"W_TB_F_03","PCC","DCP_CALC","","","","","","PHD.NULL","-1","Feb 20 2015  5:41PM","","",""
"W_TB_F_03","PCC","DP","","","","","","PHD.NULL","-1","Feb 20 2015  5:41PM","","",""
"W_TB_F_03","PCC","CHOKE","","","","","","PHD.NULL","-1","Feb 20 2015  5:41PM","","",""
"W_TB_F_03","PCC","CHOKE_CMD","","","","","","PHD.NULL","-1","Feb 20 2015  5:41PM","","",""
"W_TB_F_03","PCC","CHOKE_CALC","","","","","","PHD.NULL","-1","Feb 20 2015  5:41PM","","",""
"W_TB_F_03","PCC","ERRF","","","","","","PHD.NULL","-1","Feb 20 2015  5:41PM","","",""
"W_TB_F_03","PCC","MODUS","","","","","","PHD.NULL","-1","Feb 20 2015  5:41PM","","",""
"W_TB_F_03","PCC","STATUS","","","","","","PHD.NI_18_1763","-1","Feb 20 2015  5:41PM","","",""
"W_TB_F_03","PCC","ROUTING","","","","","","PHD.NULL","-1","Feb 20 2015  5:41PM","","",""
"W_TB_F_03","PCC","MeOH","","","","","","PHD.NULL","-1","Feb 20 2015  5:41PM","","",""
"W_TB_F_03","PCC","DHSVL","","","","","","PHD.GSH_18_1701","-1","Feb 20 2015  5:41PM","","",""
"W_TB_F_03","PCC","DHSVU","","","","","","PHD.GSH_18_1702","-1","Feb 20 2015  5:41PM","","",""
"W_TB_F_03","PCC","PMV","","","","","","PHD.GSH_18_1703","-1","Feb 20 2015  5:41PM","","",""
"W_TB_F_03","PCC","PWV","","","","","","PHD.GSH_18_1704","-1","Feb 20 2015  5:41PM","","",""
"W_TB_F_03","PCC","AMV","","","","","","PHD.GSH_18_1718","-1","Feb 20 2015  5:41PM","","",""
"W_TB_F_03","PCC","AWV","","","","","","PHD.GSH_18_1712","-1","Feb 20 2015  5:41PM","","",""
"W_TB_F_03","PCC","XOV","","","","","","PHD.GSH_18_1719","-1","Feb 20 2015  5:41PM","","",""
"W_TB_F_03","PCC","GLV","","","","","","PHD.NULL","-1","Feb 20 2015  5:41PM","","",""
"W_TB_F_03","PCC","PCV","","","","","","PHD.GSL_18_17_06","-1","Feb 20 2015  5:41PM","","",""
"W_TB_F_03","PCC","PFORM_CALC","","","","","","PHD.NPY_18_1796A","-1","Feb 20 2015  5:41PM","","",""
"W_TB_F_03","PCC","TFORM_CALC","","","","","","PHD.NTY_18_1796A","-1","Feb 20 2015  5:41PM","","",""
"W_TB_F_03","PCC","CHOKE_POS_PER","","","","","","PHD.GI_18_1706E","-1","Feb 20 2015  5:41PM","","",""
"W_TB_F_03","PCC","TAG_32","","","","","","PHD.NULL","-1","Feb 20 2015  5:41PM","","",""
"W_TB_F_03","PCC","TAG_33","","","","","","PHD.NULL","-1","Feb 20 2015  5:41PM","","",""
"W_TB_F_03","PCC","TAG_34","","","","","","PHD.NULL","-1","Feb 20 2015  5:41PM","","",""
"W_TB_F_03","PCC","TAG_35","","","","","","PHD.NULL","-1","Feb 20 2015  5:41PM","","",""
"W_TB_F_03","PCC","TAG_36","","","","","","PHD.OFFI_18_1796C","-1","Feb 20 2015  5:41PM","","",""
"W_TB_F_03","PCC","GROUP","","","","","","","-1","Feb 20 2015  5:41PM","","",""
"W_TB_F_03","PCC","CLUSTER","","","","","","","-1","Feb 20 2015  5:41PM","","",""
"W_TB_F_03","PCC","QOILTARGET","","","","","","PHD.UR_18_1801A_X","-1","Feb 20 2015  5:41PM","","",""
"W_TB_F_03","PCC","QOILMIN","","","","","","PHD.URL_18_1801A_X","-1","Feb 20 2015  5:41PM","","",""
"W_TB_F_03","PCC","QOILMAX","","","","","","PHD.URH_18_1801A_X","-1","Feb 20 2015  5:41PM","","",""
"W_TB_F_03","PCC","QLIQTARGET","","","","","","PHD.UR_18_1801C_X","-1","Feb 20 2015  5:41PM","","",""
"W_TB_F_03","PCC","LIQMIN","","","","","","PHD.URL_18_1801C_X","-1","Feb 20 2015  5:41PM","","",""
"W_TB_F_03","PCC","QLIQMAX","","","","","","PHD.URH_18_1801C_X","-1","Feb 20 2015  5:41PM","","",""
"W_TB_F_04","PCC","EQUIPMENT_NAME","F4","","","","","","-1","Feb 20 2015  5:41PM","","",""
"W_TB_F_04","PCC","EQUIPMENT_DESC","F4- Troll B","","","","","","-1","Feb 20 2015  5:41PM","","",""
"W_TB_F_04","PCC","QOIL","","","","","","PHD.OFI_18_1896A","-1","Feb 20 2015  5:41PM","","",""
"W_TB_F_04","PCC","QWAT","","","","","","PHD.OFI_18_1896B","-1","Feb 20 2015  5:41PM","","",""
"W_TB_F_04","PCC","QLIQ","","","","","","PHD.OFI_18_1896C","-1","Feb 20 2015  5:41PM","","",""
"W_TB_F_04","PCC","QGAS","","","","","","PHD.OFI_18_1896D","-1","Feb 20 2015  5:41PM","","",""
"W_TB_F_04","PCC","WC","","","","","","PHD.OFFI_18_1896A","-1","Feb 20 2015  5:41PM","","",""
"W_TB_F_04","PCC","GOR","","","","","","PHD.OFFI_18_1896B","-1","Feb 20 2015  5:41PM","","",""
"W_TB_F_04","PCC","UCP","","","","","","PHD.PZI_18_1815","-1","Feb 20 2015  5:41PM","","",""
"W_TB_F_04","PCC","UCT","","","","","","PHD.TI_18_1823","-1","Feb 20 2015  5:41PM","","",""
"W_TB_F_04","PCC","DCP","","","","","","PHD.PZI_18_1817","-1","Feb 20 2015  5:41PM","","",""
"W_TB_F_04","PCC","DCT","","","","","","PHD.TI_18_1816","-1","Feb 20 2015  5:41PM","","",""
"W_TB_F_04","PCC","UCP_CALC","","","","","","PHD.NPY_18_1896B","-1","Feb 20 2015  5:41PM","","",""
"W_TB_F_04","PCC","UCT_CALC","","","","","","PHD.NTY_18_1896B","-1","Feb 20 2015  5:41PM","","",""
"W_TB_F_04","PCC","DCP_CALC","","","","","","PHD.NPY_18_1896C","-1","Feb 20 2015  5:41PM","","",""
"W_TB_F_04","PCC","DCT_CALC","","","","","","PHD.NTY_18_1896C","-1","Feb 20 2015  5:41PM","","",""
"W_TB_F_04","PCC","DP","","","","","","PHD.PDI_18_1806","-1","Feb 20 2015  5:41PM","","",""
"W_TB_F_04","PCC","CHOKE","","","","","","PHD.GI_18_1806A","-1","Feb 20 2015  5:41PM","","",""
"W_TB_F_04","PCC","CHOKE_CMD","","","","","","PHD.GI_18_1806B","-1","Feb 20 2015  5:41PM","","",""
"W_TB_F_04","PCC","CHOKE_CALC","","","","","","PHD.NGI_18_1806B","-1","Feb 20 2015  5:41PM","","",""
"W_TB_F_04","PCC","ERRF","","","","","","PHD.NFI_18_1896Z","-1","Feb 20 2015  5:41PM","","",""
"W_TB_F_04","PCC","MODUS","","","","","","PHD.HS_18_1806B","-1","Feb 20 2015  5:41PM","","",""
"W_TB_F_04","PCC","STATUS","","","","","","PHD.NI_18_1863","-1","Feb 20 2015  5:41PM","","",""
"W_TB_F_04","PCC","ROUTING","","","","","","PHD.GS_18_1809P","-1","Feb 20 2015  5:41PM","","",""
"W_TB_F_04","PCC","MeOH","","","","","","PHD.OFI_18_1896G","-1","Feb 20 2015  5:41PM","","",""
"W_TB_F_04","PCC","DHSVL","","","","","","PHD.GSH_18_1801","-1","Feb 20 2015  5:41PM","","",""
"W_TB_F_04","PCC","DHSVU","","","","","","PHD.GSH_18_1802","-1","Feb 20 2015  5:41PM","","",""
"W_TB_F_04","PCC","PMV","","","","","","PHD.GSH_18_1803","-1","Feb 20 2015  5:41PM","","",""
"W_TB_F_04","PCC","PWV","","","","","","PHD.GSH_18_1804","-1","Feb 20 2015  5:41PM","","",""
"W_TB_F_04","PCC","AMV","","","","","","PHD.GSH_18_1818","-1","Feb 20 2015  5:41PM","","",""
"W_TB_F_04","PCC","AWV","","","","","","PHD.GSH_18_1812","-1","Feb 20 2015  5:41PM","","",""
"W_TB_F_04","PCC","XOV","","","","","","PHD.GSH_18_1819","-1","Feb 20 2015  5:41PM","","",""
"W_TB_F_04","PCC","GLV","","","","","","PHD.GI_18_1845","-1","Feb 20 2015  5:41PM","","",""
"W_TB_F_04","PCC","PCV","","","","","","PHD.GSL_18_18_06","-1","Feb 20 2015  5:41PM","","",""
"W_TB_F_04","PCC","PFORM_CALC","","","","","","PHD.NPY_18_1896A","-1","Feb 20 2015  5:41PM","","",""
"W_TB_F_04","PCC","TFORM_CALC","","","","","","PHD.NTY_18_1896A","-1","Feb 20 2015  5:41PM","","",""
"W_TB_F_04","PCC","CHOKE_POS_PER","","","","","","PHD.GI_18_1806E","-1","Feb 20 2015  5:41PM","","",""
"W_TB_F_04","PCC","TAG_32","","","","","","PHD.OFC_18_1896A","-1","Feb 20 2015  5:41PM","","",""
"W_TB_F_04","PCC","TAG_33","","","","","","PHD.OFC_18_1896B","-1","Feb 20 2015  5:41PM","","",""
"W_TB_F_04","PCC","TAG_34","","","","","","PHD.OFC_18_1896C","-1","Feb 20 2015  5:41PM","","",""
"W_TB_F_04","PCC","TAG_35","","","","","","PHD.OFC_18_1896D","-1","Feb 20 2015  5:41PM","","",""
"W_TB_F_04","PCC","TAG_36","","","","","","PHD.OFFI_18_1896C","-1","Feb 20 2015  5:41PM","","",""
"W_TB_F_04","PCC","GROUP","","","","","","","-1","Feb 20 2015  5:41PM","","",""
"W_TB_F_04","PCC","CLUSTER","","","","","","","-1","Feb 20 2015  5:41PM","","",""
"W_TB_F_04","PCC","QOILTARGET","","","","","","PHD.UR_18_1901A_X","-1","Feb 20 2015  5:41PM","","",""
"W_TB_F_04","PCC","QOILMIN","","","","","","PHD.URL_18_1901A_X","-1","Feb 20 2015  5:41PM","","",""
"W_TB_F_04","PCC","QOILMAX","","","","","","PHD.URH_18_1901A_X","-1","Feb 20 2015  5:41PM","","",""
"W_TB_F_04","PCC","QLIQTARGET","","","","","","PHD.UR_18_1901C_X","-1","Feb 20 2015  5:41PM","","",""
"W_TB_F_04","PCC","LIQMIN","","","","","","PHD.URL_18_1901C_X","-1","Feb 20 2015  5:41PM","","",""
"W_TB_F_04","PCC","QLIQMAX","","","","","","PHD.URH_18_1901C_X","-1","Feb 20 2015  5:41PM","","",""
"W_TB_F_05","PCC","EQUIPMENT_NAME","F5","","","","","","-1","Feb 20 2015  5:41PM","","",""
"W_TB_F_05","PCC","EQUIPMENT_DESC","F5- Troll B","","","","","","-1","Feb 20 2015  5:41PM","","",""
"W_TB_F_05","PCC","QWAT","","","","","","PHD.OFI_18_1996B","-1","Feb 20 2015  5:41PM","","",""
"W_TB_F_05","PCC","QLIQ","","","","","","PHD.OFI_18_1996C","-1","Feb 20 2015  5:41PM","","",""
"W_TB_F_05","PCC","QGAS","","","","","","PHD.OFI_18_1996D","-1","Feb 20 2015  5:41PM","","",""
"W_TB_F_05","PCC","WC","","","","","","PHD.OFFI_18_1996A","-1","Feb 20 2015  5:41PM","","",""
"W_TB_F_05","PCC","GOR","","","","","","PHD.OFFI_18_1996B","-1","Feb 20 2015  5:41PM","","",""
"W_TB_F_05","PCC","UCP","","","","","","PHD.PZI_18_1915","-1","Feb 20 2015  5:41PM","","",""
"W_TB_F_05","PCC","UCT","","","","","","PHD.TI_18_1923","-1","Feb 20 2015  5:41PM","","",""
"W_TB_F_05","PCC","DCP","","","","","","PHD.PZI_18_1917","-1","Feb 20 2015  5:41PM","","",""
"W_TB_F_05","PCC","DCT","","","","","","PHD.TI_18_1916","-1","Feb 20 2015  5:41PM","","",""
"W_TB_F_05","PCC","UCP_CALC","","","","","","PHD.NPY_18_1996B","-1","Feb 20 2015  5:41PM","","",""
"W_TB_F_05","PCC","UCT_CALC","","","","","","PHD.NTY_18_1996B","-1","Feb 20 2015  5:41PM","","",""
"W_TB_F_05","PCC","DCP_CALC","","","","","","PHD.NPY_18_1996C","-1","Feb 20 2015  5:41PM","","",""
"W_TB_F_05","PCC","DCT_CALC","","","","","","PHD.NTY_18_1996C","-1","Feb 20 2015  5:41PM","","",""
"W_TB_F_05","PCC","DP","","","","","","PHD.PDI_18_1906","-1","Feb 20 2015  5:41PM","","",""
"W_TB_F_05","PCC","CHOKE","","","","","","PHD.GI_18_1906A","-1","Feb 20 2015  5:41PM","","",""
"W_TB_F_05","PCC","CHOKE_CMD","","","","","","PHD.GI_18_1906B","-1","Feb 20 2015  5:41PM","","",""
"W_TB_F_05","PCC","CHOKE_CALC","","","","","","PHD.NGI_18_1906B","-1","Feb 20 2015  5:41PM","","",""
"W_TB_F_05","PCC","ERRF","","","","","","PHD.NFI_18_1996Z","-1","Feb 20 2015  5:41PM","","",""
"W_TB_F_05","PCC","MODUS","","","","","","PHD.HS_18_1906B","-1","Feb 20 2015  5:41PM","","",""
"W_TB_F_05","PCC","STATUS","","","","","","PHD.NI_18_1963","-1","Feb 20 2015  5:41PM","","",""
"W_TB_F_05","PCC","ROUTING","","","","","","PHD.GS_18_1909P","-1","Feb 20 2015  5:41PM","","",""
"W_TB_F_05","PCC","MeOH","","","","","","PHD.OFI_18_1996G","-1","Feb 20 2015  5:41PM","","",""
"W_TB_F_05","PCC","DHSVL","","","","","","PHD.GSH_18_1901","-1","Feb 20 2015  5:41PM","","",""
"W_TB_F_05","PCC","DHSVU","","","","","","PHD.GSH_18_1902","-1","Feb 20 2015  5:41PM","","",""
"W_TB_F_05","PCC","PMV","","","","","","PHD.GSH_18_1903","-1","Feb 20 2015  5:41PM","","",""
"W_TB_F_05","PCC","PWV","","","","","","PHD.GSH_18_1904","-1","Feb 20 2015  5:41PM","","",""
"W_TB_F_05","PCC","AMV","","","","","","PHD.GSH_18_1918","-1","Feb 20 2015  5:41PM","","",""
"W_TB_F_05","PCC","AWV","","","","","","PHD.GSH_18_1912","-1","Feb 20 2015  5:41PM","","",""
"W_TB_F_05","PCC","XOV","","","","","","PHD.GSH_18_1919","-1","Feb 20 2015  5:41PM","","",""
"W_TB_F_05","PCC","GLV","","","","","","PHD.NULL","-1","Feb 20 2015  5:41PM","","",""
"W_TB_F_05","PCC","PCV","","","","","","PHD.GSL_18_19_06","-1","Feb 20 2015  5:41PM","","",""
"W_TB_F_05","PCC","PFORM_CALC","","","","","","PHD.NPY_18_1996A","-1","Feb 20 2015  5:41PM","","",""
"W_TB_F_05","PCC","TFORM_CALC","","","","","","PHD.NTY_18_1996A","-1","Feb 20 2015  5:41PM","","",""
"W_TB_F_05","PCC","CHOKE_POS_PER","","","","","","PHD.GI_18_1906E","-1","Feb 20 2015  5:41PM","","",""
"W_TB_F_05","PCC","TAG_32","","","","","","PHD.OFC_18_1996A","-1","Feb 20 2015  5:41PM","","",""
"W_TB_F_05","PCC","TAG_33","","","","","","PHD.OFC_18_1996B","-1","Feb 20 2015  5:41PM","","",""
"W_TB_F_05","PCC","TAG_34","","","","","","PHD.OFC_18_1996C","-1","Feb 20 2015  5:41PM","","",""
"W_TB_F_05","PCC","TAG_35","","","","","","PHD.OFC_18_1996D","-1","Feb 20 2015  5:41PM","","",""
"W_TB_F_05","PCC","TAG_36","","","","","","PHD.OFFI_18_1996C","-1","Feb 20 2015  5:41PM","","",""
"W_TB_F_05","PCC","GROUP","","","","","","","-1","Feb 20 2015  5:41PM","","",""
"W_TB_F_05","PCC","CLUSTER","","","","","","","-1","Feb 20 2015  5:41PM","","",""
"W_TB_F_05","PCC","QOILTARGET","","","","","","PHD.UR_18_2001A_X","-1","Feb 20 2015  5:41PM","","",""
"W_TB_F_05","PCC","QOILMIN","","","","","","PHD.URL_18_2001A_X","-1","Feb 20 2015  5:41PM","","",""
"W_TB_F_05","PCC","QOILMAX","","","","","","PHD.URH_18_2001A_X","-1","Feb 20 2015  5:41PM","","",""
"W_TB_F_05","PCC","QLIQTARGET","","","","","","PHD.UR_18_2001C_X","-1","Feb 20 2015  5:41PM","","",""
"W_TB_F_05","PCC","LIQMIN","","","","","","PHD.URL_18_2001C_X","-1","Feb 20 2015  5:41PM","","",""
"W_TB_F_05","PCC","QLIQMAX","","","","","","PHD.URH_18_2001C_X","-1","Feb 20 2015  5:41PM","","",""
"W_TB_F_06","PCC","EQUIPMENT_NAME","F6","","","","","","-1","Feb 20 2015  5:41PM","","",""
"W_TB_F_06","PCC","EQUIPMENT_DESC","F6- Troll B","","","","","","-1","Feb 20 2015  5:41PM","","",""
"W_TB_F_06","PCC","QOIL","","","","","","PHD.OFI_18_2096A","-1","Feb 20 2015  5:41PM","","",""
"W_TB_F_06","PCC","QWAT","","","","","","PHD.OFI_18_2096B","-1","Feb 20 2015  5:41PM","","",""
"W_TB_F_06","PCC","QLIQ","","","","","","PHD.OFI_18_2096C","-1","Feb 20 2015  5:41PM","","",""
"W_TB_F_06","PCC","QGAS","","","","","","PHD.OFI_18_2096D","-1","Feb 20 2015  5:41PM","","",""
"W_TB_F_06","PCC","WC","","","","","","PHD.OFFI_18_2096A","-1","Feb 20 2015  5:41PM","","",""
"W_TB_F_06","PCC","GOR","","","","","","PHD.OFFI_18_2096B","-1","Feb 20 2015  5:41PM","","",""
"W_TB_F_06","PCC","UCP","","","","","","PHD.PZI_18_2015","-1","Feb 20 2015  5:41PM","","",""
"W_TB_F_06","PCC","UCT","","","","","","PHD.TI_18_2023","-1","Feb 20 2015  5:41PM","","",""
"W_TB_F_06","PCC","DCP","","","","","","PHD.PZI_18_2017","-1","Feb 20 2015  5:41PM","","",""
"W_TB_F_06","PCC","DCT","","","","","","PHD.TI_18_2016","-1","Feb 20 2015  5:41PM","","",""
"W_TB_F_06","PCC","UCP_CALC","","","","","","PHD.NPY_18_2096B","-1","Feb 20 2015  5:41PM","","",""
"W_TB_F_06","PCC","UCT_CALC","","","","","","PHD.NTY_18_2096B","-1","Feb 20 2015  5:41PM","","",""
"W_TB_F_06","PCC","DCP_CALC","","","","","","PHD.NPY_18_2096C","-1","Feb 20 2015  5:41PM","","",""
"W_TB_F_06","PCC","DCT_CALC","","","","","","PHD.NTY_18_2096C","-1","Feb 20 2015  5:41PM","","",""
"W_TB_F_06","PCC","DP","","","","","","PHD.PDI_18_2006","-1","Feb 20 2015  5:41PM","","",""
"W_TB_F_06","PCC","CHOKE","","","","","","PHD.GI_18_2006A","-1","Feb 20 2015  5:41PM","","",""
"W_TB_F_06","PCC","CHOKE_CMD","","","","","","PHD.GI_18_2006B","-1","Feb 20 2015  5:41PM","","",""
"W_TB_F_06","PCC","CHOKE_CALC","","","","","","PHD.NGI_18_2006B","-1","Feb 20 2015  5:41PM","","",""
"W_TB_F_06","PCC","ERRF","","","","","","PHD.NFI_18_2096Z","-1","Feb 20 2015  5:41PM","","",""
"W_TB_F_06","PCC","MODUS","","","","","","PHD.HS_18_2006B","-1","Feb 20 2015  5:41PM","","",""
"W_TB_F_06","PCC","STATUS","","","","","","PHD.NI_18_2063","-1","Feb 20 2015  5:41PM","","",""
"W_TB_F_06","PCC","ROUTING","","","","","","PHD.GS_18_2009P","-1","Feb 20 2015  5:41PM","","",""
"W_TB_F_06","PCC","MeOH","","","","","","PHD.OFI_18_2096G","-1","Feb 20 2015  5:41PM","","",""
"W_TB_F_06","PCC","DHSVL","","","","","","PHD.GSH_18_2001","-1","Feb 20 2015  5:41PM","","",""
"W_TB_F_06","PCC","DHSVU","","","","","","PHD.GSH_18_2002","-1","Feb 20 2015  5:41PM","","",""
"W_TB_F_06","PCC","PMV","","","","","","PHD.GSH_18_2003","-1","Feb 20 2015  5:41PM","","",""
"W_TB_F_06","PCC","PWV","","","","","","PHD.GSH_18_2004","-1","Feb 20 2015  5:41PM","","",""
"W_TB_F_06","PCC","AMV","","","","","","PHD.GSH_18_2018","-1","Feb 20 2015  5:41PM","","",""
"W_TB_F_06","PCC","AWV","","","","","","PHD.GSH_18_2012","-1","Feb 20 2015  5:41PM","","",""
"W_TB_F_06","PCC","XOV","","","","","","PHD.GSH_18_2019","-1","Feb 20 2015  5:41PM","","",""
"W_TB_F_06","PCC","GLV","","","","","","PHD.GI_18_2045","-1","Feb 20 2015  5:41PM","","",""
"W_TB_F_06","PCC","PCV","","","","","","PHD.GSL_18_20_06","-1","Feb 20 2015  5:41PM","","",""
"W_TB_F_06","PCC","PFORM_CALC","","","","","","PHD.NPY_18_2096A","-1","Feb 20 2015  5:41PM","","",""
"W_TB_F_06","PCC","TFORM_CALC","","","","","","PHD.NTY_18_2096A","-1","Feb 20 2015  5:41PM","","",""
"W_TB_F_06","PCC","CHOKE_POS_PER","","","","","","PHD.GI_18_2006E","-1","Feb 20 2015  5:41PM","","",""
"W_TB_F_06","PCC","TAG_32","","","","","","PHD.OFC_18_2096A","-1","Feb 20 2015  5:41PM","","",""
"W_TB_F_06","PCC","TAG_34","","","","","","PHD.OFC_18_2096C","-1","Feb 20 2015  5:41PM","","",""
"W_TB_F_06","PCC","TAG_35","","","","","","PHD.OFC_18_2096D","-1","Feb 20 2015  5:41PM","","",""
"W_TB_F_06","PCC","TAG_36","","","","","","PHD.OFFI_18_2096C","-1","Feb 20 2015  5:41PM","","",""
"W_TB_F_06","PCC","GROUP","","","","","","","-1","Feb 20 2015  5:41PM","","",""
"W_TB_F_06","PCC","CLUSTER","","","","","","","-1","Feb 20 2015  5:41PM","","",""
"W_TB_F_06","PCC","QOILTARGET","","","","","","PHD.UR_18_2101A_X","-1","Feb 20 2015  5:41PM","","",""
"W_TB_F_06","PCC","QOILMIN","","","","","","PHD.URL_18_2101A_X","-1","Feb 20 2015  5:41PM","","",""
"W_TB_F_06","PCC","QOILMAX","","","","","","PHD.URH_18_2101A_X","-1","Feb 20 2015  5:41PM","","",""
"W_TB_F_06","PCC","QLIQTARGET","","","","","","PHD.UR_18_2101C_X","-1","Feb 20 2015  5:41PM","","",""
"W_TB_F_06","PCC","LIQMIN","","","","","","PHD.URL_18_2101C_X","-1","Feb 20 2015  5:41PM","","",""
"W_TB_F_06","PCC","QLIQMAX","","","","","","PHD.URH_18_2101C_X","-1","Feb 20 2015  5:41PM","","",""
"W_TB_G_01","PCC","EQUIPMENT_NAME","G1","","","","","","-1","Feb 20 2015  5:41PM","","",""
"W_TB_G_01","PCC","EQUIPMENT_DESC","G1- Troll B","","","","","","-1","Feb 20 2015  5:41PM","","",""
"W_TB_G_01","PCC","QOIL","","","","","","PHD.OFI_18_2196A","-1","Feb 20 2015  5:41PM","","",""
"W_TB_G_01","PCC","QWAT","","","","","","PHD.OFI_18_2196B","-1","Feb 20 2015  5:41PM","","",""
"W_TB_G_01","PCC","QLIQ","","","","","","PHD.OFI_18_2196C","-1","Feb 20 2015  5:41PM","","",""
"W_TB_G_01","PCC","QGAS","","","","","","PHD.OFI_18_2196D","-1","Feb 20 2015  5:41PM","","",""
"W_TB_G_01","PCC","WC","","","","","","PHD.OFFI_18_2196A","-1","Feb 20 2015  5:41PM","","",""
"W_TB_G_01","PCC","GOR","","","","","","PHD.OFFI_18_2196B","-1","Feb 20 2015  5:41PM","","",""
"W_TB_G_01","PCC","UCP","","","","","","PHD.PZI_18_2115","-1","Feb 20 2015  5:41PM","","",""
"W_TB_G_01","PCC","UCT","","","","","","PHD.TI_18_2123","-1","Feb 20 2015  5:41PM","","",""
"W_TB_G_01","PCC","DCP","","","","","","PHD.PZI_18_2117","-1","Feb 20 2015  5:41PM","","",""
"W_TB_G_01","PCC","DCT","","","","","","PHD.TI_18_2116","-1","Feb 20 2015  5:41PM","","",""
"W_TB_G_01","PCC","UCP_CALC","","","","","","PHD.NPY_18_2196B","-1","Feb 20 2015  5:41PM","","",""
"W_TB_G_01","PCC","UCT_CALC","","","","","","PHD.NTY_18_2196B","-1","Feb 20 2015  5:41PM","","",""
"W_TB_G_01","PCC","DCP_CALC","","","","","","PHD.NPY_18_2196C","-1","Feb 20 2015  5:41PM","","",""
"W_TB_G_01","PCC","DCT_CALC","","","","","","PHD.NTY_18_2196C","-1","Feb 20 2015  5:41PM","","",""
"W_TB_G_01","PCC","DP","","","","","","PHD.PDI_18_2106","-1","Feb 20 2015  5:41PM","","",""
"W_TB_G_01","PCC","CHOKE","","","","","","PHD.GI_18_2106A","-1","Feb 20 2015  5:41PM","","",""
"W_TB_G_01","PCC","CHOKE_CMD","","","","","","PHD.GI_18_2106B","-1","Feb 20 2015  5:41PM","","",""
"W_TB_G_01","PCC","CHOKE_CALC","","","","","","PHD.NGI_18_2106B","-1","Feb 20 2015  5:41PM","","",""
"W_TB_G_01","PCC","ERRF","","","","","","PHD.NFI_18_2196Z","-1","Feb 20 2015  5:41PM","","",""
"W_TB_G_01","PCC","MODUS","","","","","","PHD.HS_18_2106B","-1","Feb 20 2015  5:41PM","","",""
"W_TB_G_01","PCC","STATUS","","","","","","PHD.NI_18_2163","-1","Feb 20 2015  5:41PM","","",""
"W_TB_G_01","PCC","ROUTING","","","","","","PHD.GS_18_2109P","-1","Feb 20 2015  5:41PM","","",""
"W_TB_G_01","PCC","MeOH","","","","","","PHD.OFI_18_2196G","-1","Feb 20 2015  5:41PM","","",""
"W_TB_G_01","PCC","DHSVL","","","","","","PHD.GSH_18_2101","-1","Feb 20 2015  5:41PM","","",""
"W_TB_G_01","PCC","DHSVU","","","","","","PHD.GSH_18_2102","-1","Feb 20 2015  5:41PM","","",""
"W_TB_G_01","PCC","PMV","","","","","","PHD.GSH_18_2103","-1","Feb 20 2015  5:41PM","","",""
"W_TB_G_01","PCC","PWV","","","","","","PHD.GSH_18_2104","-1","Feb 20 2015  5:41PM","","",""
"W_TB_G_01","PCC","AMV","","","","","","PHD.GSH_18_2118","-1","Feb 20 2015  5:41PM","","",""
"W_TB_G_01","PCC","AWV","","","","","","PHD.GSH_18_2112","-1","Feb 20 2015  5:41PM","","",""
"W_TB_G_01","PCC","XOV","","","","","","PHD.GSH_18_2119","-1","Feb 20 2015  5:41PM","","",""
"W_TB_G_01","PCC","GLV","","","","","","PHD.GI_18_2145","-1","Feb 20 2015  5:41PM","","",""
"W_TB_G_01","PCC","PCV","","","","","","PHD.GSL_18_21_06","-1","Feb 20 2015  5:41PM","","",""
"W_TB_G_01","PCC","PFORM_CALC","","","","","","PHD.NPY_18_2196A","-1","Feb 20 2015  5:41PM","","",""
"W_TB_G_01","PCC","TFORM_CALC","","","","","","PHD.NTY_18_2196A","-1","Feb 20 2015  5:41PM","","",""
"W_TB_G_01","PCC","CHOKE_POS_PER","","","","","","PHD.GI_18_2106E","-1","Feb 20 2015  5:41PM","","",""
"W_TB_G_01","PCC","TAG_32","","","","","","PHD.OFC_18_2196A","-1","Feb 20 2015  5:41PM","","",""
"W_TB_G_01","PCC","TAG_33","","","","","","PHD.OFC_18_2196B","-1","Feb 20 2015  5:41PM","","",""
"W_TB_G_01","PCC","TAG_34","","","","","","PHD.OFC_18_2196C","-1","Feb 20 2015  5:41PM","","",""
"W_TB_G_01","PCC","TAG_35","","","","","","PHD.OFC_18_2196D","-1","Feb 20 2015  5:41PM","","",""
"W_TB_G_01","PCC","TAG_36","","","","","","PHD.OFFI_18_2196C","-1","Feb 20 2015  5:41PM","","",""
"W_TB_G_01","PCC","GROUP","","","","","","","-1","Feb 20 2015  5:41PM","","",""
"W_TB_G_01","PCC","CLUSTER","","","","","","","-1","Feb 20 2015  5:41PM","","",""
"W_TB_G_01","PCC","QOILTARGET","","","","","","PHD.UR_18_2201A_X","-1","Feb 20 2015  5:41PM","","",""
"W_TB_G_01","PCC","QOILMIN","","","","","","PHD.URL_18_2201A_X","-1","Feb 20 2015  5:41PM","","",""
"W_TB_G_01","PCC","QOILMAX","","","","","","PHD.URH_18_2201A_X","-1","Feb 20 2015  5:41PM","","",""
"W_TB_G_01","PCC","QLIQTARGET","","","","","","PHD.UR_18_2201C_X","-1","Feb 20 2015  5:41PM","","",""
"W_TB_G_01","PCC","LIQMIN","","","","","","PHD.URL_18_2201C_X","-1","Feb 20 2015  5:41PM","","",""
"W_TB_G_01","PCC","QLIQMAX","","","","","","PHD.URH_18_2201C_X","-1","Feb 20 2015  5:41PM","","",""
"W_TB_G_02","PCC","EQUIPMENT_NAME","G2","","","","","","-1","Feb 20 2015  5:41PM","","",""
"W_TB_G_02","PCC","EQUIPMENT_DESC","G2- Troll B","","","","","","-1","Feb 20 2015  5:41PM","","",""
"W_TB_G_02","PCC","QOIL","","","","","","PHD.OFI_18_2296A","-1","Feb 20 2015  5:41PM","","",""
"W_TB_G_02","PCC","QWAT","","","","","","PHD.OFI_18_2296B","-1","Feb 20 2015  5:41PM","","",""
"W_TB_G_02","PCC","QLIQ","","","","","","PHD.OFI_18_2296C","-1","Feb 20 2015  5:41PM","","",""
"W_TB_G_02","PCC","QGAS","","","","","","PHD.OFI_18_2296D","-1","Feb 20 2015  5:41PM","","",""
"W_TB_G_02","PCC","WC","","","","","","PHD.OFFI_18_2296A","-1","Feb 20 2015  5:41PM","","",""
"W_TB_G_02","PCC","GOR","","","","","","PHD.OFFI_18_2296B","-1","Feb 20 2015  5:41PM","","",""
"W_TB_G_02","PCC","UCP","","","","","","PHD.PZI_18_2215","-1","Feb 20 2015  5:41PM","","",""
"W_TB_G_02","PCC","UCT","","","","","","PHD.TI_18_2223","-1","Feb 20 2015  5:41PM","","",""
"W_TB_G_02","PCC","DCP","","","","","","PHD.PZI_18_2217","-1","Feb 20 2015  5:41PM","","",""
"W_TB_G_02","PCC","DCT","","","","","","PHD.TI_18_2216","-1","Feb 20 2015  5:41PM","","",""
"W_TB_G_02","PCC","UCP_CALC","","","","","","PHD.NPY_18_2296B","-1","Feb 20 2015  5:41PM","","",""
"W_TB_G_02","PCC","UCT_CALC","","","","","","PHD.NTY_18_2296B","-1","Feb 20 2015  5:41PM","","",""
"W_TB_G_02","PCC","DCP_CALC","","","","","","PHD.NPY_18_2296C","-1","Feb 20 2015  5:41PM","","",""
"W_TB_G_02","PCC","DCT_CALC","","","","","","PHD.NTY_18_2296C","-1","Feb 20 2015  5:41PM","","",""
"W_TB_G_02","PCC","DP","","","","","","PHD.PDI_18_2206","-1","Feb 20 2015  5:41PM","","",""
"W_TB_G_02","PCC","CHOKE","","","","","","PHD.GI_18_2206A","-1","Feb 20 2015  5:41PM","","",""
"W_TB_G_02","PCC","CHOKE_CMD","","","","","","PHD.GI_18_2206B","-1","Feb 20 2015  5:41PM","","",""
"W_TB_G_02","PCC","CHOKE_CALC","","","","","","PHD.NGI_18_2206B","-1","Feb 20 2015  5:41PM","","",""
"W_TB_G_02","PCC","ERRF","","","","","","PHD.NFI_18_2296Z","-1","Feb 20 2015  5:41PM","","",""
"W_TB_G_02","PCC","MODUS","","","","","","PHD.HS_18_2206B","-1","Feb 20 2015  5:41PM","","",""
"W_TB_G_02","PCC","STATUS","","","","","","PHD.NI_18_2263","-1","Feb 20 2015  5:41PM","","",""
"W_TB_G_02","PCC","ROUTING","","","","","","PHD.GS_18_2209P","-1","Feb 20 2015  5:41PM","","",""
"W_TB_G_02","PCC","DHSVL","","","","","","PHD.GSH_18_2201","-1","Feb 20 2015  5:41PM","","",""
"W_TB_G_02","PCC","DHSVU","","","","","","PHD.GSH_18_2202","-1","Feb 20 2015  5:41PM","","",""
"W_TB_G_02","PCC","PMV","","","","","","PHD.GSH_18_2203","-1","Feb 20 2015  5:41PM","","",""
"W_TB_G_02","PCC","PWV","","","","","","PHD.GSH_18_2204","-1","Feb 20 2015  5:41PM","","",""
"W_TB_G_02","PCC","AMV","","","","","","PHD.GSH_18_2218","-1","Feb 20 2015  5:41PM","","",""
"W_TB_G_02","PCC","AWV","","","","","","PHD.GSH_18_2212","-1","Feb 20 2015  5:41PM","","",""
"W_TB_G_02","PCC","XOV","","","","","","PHD.GSH_18_2219","-1","Feb 20 2015  5:41PM","","",""
"W_TB_G_02","PCC","GLV","","","","","","PHD.NULL","-1","Feb 20 2015  5:41PM","","",""
"W_TB_G_02","PCC","PCV","","","","","","PHD.GSL_18_22_06","-1","Feb 20 2015  5:41PM","","",""
"W_TB_G_02","PCC","PFORM_CALC","","","","","","PHD.NPY_18_2296A","-1","Feb 20 2015  5:41PM","","",""
"W_TB_G_02","PCC","TFORM_CALC","","","","","","PHD.NTY_18_2296A","-1","Feb 20 2015  5:41PM","","",""
"W_TB_G_02","PCC","CHOKE_POS_PER","","","","","","PHD.GI_18_2206E","-1","Feb 20 2015  5:41PM","","",""
"W_TB_G_02","PCC","TAG_32","","","","","","PHD.OFC_18_2296A","-1","Feb 20 2015  5:41PM","","",""
"W_TB_G_02","PCC","TAG_33","","","","","","PHD.OFC_18_2296B","-1","Feb 20 2015  5:41PM","","",""
"W_TB_G_02","PCC","TAG_34","","","","","","PHD.OFC_18_2296C","-1","Feb 20 2015  5:41PM","","",""
"W_TB_G_02","PCC","TAG_35","","","","","","PHD.OFC_18_2296D","-1","Feb 20 2015  5:41PM","","",""
"W_TB_G_02","PCC","TAG_36","","","","","","PHD.OFFI_18_2296C","-1","Feb 20 2015  5:41PM","","",""
"W_TB_G_02","PCC","GROUP","","","","","","","-1","Feb 20 2015  5:41PM","","",""
"W_TB_G_02","PCC","CLUSTER","","","","","","","-1","Feb 20 2015  5:41PM","","",""
"W_TB_G_02","PCC","QOILTARGET","","","","","","PHD.UR_18_2301A_X","-1","Feb 20 2015  5:41PM","","",""
"W_TB_G_02","PCC","QOILMIN","","","","","","PHD.URL_18_2301A_X","-1","Feb 20 2015  5:41PM","","",""
"W_TB_G_02","PCC","QOILMAX","","","","","","PHD.URH_18_2301A_X","-1","Feb 20 2015  5:41PM","","",""
"W_TB_G_02","PCC","QLIQTARGET","","","","","","PHD.UR_18_2301C_X","-1","Feb 20 2015  5:41PM","","",""
"W_TB_G_02","PCC","LIQMIN","","","","","","PHD.URL_18_2301C_X","-1","Feb 20 2015  5:41PM","","",""
"W_TB_G_02","PCC","QLIQMAX","","","","","","PHD.URH_18_2301C_X","-1","Feb 20 2015  5:41PM","","",""
"W_TB_G_03","PCC","EQUIPMENT_NAME","G3","","","","","","-1","Feb 20 2015  5:41PM","","",""
"W_TB_G_03","PCC","EQUIPMENT_DESC","G3- Troll B","","","","","","-1","Feb 20 2015  5:41PM","","",""
"W_TB_G_03","PCC","QOIL","","","","","","PHD.OFI_18_2396A","-1","Feb 20 2015  5:41PM","","",""
"W_TB_G_03","PCC","QWAT","","","","","","PHD.OFI_18_2396B","-1","Feb 20 2015  5:41PM","","",""
"W_TB_G_03","PCC","QLIQ","","","","","","PHD.OFI_18_2396C","-1","Feb 20 2015  5:41PM","","",""
"W_TB_G_03","PCC","QGAS","","","","","","PHD.OFI_18_2396D","-1","Feb 20 2015  5:41PM","","",""
"W_TB_G_03","PCC","WC","","","","","","PHD.OFFI_18_2396A","-1","Feb 20 2015  5:41PM","","",""
"W_TB_G_03","PCC","GOR","","","","","","PHD.OFFI_18_2396B","-1","Feb 20 2015  5:41PM","","",""
"W_TB_G_03","PCC","UCP","","","","","","PHD.PZI_18_2315","-1","Feb 20 2015  5:41PM","","",""
"W_TB_G_03","PCC","UCT","","","","","","PHD.TI_18_2323","-1","Feb 20 2015  5:41PM","","",""
"W_TB_G_03","PCC","DCP","","","","","","PHD.PZI_18_2317","-1","Feb 20 2015  5:41PM","","",""
"W_TB_G_03","PCC","DCT","","","","","","PHD.TI_18_2316","-1","Feb 20 2015  5:41PM","","",""
"W_TB_G_03","PCC","UCP_CALC","","","","","","PHD.NPY_18_2396B","-1","Feb 20 2015  5:41PM","","",""
"W_TB_G_03","PCC","UCT_CALC","","","","","","PHD.NTY_18_2396B","-1","Feb 20 2015  5:41PM","","",""
"W_TB_G_03","PCC","DCP_CALC","","","","","","PHD.NPY_18_2396C","-1","Feb 20 2015  5:41PM","","",""
"W_TB_G_03","PCC","DCT_CALC","","","","","","PHD.NTY_18_2396C","-1","Feb 20 2015  5:41PM","","",""
"W_TB_G_03","PCC","DP","","","","","","PHD.PDI_18_2306","-1","Feb 20 2015  5:41PM","","",""
"W_TB_G_03","PCC","CHOKE","","","","","","PHD.GI_18_2306A","-1","Feb 20 2015  5:41PM","","",""
"W_TB_G_03","PCC","CHOKE_CMD","","","","","","PHD.GI_18_2306B","-1","Feb 20 2015  5:41PM","","",""
"W_TB_G_03","PCC","CHOKE_CALC","","","","","","PHD.NGI_18_2306B","-1","Feb 20 2015  5:41PM","","",""
"W_TB_G_03","PCC","ERRF","","","","","","PHD.NFI_18_2396Z","-1","Feb 20 2015  5:41PM","","",""
"W_TB_G_03","PCC","MODUS","","","","","","PHD.HS_18_2306B","-1","Feb 20 2015  5:41PM","","",""
"W_TB_G_03","PCC","STATUS","","","","","","PHD.NI_18_2363","-1","Feb 20 2015  5:41PM","","",""
"W_TB_G_03","PCC","ROUTING","","","","","","PHD.GS_18_2309P","-1","Feb 20 2015  5:41PM","","",""
"W_TB_G_03","PCC","MeOH","","","","","","PHD.OFI_18_2396G","-1","Feb 20 2015  5:41PM","","",""
"W_TB_G_03","PCC","DHSVL","","","","","","PHD.GSH_18_2301","-1","Feb 20 2015  5:41PM","","",""
"W_TB_G_03","PCC","DHSVU","","","","","","PHD.GSH_18_2302","-1","Feb 20 2015  5:41PM","","",""
"W_TB_G_03","PCC","PMV","","","","","","PHD.GSH_18_2303","-1","Feb 20 2015  5:41PM","","",""
"W_TB_G_03","PCC","PWV","","","","","","PHD.GSH_18_2304","-1","Feb 20 2015  5:41PM","","",""
"W_TB_G_03","PCC","AMV","","","","","","PHD.GSH_18_2318","-1","Feb 20 2015  5:41PM","","",""
"W_TB_G_03","PCC","AWV","","","","","","PHD.GSH_18_2312","-1","Feb 20 2015  5:41PM","","",""
"W_TB_G_03","PCC","XOV","","","","","","PHD.GSH_18_2319","-1","Feb 20 2015  5:41PM","","",""
"W_TB_G_03","PCC","GLV","","","","","","PHD.GI_18_2345","-1","Feb 20 2015  5:41PM","","",""
"W_TB_G_03","PCC","PCV","","","","","","PHD.GSL_18_23_06","-1","Feb 20 2015  5:41PM","","",""
"W_TB_G_03","PCC","PFORM_CALC","","","","","","PHD.NPY_18_2396A","-1","Feb 20 2015  5:41PM","","",""
"W_TB_G_03","PCC","TFORM_CALC","","","","","","PHD.NTY_18_2396A","-1","Feb 20 2015  5:41PM","","",""
"W_TB_G_03","PCC","CHOKE_POS_PER","","","","","","PHD.GI_18_2306E","-1","Feb 20 2015  5:41PM","","",""
"W_TB_G_03","PCC","TAG_32","","","","","","PHD.OFC_18_2396A","-1","Feb 20 2015  5:41PM","","",""
"W_TB_G_03","PCC","TAG_33","","","","","","PHD.OFC_18_2396B","-1","Feb 20 2015  5:41PM","","",""
"W_TB_G_03","PCC","TAG_34","","","","","","PHD.OFC_18_2396C","-1","Feb 20 2015  5:41PM","","",""
"W_TB_G_03","PCC","TAG_35","","","","","","PHD.OFC_18_2396D","-1","Feb 20 2015  5:41PM","","",""
"W_TB_G_03","PCC","TAG_36","","","","","","PHD.OFFI_18_2396C","-1","Feb 20 2015  5:41PM","","",""
"W_TB_G_03","PCC","GROUP","","","","","","","-1","Feb 20 2015  5:41PM","","",""
"W_TB_G_03","PCC","CLUSTER","","","","","","","-1","Feb 20 2015  5:41PM","","",""
"W_TB_G_03","PCC","QOILTARGET","","","","","","PHD.UR_18_2401A_X","-1","Feb 20 2015  5:41PM","","",""
"W_TB_G_03","PCC","QOILMIN","","","","","","PHD.URL_18_2401A_X","-1","Feb 20 2015  5:41PM","","",""
"W_TB_G_03","PCC","QOILMAX","","","","","","PHD.URH_18_2401A_X","-1","Feb 20 2015  5:41PM","","",""
"W_TB_G_03","PCC","QLIQTARGET","","","","","","PHD.UR_18_2401C_X","-1","Feb 20 2015  5:41PM","","",""
"W_TB_G_03","PCC","LIQMIN","","","","","","PHD.URL_18_2401C_X","-1","Feb 20 2015  5:41PM","","",""
"W_TB_G_03","PCC","QLIQMAX","","","","","","PHD.URH_18_2401C_X","-1","Feb 20 2015  5:41PM","","",""
"W_TB_G_04","PCC","EQUIPMENT_NAME","G4","","","","","","-1","Feb 20 2015  5:41PM","","",""
"W_TB_G_04","PCC","EQUIPMENT_DESC","G4- Troll B","","","","","","-1","Feb 20 2015  5:41PM","","",""
"W_TB_G_04","PCC","QOIL","","","","","","PHD.OFI_18_2496A","-1","Feb 20 2015  5:41PM","","",""
"W_TB_G_04","PCC","QWAT","","","","","","PHD.OFI_18_2496B","-1","Feb 20 2015  5:41PM","","",""
"W_TB_G_04","PCC","QLIQ","","","","","","PHD.OFI_18_2496C","-1","Feb 20 2015  5:41PM","","",""
"W_TB_G_04","PCC","QGAS","","","","","","PHD.OFI_18_2496D","-1","Feb 20 2015  5:41PM","","",""
"W_TB_G_04","PCC","WC","","","","","","PHD.OFFI_18_2496A","-1","Feb 20 2015  5:41PM","","",""
"W_TB_G_04","PCC","GOR","","","","","","PHD.OFFI_18_2496B","-1","Feb 20 2015  5:41PM","","",""
"W_TB_G_04","PCC","UCP","","","","","","PHD.PZI_18_2415","-1","Feb 20 2015  5:41PM","","",""
"W_TB_G_04","PCC","UCT","","","","","","PHD.TI_18_2423","-1","Feb 20 2015  5:41PM","","",""
"W_TB_G_04","PCC","DCP","","","","","","PHD.PZI_18_2417","-1","Feb 20 2015  5:41PM","","",""
"W_TB_G_04","PCC","UCP_CALC","","","","","","PHD.NPY_18_2496B","-1","Feb 20 2015  5:41PM","","",""
"W_TB_G_04","PCC","UCT_CALC","","","","","","PHD.NTY_18_2496B","-1","Feb 20 2015  5:41PM","","",""
"W_TB_G_04","PCC","DCP_CALC","","","","","","PHD.NPY_18_2496C","-1","Feb 20 2015  5:41PM","","",""
"W_TB_G_04","PCC","DCT_CALC","","","","","","PHD.NTY_18_2496C","-1","Feb 20 2015  5:41PM","","",""
"W_TB_G_04","PCC","DP","","","","","","PHD.PDI_18_2406","-1","Feb 20 2015  5:41PM","","",""
"W_TB_G_04","PCC","CHOKE","","","","","","PHD.GI_18_2406A","-1","Feb 20 2015  5:41PM","","",""
"W_TB_G_04","PCC","CHOKE_CMD","","","","","","PHD.GI_18_2406B","-1","Feb 20 2015  5:41PM","","",""
"W_TB_G_04","PCC","CHOKE_CALC","","","","","","PHD.NGI_18_2406B","-1","Feb 20 2015  5:41PM","","",""
"W_TB_G_04","PCC","ERRF","","","","","","PHD.NFI_18_2496Z","-1","Feb 20 2015  5:41PM","","",""
"W_TB_G_04","PCC","MODUS","","","","","","PHD.HS_18_2406B","-1","Feb 20 2015  5:41PM","","",""
"W_TB_G_04","PCC","STATUS","","","","","","PHD.NI_18_2463","-1","Feb 20 2015  5:41PM","","",""
"W_TB_G_04","PCC","ROUTING","","","","","","PHD.GS_18_2409P","-1","Feb 20 2015  5:41PM","","",""
"W_TB_G_04","PCC","MeOH","","","","","","PHD.OFI_18_2496G","-1","Feb 20 2015  5:41PM","","",""
"W_TB_G_04","PCC","DHSVL","","","","","","PHD.GSH_18_2401","-1","Feb 20 2015  5:41PM","","",""
"W_TB_G_04","PCC","DHSVU","","","","","","PHD.GSH_18_2402","-1","Feb 20 2015  5:41PM","","",""
"W_TB_G_04","PCC","PMV","","","","","","PHD.GSH_18_2403","-1","Feb 20 2015  5:41PM","","",""
"W_TB_G_04","PCC","PWV","","","","","","PHD.GSH_18_2404","-1","Feb 20 2015  5:41PM","","",""
"W_TB_G_04","PCC","AMV","","","","","","PHD.GSH_18_2418","-1","Feb 20 2015  5:41PM","","",""
"W_TB_G_04","PCC","AWV","","","","","","PHD.GSH_18_2412","-1","Feb 20 2015  5:41PM","","",""
"W_TB_G_04","PCC","XOV","","","","","","PHD.GSH_18_2419","-1","Feb 20 2015  5:41PM","","",""
"W_TB_G_04","PCC","GLV","","","","","","PHD.GI_18_2445","-1","Feb 20 2015  5:41PM","","",""
"W_TB_G_04","PCC","PCV","","","","","","PHD.GSL_18_24_06","-1","Feb 20 2015  5:41PM","","",""
"W_TB_G_04","PCC","PFORM_CALC","","","","","","PHD.NPY_18_2496A","-1","Feb 20 2015  5:41PM","","",""
"W_TB_G_04","PCC","TFORM_CALC","","","","","","PHD.NTY_18_2496A","-1","Feb 20 2015  5:41PM","","",""
"W_TB_G_04","PCC","CHOKE_POS_PER","","","","","","PHD.GI_18_2406E","-1","Feb 20 2015  5:41PM","","",""
"W_TB_G_04","PCC","TAG_32","","","","","","PHD.OFC_18_2496A","-1","Feb 20 2015  5:41PM","","",""
"W_TB_G_04","PCC","TAG_33","","","","","","PHD.OFC_18_2496B","-1","Feb 20 2015  5:41PM","","",""
"W_TB_G_04","PCC","TAG_34","","","","","","PHD.OFC_18_2496C","-1","Feb 20 2015  5:41PM","","",""
"W_TB_G_04","PCC","TAG_35","","","","","","PHD.OFC_18_2496D","-1","Feb 20 2015  5:41PM","","",""
"W_TB_G_04","PCC","TAG_36","","","","","","PHD.OFFI_18_2496C","-1","Feb 20 2015  5:41PM","","",""
"W_TB_G_04","PCC","GROUP","","","","","","","-1","Feb 20 2015  5:41PM","","",""
"W_TB_G_04","PCC","CLUSTER","","","","","","","-1","Feb 20 2015  5:41PM","","",""
"W_TB_G_04","PCC","QOILTARGET","","","","","","PHD.UR_18_2501A_X","-1","Feb 20 2015  5:41PM","","",""
"W_TB_G_04","PCC","QOILMIN","","","","","","PHD.URL_18_2501A_X","-1","Feb 20 2015  5:41PM","","",""
"W_TB_G_04","PCC","QOILMAX","","","","","","PHD.URH_18_2501A_X","-1","Feb 20 2015  5:41PM","","",""
"W_TB_G_04","PCC","QLIQTARGET","","","","","","PHD.UR_18_2501C_X","-1","Feb 20 2015  5:41PM","","",""
"W_TB_G_04","PCC","LIQMIN","","","","","","PHD.URL_18_2501C_X","-1","Feb 20 2015  5:41PM","","",""
"W_TB_G_04","PCC","QLIQMAX","","","","","","PHD.URH_18_2501C_X","-1","Feb 20 2015  5:41PM","","",""
"W_TB_G_05","PCC","EQUIPMENT_NAME","G5","","","","","","-1","Feb 20 2015  5:41PM","","",""
"W_TB_G_05","PCC","EQUIPMENT_DESC","G5- Troll B","","","","","","-1","Feb 20 2015  5:41PM","","",""
"W_TB_G_05","PCC","QOIL","","","","","","PHD.OFI_18_2596A","-1","Feb 20 2015  5:41PM","","",""
"W_TB_G_05","PCC","QWAT","","","","","","PHD.OFI_18_2596B","-1","Feb 20 2015  5:41PM","","",""
"W_TB_G_05","PCC","QLIQ","","","","","","PHD.OFI_18_2596C","-1","Feb 20 2015  5:41PM","","",""
"W_TB_G_05","PCC","QGAS","","","","","","PHD.OFI_18_2596D","-1","Feb 20 2015  5:41PM","","",""
"W_TB_G_05","PCC","WC","","","","","","PHD.OFFI_18_2596A","-1","Feb 20 2015  5:41PM","","",""
"W_TB_G_05","PCC","GOR","","","","","","PHD.OFFI_18_2596B","-1","Feb 20 2015  5:41PM","","",""
"W_TB_G_05","PCC","UCP","","","","","","PHD.PZI_18_2515","-1","Feb 20 2015  5:41PM","","",""
"W_TB_G_05","PCC","UCT","","","","","","PHD.TI_18_2523","-1","Feb 20 2015  5:41PM","","",""
"W_TB_G_05","PCC","DCP","","","","","","PHD.PZI_18_2517","-1","Feb 20 2015  5:41PM","","",""
"W_TB_G_05","PCC","DCT","","","","","","PHD.TI_18_2516","-1","Feb 20 2015  5:41PM","","",""
"W_TB_G_05","PCC","UCP_CALC","","","","","","PHD.NPY_18_2596B","-1","Feb 20 2015  5:41PM","","",""
"W_TB_G_05","PCC","UCT_CALC","","","","","","PHD.NTY_18_2596B","-1","Feb 20 2015  5:41PM","","",""
"W_TB_G_05","PCC","DCP_CALC","","","","","","PHD.NPY_18_2596C","-1","Feb 20 2015  5:41PM","","",""
"W_TB_G_05","PCC","DCT_CALC","","","","","","PHD.NTY_18_2596C","-1","Feb 20 2015  5:41PM","","",""
"W_TB_G_05","PCC","DP","","","","","","PHD.PDI_18_2506","-1","Feb 20 2015  5:41PM","","",""
"W_TB_G_05","PCC","CHOKE","","","","","","PHD.GI_18_2506A","-1","Feb 20 2015  5:41PM","","",""
"W_TB_G_05","PCC","CHOKE_CMD","","","","","","PHD.GI_18_2506B","-1","Feb 20 2015  5:41PM","","",""
"W_TB_G_05","PCC","CHOKE_CALC","","","","","","PHD.NGI_18_2506B","-1","Feb 20 2015  5:41PM","","",""
"W_TB_G_05","PCC","ERRF","","","","","","PHD.NFI_18_2596Z","-1","Feb 20 2015  5:41PM","","",""
"W_TB_G_05","PCC","MODUS","","","","","","PHD.HS_18_2506B","-1","Feb 20 2015  5:41PM","","",""
"W_TB_G_05","PCC","STATUS","","","","","","PHD.NI_18_2563","-1","Feb 20 2015  5:41PM","","",""
"W_TB_G_05","PCC","ROUTING","","","","","","PHD.GS_18_2509P","-1","Feb 20 2015  5:41PM","","",""
"W_TB_G_05","PCC","MeOH","","","","","","PHD.OFI_18_2596G","-1","Feb 20 2015  5:41PM","","",""
"W_TB_G_05","PCC","DHSVL","","","","","","PHD.GSH_18_2501","-1","Feb 20 2015  5:41PM","","",""
"W_TB_G_05","PCC","DHSVU","","","","","","PHD.GSH_18_2502","-1","Feb 20 2015  5:41PM","","",""
"W_TB_G_05","PCC","PMV","","","","","","PHD.GSH_18_2503","-1","Feb 20 2015  5:41PM","","",""
"W_TB_G_05","PCC","PWV","","","","","","PHD.GSH_18_2504","-1","Feb 20 2015  5:41PM","","",""
"W_TB_G_05","PCC","AMV","","","","","","PHD.GSH_18_2518","-1","Feb 20 2015  5:41PM","","",""
"W_TB_G_05","PCC","AWV","","","","","","PHD.GSH_18_2512","-1","Feb 20 2015  5:41PM","","",""
"W_TB_G_05","PCC","XOV","","","","","","PHD.GSH_18_2519","-1","Feb 20 2015  5:41PM","","",""
"W_TB_G_05","PCC","GLV","","","","","","PHD.NULL","-1","Feb 20 2015  5:41PM","","",""
"W_TB_G_05","PCC","PCV","","","","","","PHD.GSL_18_25_06","-1","Feb 20 2015  5:41PM","","",""
"W_TB_G_05","PCC","PFORM_CALC","","","","","","PHD.NPY_18_2596A","-1","Feb 20 2015  5:41PM","","",""
"W_TB_G_05","PCC","TFORM_CALC","","","","","","PHD.NTY_18_2596A","-1","Feb 20 2015  5:41PM","","",""
"W_TB_G_05","PCC","CHOKE_POS_PER","","","","","","PHD.GI_18_2506E","-1","Feb 20 2015  5:41PM","","",""
"W_TB_G_05","PCC","TAG_32","","","","","","PHD.OFC_18_2596A","-1","Feb 20 2015  5:41PM","","",""
"W_TB_G_05","PCC","TAG_33","","","","","","PHD.OFC_18_2596B","-1","Feb 20 2015  5:41PM","","",""
"W_TB_G_05","PCC","TAG_34","","","","","","PHD.OFC_18_2596C","-1","Feb 20 2015  5:41PM","","",""
"W_TB_G_05","PCC","TAG_35","","","","","","PHD.OFC_18_2596D","-1","Feb 20 2015  5:41PM","","",""
"W_TB_G_05","PCC","TAG_36","","","","","","PHD.OFFI_18_2596C","-1","Feb 20 2015  5:41PM","","",""
"W_TB_G_05","PCC","GROUP","","","","","","","-1","Feb 20 2015  5:41PM","","",""
"W_TB_G_05","PCC","CLUSTER","","","","","","","-1","Feb 20 2015  5:41PM","","",""
"W_TB_G_05","PCC","QOILTARGET","","","","","","PHD.UR_18_2601A_X","-1","Feb 20 2015  5:41PM","","",""
"W_TB_G_05","PCC","QOILMIN","","","","","","PHD.URL_18_2601A_X","-1","Feb 20 2015  5:41PM","","",""
"W_TB_G_05","PCC","QOILMAX","","","","","","PHD.URH_18_2601A_X","-1","Feb 20 2015  5:41PM","","",""
"W_TB_G_05","PCC","LIQMIN","","","","","","PHD.URL_18_2601C_X","-1","Feb 20 2015  5:41PM","","",""
"W_TB_G_05","PCC","QLIQMAX","","","","","","PHD.URH_18_2601C_X","-1","Feb 20 2015  5:41PM","","",""
"W_TB_G_06","PCC","EQUIPMENT_NAME","G6","","","","","","-1","Feb 20 2015  5:41PM","","",""
"W_TB_G_06","PCC","EQUIPMENT_DESC","G6- Troll B","","","","","","-1","Feb 20 2015  5:41PM","","",""
"W_TB_G_06","PCC","QOIL","","","","","","PHD.OFI_18_2696A","-1","Feb 20 2015  5:41PM","","",""
"W_TB_G_06","PCC","QWAT","","","","","","PHD.OFI_18_2696B","-1","Feb 20 2015  5:41PM","","",""
"W_TB_G_06","PCC","QLIQ","","","","","","PHD.OFI_18_2696C","-1","Feb 20 2015  5:41PM","","",""
"W_TB_G_06","PCC","QGAS","","","","","","PHD.OFI_18_2696D","-1","Feb 20 2015  5:41PM","","",""
"W_TB_G_06","PCC","WC","","","","","","PHD.OFFI_18_2696A","-1","Feb 20 2015  5:41PM","","",""
"W_TB_G_06","PCC","GOR","","","","","","PHD.OFFI_18_2696B","-1","Feb 20 2015  5:41PM","","",""
"W_TB_G_06","PCC","UCP","","","","","","PHD.PZI_18_2615","-1","Feb 20 2015  5:41PM","","",""
"W_TB_G_06","PCC","UCT","","","","","","PHD.TI_18_2623","-1","Feb 20 2015  5:41PM","","",""
"W_TB_G_06","PCC","DCP","","","","","","PHD.PZI_18_2617","-1","Feb 20 2015  5:41PM","","",""
"W_TB_G_06","PCC","DCT","","","","","","PHD.TI_18_2616","-1","Feb 20 2015  5:41PM","","",""
"W_TB_G_06","PCC","UCP_CALC","","","","","","PHD.NPY_18_2696B","-1","Feb 20 2015  5:41PM","","",""
"W_TB_G_06","PCC","UCT_CALC","","","","","","PHD.NTY_18_2696B","-1","Feb 20 2015  5:41PM","","",""
"W_TB_G_06","PCC","DCP_CALC","","","","","","PHD.NPY_18_2696C","-1","Feb 20 2015  5:41PM","","",""
"W_TB_G_06","PCC","DCT_CALC","","","","","","PHD.NTY_18_2696C","-1","Feb 20 2015  5:41PM","","",""
"W_TB_G_06","PCC","DP","","","","","","PHD.PDI_18_2606","-1","Feb 20 2015  5:41PM","","",""
"W_TB_G_06","PCC","CHOKE","","","","","","PHD.GI_18_2606A","-1","Feb 20 2015  5:41PM","","",""
"W_TB_G_06","PCC","CHOKE_CMD","","","","","","PHD.GI_18_2606B","-1","Feb 20 2015  5:41PM","","",""
"W_TB_G_06","PCC","CHOKE_CALC","","","","","","PHD.NGI_18_2606B","-1","Feb 20 2015  5:41PM","","",""
"W_TB_G_06","PCC","ERRF","","","","","","PHD.NFI_18_2696Z","-1","Feb 20 2015  5:41PM","","",""
"W_TB_G_06","PCC","MODUS","","","","","","PHD.HS_18_2606B","-1","Feb 20 2015  5:41PM","","",""
"W_TB_G_06","PCC","STATUS","","","","","","PHD.NI_18_2663","-1","Feb 20 2015  5:41PM","","",""
"W_TB_G_06","PCC","ROUTING","","","","","","PHD.GS_18_2609P","-1","Feb 20 2015  5:41PM","","",""
"W_TB_G_06","PCC","MeOH","","","","","","PHD.OFI_18_2696G","-1","Feb 20 2015  5:41PM","","",""
"W_TB_G_06","PCC","DHSVL","","","","","","PHD.GSH_18_2601","-1","Feb 20 2015  5:41PM","","",""
"W_TB_G_06","PCC","DHSVU","","","","","","PHD.GSH_18_2602","-1","Feb 20 2015  5:41PM","","",""
"W_TB_G_06","PCC","PMV","","","","","","PHD.GSH_18_2603","-1","Feb 20 2015  5:41PM","","",""
"W_TB_G_06","PCC","PWV","","","","","","PHD.GSH_18_2604","-1","Feb 20 2015  5:41PM","","",""
"W_TB_G_06","PCC","AMV","","","","","","PHD.GSH_18_2618","-1","Feb 20 2015  5:41PM","","",""
"W_TB_G_06","PCC","AWV","","","","","","PHD.GSH_18_2612","-1","Feb 20 2015  5:41PM","","",""
"W_TB_G_06","PCC","XOV","","","","","","PHD.GSH_18_2619","-1","Feb 20 2015  5:41PM","","",""
"W_TB_G_06","PCC","GLV","","","","","","PHD.GI_18_2645","-1","Feb 20 2015  5:41PM","","",""
"W_TB_G_06","PCC","PCV","","","","","","PHD.GSL_18_26_06","-1","Feb 20 2015  5:41PM","","",""
"W_TB_G_06","PCC","PFORM_CALC","","","","","","PHD.NPY_18_2696A","-1","Feb 20 2015  5:41PM","","",""
"W_TB_G_06","PCC","TFORM_CALC","","","","","","PHD.NTY_18_2696A","-1","Feb 20 2015  5:41PM","","",""
"W_TB_G_06","PCC","CHOKE_POS_PER","","","","","","PHD.GI_18_2606E","-1","Feb 20 2015  5:41PM","","",""
"W_TB_G_06","PCC","TAG_32","","","","","","PHD.OFC_18_2696A","-1","Feb 20 2015  5:41PM","","",""
"W_TB_G_06","PCC","TAG_33","","","","","","PHD.OFC_18_2696B","-1","Feb 20 2015  5:41PM","","",""
"W_TB_G_06","PCC","TAG_34","","","","","","PHD.OFC_18_2696C","-1","Feb 20 2015  5:41PM","","",""
"W_TB_G_06","PCC","TAG_35","","","","","","PHD.OFC_18_2696D","-1","Feb 20 2015  5:41PM","","",""
"W_TB_G_06","PCC","TAG_36","","","","","","PHD.OFFI_18_2696C","-1","Feb 20 2015  5:41PM","","",""
"W_TB_G_06","PCC","GROUP","","","","","","","-1","Feb 20 2015  5:41PM","","",""
"W_TB_G_06","PCC","CLUSTER","","","","","","","-1","Feb 20 2015  5:41PM","","",""
"W_TB_G_06","PCC","QOILTARGET","","","","","","PHD.UR_18_2701A_X","-1","Feb 20 2015  5:41PM","","",""
"W_TB_G_06","PCC","QOILMIN","","","","","","PHD.URL_18_2701A_X","-1","Feb 20 2015  5:41PM","","",""
"W_TB_G_06","PCC","QOILMAX","","","","","","PHD.URH_18_2701A_X","-1","Feb 20 2015  5:41PM","","",""
"W_TB_G_06","PCC","QLIQTARGET","","","","","","PHD.UR_18_2701C_X","-1","Feb 20 2015  5:41PM","","",""
"W_TB_G_06","PCC","LIQMIN","","","","","","PHD.URL_18_2701C_X","-1","Feb 20 2015  5:41PM","","",""
"W_TB_G_06","PCC","QLIQMAX","","","","","","PHD.URH_18_2701C_X","-1","Feb 20 2015  5:41PM","","",""
"W_TB_H_01","PCC","EQUIPMENT_NAME","H1","","","","","","-1","Feb 20 2015  5:41PM","","",""
"W_TB_H_01","PCC","EQUIPMENT_DESC","H1- Troll B","","","","","","-1","Feb 20 2015  5:41PM","","",""
"W_TB_H_01","PCC","QOIL","","","","","","PHD.OFI_18_2796A","-1","Feb 20 2015  5:41PM","","",""
"W_TB_H_01","PCC","QWAT","","","","","","PHD.OFI_18_2796B","-1","Feb 20 2015  5:41PM","","",""
"W_TB_H_01","PCC","QLIQ","","","","","","PHD.OFI_18_2796C","-1","Feb 20 2015  5:41PM","","",""
"W_TB_H_01","PCC","QGAS","","","","","","PHD.OFI_18_2796D","-1","Feb 20 2015  5:41PM","","",""
"W_TB_H_01","PCC","WC","","","","","","PHD.OFFI_18_2796A","-1","Feb 20 2015  5:41PM","","",""
"W_TB_H_01","PCC","GOR","","","","","","PHD.OFFI_18_2796B","-1","Feb 20 2015  5:41PM","","",""
"W_TB_H_01","PCC","UCP","","","","","","PHD.PZI_18_2715","-1","Feb 20 2015  5:41PM","","",""
"W_TB_H_01","PCC","UCT","","","","","","PHD.TI_18_2723","-1","Feb 20 2015  5:41PM","","",""
"W_TB_H_01","PCC","DCP","","","","","","PHD.PZI_18_2717","-1","Feb 20 2015  5:41PM","","",""
"W_TB_H_01","PCC","DCT","","","","","","PHD.TI_18_2716","-1","Feb 20 2015  5:41PM","","",""
"W_TB_H_01","PCC","UCP_CALC","","","","","","PHD.NPY_18_2796B","-1","Feb 20 2015  5:41PM","","",""
"W_TB_H_01","PCC","UCT_CALC","","","","","","PHD.NTY_18_2796B","-1","Feb 20 2015  5:41PM","","",""
"W_TB_H_01","PCC","DCP_CALC","","","","","","PHD.NPY_18_2796C","-1","Feb 20 2015  5:41PM","","",""
"W_TB_H_01","PCC","DCT_CALC","","","","","","PHD.NTY_18_2796C","-1","Feb 20 2015  5:41PM","","",""
"W_TB_H_01","PCC","DP","","","","","","PHD.PDI_18_2706","-1","Feb 20 2015  5:41PM","","",""
"W_TB_H_01","PCC","CHOKE","","","","","","PHD.GI_18_2706A","-1","Feb 20 2015  5:41PM","","",""
"W_TB_H_01","PCC","CHOKE_CMD","","","","","","PHD.GI_18_2706B","-1","Feb 20 2015  5:41PM","","",""
"W_TB_H_01","PCC","CHOKE_CALC","","","","","","PHD.NGI_18_2706B","-1","Feb 20 2015  5:41PM","","",""
"W_TB_H_01","PCC","ERRF","","","","","","PHD.NFI_18_2796Z","-1","Feb 20 2015  5:41PM","","",""
"W_TB_H_01","PCC","MODUS","","","","","","PHD.HS_18_2706B","-1","Feb 20 2015  5:41PM","","",""
"W_TB_H_01","PCC","STATUS","","","","","","PHD.NI_18_2763","-1","Feb 20 2015  5:41PM","","",""
"W_TB_H_01","PCC","ROUTING","","","","","","PHD.GS_18_2709P","-1","Feb 20 2015  5:41PM","","",""
"W_TB_H_01","PCC","MeOH","","","","","","PHD.OFI_18_2796G","-1","Feb 20 2015  5:41PM","","",""
"W_TB_H_01","PCC","DHSVL","","","","","","PHD.GSH_18_2701","-1","Feb 20 2015  5:41PM","","",""
"W_TB_H_01","PCC","DHSVU","","","","","","PHD.GSH_18_2702","-1","Feb 20 2015  5:41PM","","",""
"W_TB_H_01","PCC","PMV","","","","","","PHD.GSH_18_2703","-1","Feb 20 2015  5:41PM","","",""
"W_TB_H_01","PCC","PWV","","","","","","PHD.GSH_18_2704","-1","Feb 20 2015  5:41PM","","",""
"W_TB_H_01","PCC","AMV","","","","","","PHD.GSH_18_2718","-1","Feb 20 2015  5:41PM","","",""
"W_TB_H_01","PCC","AWV","","","","","","PHD.GSH_18_2712","-1","Feb 20 2015  5:41PM","","",""
"W_TB_H_01","PCC","XOV","","","","","","PHD.GSH_18_2719","-1","Feb 20 2015  5:41PM","","",""
"W_TB_H_01","PCC","GLV","","","","","","PHD.GI_18_2745","-1","Feb 20 2015  5:41PM","","",""
"W_TB_H_01","PCC","PFORM_CALC","","","","","","PHD.NPY_18_2796A","-1","Feb 20 2015  5:41PM","","",""
"W_TB_H_01","PCC","TFORM_CALC","","","","","","PHD.NTY_18_2796A","-1","Feb 20 2015  5:41PM","","",""
"W_TB_H_01","PCC","CHOKE_POS_PER","","","","","","PHD.GI_18_2706E","-1","Feb 20 2015  5:41PM","","",""
"W_TB_H_01","PCC","TAG_32","","","","","","PHD.OFC_18_2796A","-1","Feb 20 2015  5:41PM","","",""
"W_TB_H_01","PCC","TAG_33","","","","","","PHD.OFC_18_2796B","-1","Feb 20 2015  5:41PM","","",""
"W_TB_H_01","PCC","TAG_34","","","","","","PHD.OFC_18_2796C","-1","Feb 20 2015  5:41PM","","",""
"W_TB_H_01","PCC","TAG_35","","","","","","PHD.OFC_18_2796D","-1","Feb 20 2015  5:41PM","","",""
"W_TB_H_01","PCC","TAG_36","","","","","","PHD.OFFI_18_2796C","-1","Feb 20 2015  5:41PM","","",""
"W_TB_H_01","PCC","GROUP","","","","","","","-1","Feb 20 2015  5:41PM","","",""
"W_TB_H_01","PCC","CLUSTER","","","","","","","-1","Feb 20 2015  5:41PM","","",""
"W_TB_H_01","PCC","QOILTARGET","","","","","","PHD.UR_18_2801A_X","-1","Feb 20 2015  5:41PM","","",""
"W_TB_H_01","PCC","QOILMIN","","","","","","PHD.URL_18_2801A_X","-1","Feb 20 2015  5:41PM","","",""
"W_TB_H_01","PCC","QOILMAX","","","","","","PHD.URH_18_2801A_X","-1","Feb 20 2015  5:41PM","","",""
"W_TB_H_01","PCC","QLIQTARGET","","","","","","PHD.UR_18_2801C_X","-1","Feb 20 2015  5:41PM","","",""
"W_TB_H_01","PCC","LIQMIN","","","","","","PHD.URL_18_2801C_X","-1","Feb 20 2015  5:41PM","","",""
"W_TB_H_01","PCC","QLIQMAX","","","","","","PHD.URH_18_2801C_X","-1","Feb 20 2015  5:41PM","","",""
"W_TB_H_02","PCC","EQUIPMENT_NAME","H2","","","","","","-1","Feb 20 2015  5:41PM","","",""
"W_TB_H_02","PCC","EQUIPMENT_DESC","H2- Troll B","","","","","","-1","Feb 20 2015  5:41PM","","",""
"W_TB_H_02","PCC","QOIL","","","","","","PHD.OFI_18_2896A","-1","Feb 20 2015  5:41PM","","",""
"W_TB_H_02","PCC","QWAT","","","","","","PHD.OFI_18_2896B","-1","Feb 20 2015  5:41PM","","",""
"W_TB_H_02","PCC","QLIQ","","","","","","PHD.OFI_18_2896C","-1","Feb 20 2015  5:41PM","","",""
"W_TB_H_02","PCC","QGAS","","","","","","PHD.OFI_18_2896D","-1","Feb 20 2015  5:41PM","","",""
"W_TB_H_02","PCC","WC","","","","","","PHD.OFFI_18_2896A","-1","Feb 20 2015  5:41PM","","",""
"W_TB_H_02","PCC","GOR","","","","","","PHD.OFFI_18_2896B","-1","Feb 20 2015  5:41PM","","",""
"W_TB_H_02","PCC","UCP","","","","","","PHD.PZI_18_2815","-1","Feb 20 2015  5:41PM","","",""
"W_TB_H_02","PCC","UCT","","","","","","PHD.TI_18_2823","-1","Feb 20 2015  5:41PM","","",""
"W_TB_H_02","PCC","DCP","","","","","","PHD.PZI_18_2817","-1","Feb 20 2015  5:41PM","","",""
"W_TB_H_02","PCC","DCT","","","","","","PHD.TI_18_2816","-1","Feb 20 2015  5:41PM","","",""
"W_TB_H_02","PCC","UCP_CALC","","","","","","PHD.NPY_18_2896B","-1","Feb 20 2015  5:41PM","","",""
"W_TB_H_02","PCC","UCT_CALC","","","","","","PHD.NTY_18_2896B","-1","Feb 20 2015  5:41PM","","",""
"W_TB_H_02","PCC","DCP_CALC","","","","","","PHD.NPY_18_2896C","-1","Feb 20 2015  5:41PM","","",""
"W_TB_H_02","PCC","DCT_CALC","","","","","","PHD.NTY_18_2896C","-1","Feb 20 2015  5:41PM","","",""
"W_TB_H_02","PCC","DP","","","","","","PHD.PDI_18_2806","-1","Feb 20 2015  5:41PM","","",""
"W_TB_H_02","PCC","CHOKE","","","","","","PHD.GI_18_2806A","-1","Feb 20 2015  5:41PM","","",""
"W_TB_H_02","PCC","CHOKE_CMD","","","","","","PHD.GI_18_2806B","-1","Feb 20 2015  5:41PM","","",""
"W_TB_H_02","PCC","CHOKE_CALC","","","","","","PHD.NGI_18_2806B","-1","Feb 20 2015  5:41PM","","",""
"W_TB_H_02","PCC","ERRF","","","","","","PHD.NFI_18_2896Z","-1","Feb 20 2015  5:41PM","","",""
"W_TB_H_02","PCC","MODUS","","","","","","PHD.HS_18_2806B","-1","Feb 20 2015  5:41PM","","",""
"W_TB_H_02","PCC","STATUS","","","","","","PHD.NI_18_2863","-1","Feb 20 2015  5:41PM","","",""
"W_TB_H_02","PCC","ROUTING","","","","","","PHD.GS_18_2809P","-1","Feb 20 2015  5:41PM","","",""
"W_TB_H_02","PCC","MeOH","","","","","","PHD.OFI_18_2896G","-1","Feb 20 2015  5:41PM","","",""
"W_TB_H_02","PCC","DHSVL","","","","","","PHD.GSH_18_2801","-1","Feb 20 2015  5:41PM","","",""
"W_TB_H_02","PCC","DHSVU","","","","","","PHD.GSH_18_2802","-1","Feb 20 2015  5:41PM","","",""
"W_TB_H_02","PCC","PMV","","","","","","PHD.GSH_18_2803","-1","Feb 20 2015  5:41PM","","",""
"W_TB_H_02","PCC","PWV","","","","","","PHD.GSH_18_2804","-1","Feb 20 2015  5:41PM","","",""
"W_TB_H_02","PCC","AMV","","","","","","PHD.GSH_18_2818","-1","Feb 20 2015  5:41PM","","",""
"W_TB_H_02","PCC","AWV","","","","","","PHD.GSH_18_2812","-1","Feb 20 2015  5:41PM","","",""
"W_TB_H_02","PCC","XOV","","","","","","PHD.GSH_18_2819","-1","Feb 20 2015  5:41PM","","",""
"W_TB_H_02","PCC","GLV","","","","","","PHD.GI_18_2845","-1","Feb 20 2015  5:41PM","","",""
"W_TB_H_02","PCC","PCV","","","","","","PHD.GSL_18_28_06","-1","Feb 20 2015  5:41PM","","",""
"W_TB_H_02","PCC","PFORM_CALC","","","","","","PHD.NPY_18_2896A","-1","Feb 20 2015  5:41PM","","",""
"W_TB_H_02","PCC","TFORM_CALC","","","","","","PHD.NTY_18_2896A","-1","Feb 20 2015  5:41PM","","",""
"W_TB_H_02","PCC","CHOKE_POS_PER","","","","","","PHD.GI_18_2806E","-1","Feb 20 2015  5:41PM","","",""
"W_TB_H_02","PCC","TAG_32","","","","","","PHD.OFC_18_2896A","-1","Feb 20 2015  5:41PM","","",""
"W_TB_H_02","PCC","TAG_33","","","","","","PHD.OFC_18_2896B","-1","Feb 20 2015  5:41PM","","",""
"W_TB_H_02","PCC","TAG_34","","","","","","PHD.OFC_18_2896C","-1","Feb 20 2015  5:41PM","","",""
"W_TB_H_02","PCC","TAG_35","","","","","","PHD.OFC_18_2896D","-1","Feb 20 2015  5:41PM","","",""
"W_TB_H_02","PCC","TAG_36","","","","","","PHD.OFFI_18_2896C","-1","Feb 20 2015  5:41PM","","",""
"W_TB_H_02","PCC","GROUP","","","","","","","-1","Feb 20 2015  5:41PM","","",""
"W_TB_H_02","PCC","CLUSTER","","","","","","","-1","Feb 20 2015  5:41PM","","",""
"W_TB_H_02","PCC","QOILTARGET","","","","","","PHD.UR_18_2901A_X","-1","Feb 20 2015  5:41PM","","",""
"W_TB_H_02","PCC","QOILMIN","","","","","","PHD.URL_18_2901A_X","-1","Feb 20 2015  5:41PM","","",""
"W_TB_H_02","PCC","QOILMAX","","","","","","PHD.URH_18_2901A_X","-1","Feb 20 2015  5:41PM","","",""
"W_TB_H_02","PCC","QLIQTARGET","","","","","","PHD.UR_18_2901C_X","-1","Feb 20 2015  5:41PM","","",""
"W_TB_H_02","PCC","LIQMIN","","","","","","PHD.URL_18_2901C_X","-1","Feb 20 2015  5:41PM","","",""
"W_TB_H_02","PCC","QLIQMAX","","","","","","PHD.URH_18_2901C_X","-1","Feb 20 2015  5:41PM","","",""
"W_TB_H_03","PCC","EQUIPMENT_NAME","H3","","","","","","-1","Feb 20 2015  5:41PM","","",""
"W_TB_H_03","PCC","EQUIPMENT_DESC","H3- Troll B","","","","","","-1","Feb 20 2015  5:41PM","","",""
"W_TB_H_03","PCC","QOIL","","","","","","PHD.OFI_18_2996A","-1","Feb 20 2015  5:41PM","","",""
"W_TB_H_03","PCC","QWAT","","","","","","PHD.OFI_18_2996B","-1","Feb 20 2015  5:41PM","","",""
"W_TB_H_03","PCC","QLIQ","","","","","","PHD.OFI_18_2996C","-1","Feb 20 2015  5:41PM","","",""
"W_TB_H_03","PCC","QGAS","","","","","","PHD.OFI_18_2996D","-1","Feb 20 2015  5:41PM","","",""
"W_TB_H_03","PCC","WC","","","","","","PHD.OFFI_18_2996A","-1","Feb 20 2015  5:41PM","","",""
"W_TB_H_03","PCC","GOR","","","","","","PHD.OFFI_18_2996B","-1","Feb 20 2015  5:41PM","","",""
"W_TB_H_03","PCC","UCP","","","","","","PHD.PZI_18_2915","-1","Feb 20 2015  5:41PM","","",""
"W_TB_H_03","PCC","UCT","","","","","","PHD.TI_18_2923","-1","Feb 20 2015  5:41PM","","",""
"W_TB_H_03","PCC","DCP","","","","","","PHD.PZI_18_2917","-1","Feb 20 2015  5:41PM","","",""
"W_TB_H_03","PCC","DCT","","","","","","PHD.TI_18_2916","-1","Feb 20 2015  5:41PM","","",""
"W_TB_H_03","PCC","UCP_CALC","","","","","","PHD.NPY_18_2996B","-1","Feb 20 2015  5:41PM","","",""
"W_TB_H_03","PCC","UCT_CALC","","","","","","PHD.NTY_18_2996B","-1","Feb 20 2015  5:41PM","","",""
"W_TB_H_03","PCC","DCP_CALC","","","","","","PHD.NPY_18_2996C","-1","Feb 20 2015  5:41PM","","",""
"W_TB_H_03","PCC","DCT_CALC","","","","","","PHD.NTY_18_2996C","-1","Feb 20 2015  5:41PM","","",""
"W_TB_H_03","PCC","DP","","","","","","PHD.PDI_18_2906","-1","Feb 20 2015  5:41PM","","",""
"W_TB_H_03","PCC","CHOKE","","","","","","PHD.GI_18_2906A","-1","Feb 20 2015  5:41PM","","",""
"W_TB_H_03","PCC","CHOKE_CMD","","","","","","PHD.GI_18_2906B","-1","Feb 20 2015  5:41PM","","",""
"CL_TB_D","PCC","EQUIPMENT_DESC","Cluster D - Troll B","","","","","","-1","Feb 20 2015  5:41PM","","",""
"CL_TB_D","PCC","QOIL","","","","","","PHD.OFI_18_6196A","-1","Feb 20 2015  5:41PM","","",""
"CL_TB_D","PCC","QWAT","","","","","","PHD.OFI_18_6196B","-1","Feb 20 2015  5:41PM","","",""
"CL_TB_D","PCC","QLIQ","","","","","","PHD.OFI_18_6196C","-1","Feb 20 2015  5:41PM","","",""
"CL_TB_D","PCC","QGAS","","","","","","PHD.OFI_18_6196D","-1","Feb 20 2015  5:41PM","","",""
"CL_TB_D","PCC","WC","","","","","","PHD.OFFI_18_6196A","-1","Feb 20 2015  5:41PM","","",""
"CL_TB_D","PCC","GOR","","","","","","PHD.OFFI_18_6196B","-1","Feb 20 2015  5:41PM","","",""
"CL_TB_D","PCC","ROUTING","","","","","","","-1","Feb 20 2015  5:41PM","","",""
"CL_TB_E","PCC","EQUIPMENT_NAME","E","","","","","","-1","Feb 20 2015  5:41PM","","",""
"CL_TB_E","PCC","EQUIPMENT_DESC","Cluster E - Troll B","","","","","","-1","Feb 20 2015  5:41PM","","",""
"CL_TB_E","PCC","QOIL","","","","","","PHD.OFI_18_6296A","-1","Feb 20 2015  5:41PM","","",""
"CL_TB_E","PCC","QWAT","","","","","","PHD.OFI_18_6296B","-1","Feb 20 2015  5:41PM","","",""
"CL_TB_E","PCC","QLIQ","","","","","","PHD.OFI_18_6296C","-1","Feb 20 2015  5:41PM","","",""
"CL_TB_E","PCC","QGAS","","","","","","PHD.OFI_18_6296D","-1","Feb 20 2015  5:41PM","","",""
"CL_TB_E","PCC","WC","","","","","","PHD.OFFI_18_6296A","-1","Feb 20 2015  5:41PM","","",""
"CL_TB_E","PCC","GOR","","","","","","PHD.OFFI_18_6296B","-1","Feb 20 2015  5:41PM","","",""
"CL_TB_E","PCC","ROUTING","","","","","","","-1","Feb 20 2015  5:41PM","","",""
"CL_TB_F","PCC","EQUIPMENT_NAME","F","","","","","","-1","Feb 20 2015  5:41PM","","",""
"CL_TB_F","PCC","EQUIPMENT_DESC","Cluster F - Troll B","","","","","","-1","Feb 20 2015  5:41PM","","",""
"CL_TB_F","PCC","QOIL","","","","","","PHD.OFI_18_6396A","-1","Feb 20 2015  5:41PM","","",""
"CL_TB_F","PCC","QWAT","","","","","","PHD.OFI_18_6396B","-1","Feb 20 2015  5:41PM","","",""
"CL_TB_F","PCC","QLIQ","","","","","","PHD.OFI_18_6396C","-1","Feb 20 2015  5:41PM","","",""
"CL_TB_F","PCC","QGAS","","","","","","PHD.OFI_18_6396D","-1","Feb 20 2015  5:41PM","","",""
"CL_TB_F","PCC","WC","","","","","","PHD.OFFI_18_6396A","-1","Feb 20 2015  5:41PM","","",""
"CL_TB_F","PCC","GOR","","","","","","PHD.OFFI_18_6396B","-1","Feb 20 2015  5:41PM","","",""
"CL_TB_F","PCC","ROUTING","","","","","","","-1","Feb 20 2015  5:41PM","","",""
"CL_TB_G","PCC","EQUIPMENT_NAME","G","","","","","","-1","Feb 20 2015  5:41PM","","",""
"CL_TB_G","PCC","EQUIPMENT_DESC","Cluster G - Troll B","","","","","","-1","Feb 20 2015  5:41PM","","",""
"CL_TB_G","PCC","QOIL","","","","","","PHD.OFI_18_6496A","-1","Feb 20 2015  5:41PM","","",""
"CL_TB_G","PCC","QWAT","","","","","","PHD.OFI_18_6496B","-1","Feb 20 2015  5:41PM","","",""
"CL_TB_G","PCC","QLIQ","","","","","","PHD.OFI_18_6496C","-1","Feb 20 2015  5:41PM","","",""
"CL_TB_G","PCC","QGAS","","","","","","PHD.OFI_18_6496D","-1","Feb 20 2015  5:41PM","","",""
"CL_TB_G","PCC","WC","","","","","","PHD.OFFI_18_6496A","-1","Feb 20 2015  5:41PM","","",""
"CL_TB_G","PCC","GOR","","","","","","PHD.OFFI_18_6496B","-1","Feb 20 2015  5:41PM","","",""
"CL_TB_G","PCC","ROUTING","","","","","","","-1","Feb 20 2015  5:41PM","","",""
"CL_TB_H","PCC","EQUIPMENT_NAME","H","","","","","","-1","Feb 20 2015  5:41PM","","",""
"CL_TB_H","PCC","EQUIPMENT_DESC","Cluster H - Troll B","","","","","","-1","Feb 20 2015  5:41PM","","",""
"CL_TB_H","PCC","QOIL","","","","","","PHD.OFI_18_6796A","-1","Feb 20 2015  5:41PM","","",""
"CL_TB_H","PCC","QWAT","","","","","","PHD.OFI_18_6796B","-1","Feb 20 2015  5:41PM","","",""
"CL_TB_H","PCC","QLIQ","","","","","","PHD.OFI_18_6796C","-1","Feb 20 2015  5:41PM","","",""
"CL_TB_H","PCC","QGAS","","","","","","PHD.OFI_18_6796D","-1","Feb 20 2015  5:41PM","","",""
"CL_TB_H","PCC","WC","","","","","","PHD.OFFI_18_6796A","-1","Feb 20 2015  5:41PM","","",""
"CL_TB_H","PCC","GOR","","","","","","PHD.OFFI_18_6796B","-1","Feb 20 2015  5:41PM","","",""
"CL_TB_H","PCC","ROUTING","","","","","","","-1","Feb 20 2015  5:41PM","","",""
"CL_TB_I","PCC","EQUIPMENT_NAME","I","","","","","","-1","Feb 20 2015  5:41PM","","",""
"CL_TB_I","PCC","EQUIPMENT_DESC","Cluster I - Troll B","","","","","","-1","Feb 20 2015  5:41PM","","",""
"CL_TB_I","PCC","QOIL","","","","","","PHD.OFI_18_6896A","-1","Feb 20 2015  5:41PM","","",""
"CL_TB_I","PCC","QWAT","","","","","","PHD.OFI_18_6896B","-1","Feb 20 2015  5:41PM","","",""
"CL_TB_I","PCC","QLIQ","","","","","","PHD.OFI_18_6896C","-1","Feb 20 2015  5:41PM","","",""
"CL_TB_I","PCC","QGAS","","","","","","PHD.OFI_18_6896D","-1","Feb 20 2015  5:41PM","","",""
"CL_TB_I","PCC","WC","","","","","","PHD.OFFI_18_6896A","-1","Feb 20 2015  5:41PM","","",""
"CL_TB_I","PCC","GOR","","","","","","PHD.OFFI_18_6896B","-1","Feb 20 2015  5:41PM","","",""
"CL_TB_I","PCC","ROUTING","","","","","","","-1","Feb 20 2015  5:41PM","","",""
"CL_TB_J","PCC","EQUIPMENT_NAME","J","","","","","","-1","Feb 20 2015  5:41PM","","",""
"CL_TB_J","PCC","EQUIPMENT_DESC","Cluster J - Troll B","","","","","","-1","Feb 20 2015  5:41PM","","",""
"CL_TB_J","PCC","QOIL","","","","","","PHD.OFI_18_6996A","-1","Feb 20 2015  5:41PM","","",""
"CL_TB_J","PCC","QWAT","","","","","","PHD.OFI_18_6996B","-1","Feb 20 2015  5:41PM","","",""
"CL_TB_J","PCC","QLIQ","","","","","","PHD.OFI_18_6996C","-1","Feb 20 2015  5:41PM","","",""
"CL_TB_J","PCC","QGAS","","","","","","PHD.OFI_18_6996D","-1","Feb 20 2015  5:41PM","","",""
"CL_TB_J","PCC","WC","","","","","","PHD.OFFI_18_6996A","-1","Feb 20 2015  5:41PM","","",""
"CL_TB_J","PCC","GOR","","","","","","PHD.OFFI_18_6996B","-1","Feb 20 2015  5:41PM","","",""
"CL_TB_J","PCC","ROUTING","","","","","","","-1","Feb 20 2015  5:41PM","","",""
"CL_TB_K","PCC","EQUIPMENT_NAME","K","","","","","","-1","Feb 20 2015  5:41PM","","",""
"CL_TB_K","PCC","EQUIPMENT_DESC","Cluster K - Troll B","","","","","","-1","Feb 20 2015  5:41PM","","",""
"CL_TB_K","PCC","QOIL","","","","","","PHD.OFI_18_7096A","-1","Feb 20 2015  5:41PM","","",""
"CL_TB_K","PCC","QWAT","","","","","","PHD.OFI_18_7096B","-1","Feb 20 2015  5:41PM","","",""
"CL_TB_K","PCC","QLIQ","","","","","","PHD.OFI_18_7096C","-1","Feb 20 2015  5:41PM","","",""
"CL_TB_K","PCC","QGAS","","","","","","PHD.OFI_18_7096D","-1","Feb 20 2015  5:41PM","","",""
"CL_TB_K","PCC","WC","","","","","","PHD.OFFI_18_7096A","-1","Feb 20 2015  5:41PM","","",""
"CL_TB_K","PCC","GOR","","","","","","PHD.OFFI_18_7096B","-1","Feb 20 2015  5:41PM","","",""
"CL_TB_K","PCC","ROUTING","","","","","","","-1","Feb 20 2015  5:41PM","","",""
"CL_TB_L","PCC","EQUIPMENT_NAME","L","","","","","","-1","Feb 20 2015  5:41PM","","",""
"CL_TB_L","PCC","EQUIPMENT_DESC","Cluster L - Troll B","","","","","","-1","Feb 20 2015  5:41PM","","",""
"CL_TB_L","PCC","QOIL","","","","","","PHD.OFI_18_7196A","-1","Feb 20 2015  5:41PM","","",""
"CL_TB_L","PCC","QWAT","","","","","","PHD.OFI_18_7196B","-1","Feb 20 2015  5:41PM","","",""
"CL_TB_L","PCC","QLIQ","","","","","","PHD.OFI_18_7196C","-1","Feb 20 2015  5:41PM","","",""
"CL_TB_L","PCC","QGAS","","","","","","PHD.OFI_18_7196D","-1","Feb 20 2015  5:41PM","","",""
"CL_TB_L","PCC","WC","","","","","","PHD.OFFI_18_7196A","-1","Feb 20 2015  5:41PM","","",""
"CL_TB_L","PCC","GOR","","","","","","PHD.OFFI_18_7196B","-1","Feb 20 2015  5:41PM","","",""
"CL_TB_L","PCC","ROUTING","","","","","","","-1","Feb 20 2015  5:41PM","","",""
"F_TROLL","PCC","EQUIPMENT_NAME","F_TROLL","","","","","","-1","Feb 20 2015  5:41PM","","",""
"F_TROLL","PCC","EQUIPMENT_DESC","F_TROLL","","","","","","-1","Feb 20 2015  5:41PM","","",""
"OL","PCC","EQUIPMENT_NAME","OL","","","","","","-1","Feb 20 2015  5:41PM","","",""
"OL","PCC","EQUIPMENT_DESC","OL","","","","","","-1","Feb 20 2015  5:41PM","","",""
"OSL_ALL_FIELDS","PCC","EQUIPMENT_NAME","OSL_ALL_FIELDS","","","","","","-1","Feb 20 2015  5:41PM","","",""
"OSL_ALL_FIELDS","PCC","EQUIPMENT_DESC","OSL_ALL_FIELDS","","","","","","-1","Feb 20 2015  5:41PM","","",""
"P_TB","PCC","EQUIPMENT_NAME","TB","","","","","","-1","Feb 20 2015  5:41PM","","",""
"P_TB","PCC","EQUIPMENT_DESC","TB","","","","","","-1","Feb 20 2015  5:41PM","","",""
"PL_TB_D_P","PCC","EQUIPMENT_NAME","D_P","","","","","","-1","Feb 20 2015  5:41PM","","",""
"PL_TB_D_P","PCC","EQUIPMENT_DESC","D Prod - Troll B","","","","","","-1","Feb 20 2015  5:41PM","","",""
"PL_TB_D_P","PCC","QOIL","","","","","","PHD.OFI_18_6196PA","-1","Feb 20 2015  5:41PM","","",""
"PL_TB_D_P","PCC","QWAT","","","","","","PHD.OFI_18_6196PB","-1","Feb 20 2015  5:41PM","","",""
"W_TB_H_03","PCC","ERRF","","","","","","PHD.NFI_18_2996Z","-1","Feb 20 2015  5:41PM","","",""
"W_TB_H_03","PCC","MODUS","","","","","","PHD.HS_18_2906B","-1","Feb 20 2015  5:41PM","","",""
"W_TB_H_03","PCC","STATUS","","","","","","PHD.NI_18_2963","-1","Feb 20 2015  5:41PM","","",""
"W_TB_H_03","PCC","ROUTING","","","","","","PHD.GS_18_2909P","-1","Feb 20 2015  5:41PM","","",""
"W_TB_H_03","PCC","MeOH","","","","","","PHD.OFI_18_2996G","-1","Feb 20 2015  5:41PM","","",""
"W_TB_H_03","PCC","DHSVL","","","","","","PHD.GSH_18_2901","-1","Feb 20 2015  5:41PM","","",""
"W_TB_H_03","PCC","DHSVU","","","","","","PHD.GSH_18_2902","-1","Feb 20 2015  5:41PM","","",""
"W_TB_H_03","PCC","PMV","","","","","","PHD.GSH_18_2903","-1","Feb 20 2015  5:41PM","","",""
"W_TB_H_03","PCC","PWV","","","","","","PHD.GSH_18_2904","-1","Feb 20 2015  5:41PM","","",""
"W_TB_H_03","PCC","AMV","","","","","","PHD.GSH_18_2918","-1","Feb 20 2015  5:41PM","","",""
"W_TB_H_03","PCC","AWV","","","","","","PHD.GSH_18_2912","-1","Feb 20 2015  5:41PM","","",""
"W_TB_H_03","PCC","XOV","","","","","","PHD.GSH_18_2919","-1","Feb 20 2015  5:41PM","","",""
"W_TB_H_03","PCC","GLV","","","","","","PHD.GI_18_2945","-1","Feb 20 2015  5:41PM","","",""
"W_TB_H_03","PCC","PCV","","","","","","PHD.GSL_18_29_06","-1","Feb 20 2015  5:41PM","","",""
"W_TB_H_03","PCC","PFORM_CALC","","","","","","PHD.NPY_18_2996A","-1","Feb 20 2015  5:41PM","","",""
"W_TB_H_03","PCC","TFORM_CALC","","","","","","PHD.NTY_18_2996A","-1","Feb 20 2015  5:41PM","","",""
"W_TB_H_03","PCC","CHOKE_POS_PER","","","","","","PHD.GI_18_2906E","-1","Feb 20 2015  5:41PM","","",""
"W_TB_H_03","PCC","TAG_32","","","","","","PHD.OFC_18_2996A","-1","Feb 20 2015  5:41PM","","",""
"W_TB_H_03","PCC","TAG_33","","","","","","PHD.OFC_18_2996B","-1","Feb 20 2015  5:41PM","","",""
"W_TB_H_03","PCC","TAG_34","","","","","","PHD.OFC_18_2996C","-1","Feb 20 2015  5:41PM","","",""
"W_TB_H_03","PCC","TAG_35","","","","","","PHD.OFC_18_2996D","-1","Feb 20 2015  5:41PM","","",""
"W_TB_H_03","PCC","TAG_36","","","","","","PHD.OFFI_18_2996C","-1","Feb 20 2015  5:41PM","","",""
"W_TB_H_03","PCC","GROUP","","","","","","","-1","Feb 20 2015  5:41PM","","",""
"W_TB_H_03","PCC","CLUSTER","","","","","","","-1","Feb 20 2015  5:41PM","","",""
"W_TB_H_03","PCC","QOILTARGET","","","","","","PHD.UR_18_3001A_X","-1","Feb 20 2015  5:41PM","","",""
"W_TB_H_03","PCC","QOILMIN","","","","","","PHD.URL_18_3001A_X","-1","Feb 20 2015  5:41PM","","",""
"W_TB_H_03","PCC","QOILMAX","","","","","","PHD.URH_18_3001A_X","-1","Feb 20 2015  5:41PM","","",""
"W_TB_H_03","PCC","QLIQTARGET","","","","","","PHD.UR_18_3001C_X","-1","Feb 20 2015  5:41PM","","",""
"W_TB_H_03","PCC","LIQMIN","","","","","","PHD.URL_18_3001C_X","-1","Feb 20 2015  5:41PM","","",""
"W_TB_H_03","PCC","QLIQMAX","","","","","","PHD.URH_18_3001C_X","-1","Feb 20 2015  5:41PM","","",""
"W_TB_H_04","PCC","EQUIPMENT_NAME","H4","","","","","","-1","Feb 20 2015  5:41PM","","",""
"W_TB_H_04","PCC","EQUIPMENT_DESC","H4- Troll B","","","","","","-1","Feb 20 2015  5:41PM","","",""
"W_TB_H_04","PCC","QOIL","","","","","","PHD.OFI_18_3096A","-1","Feb 20 2015  5:41PM","","",""
"W_TB_H_04","PCC","QWAT","","","","","","PHD.OFI_18_3096B","-1","Feb 20 2015  5:41PM","","",""
"W_TB_H_04","PCC","QLIQ","","","","","","PHD.OFI_18_3096C","-1","Feb 20 2015  5:41PM","","",""
"W_TB_H_04","PCC","QGAS","","","","","","PHD.OFI_18_3096D","-1","Feb 20 2015  5:41PM","","",""
"W_TB_H_04","PCC","WC","","","","","","PHD.OFFI_18_3096A","-1","Feb 20 2015  5:41PM","","",""
"W_TB_H_04","PCC","GOR","","","","","","PHD.OFFI_18_3096B","-1","Feb 20 2015  5:41PM","","",""
"W_TB_H_04","PCC","UCP","","","","","","PHD.PZI_18_3015","-1","Feb 20 2015  5:41PM","","",""
"W_TB_H_04","PCC","UCT","","","","","","PHD.TI_18_3023","-1","Feb 20 2015  5:41PM","","",""
"W_TB_H_04","PCC","DCP","","","","","","PHD.PZI_18_3017","-1","Feb 20 2015  5:41PM","","",""
"W_TB_H_04","PCC","DCT","","","","","","PHD.TI_18_3016","-1","Feb 20 2015  5:41PM","","",""
"W_TB_H_04","PCC","UCP_CALC","","","","","","PHD.NPY_18_3096B","-1","Feb 20 2015  5:41PM","","",""
"W_TB_H_04","PCC","UCT_CALC","","","","","","PHD.NTY_18_3096B","-1","Feb 20 2015  5:41PM","","",""
"W_TB_H_04","PCC","DCP_CALC","","","","","","PHD.NPY_18_3096C","-1","Feb 20 2015  5:41PM","","",""
"W_TB_H_04","PCC","DCT_CALC","","","","","","PHD.NTY_18_3096C","-1","Feb 20 2015  5:41PM","","",""
"W_TB_H_04","PCC","DP","","","","","","PHD.PDI_18_3006","-1","Feb 20 2015  5:41PM","","",""
"W_TB_H_04","PCC","CHOKE","","","","","","PHD.GI_18_3006A","-1","Feb 20 2015  5:41PM","","",""
"W_TB_H_04","PCC","CHOKE_CMD","","","","","","PHD.GI_18_3006B","-1","Feb 20 2015  5:41PM","","",""
"W_TB_H_04","PCC","CHOKE_CALC","","","","","","PHD.NGI_18_3006B","-1","Feb 20 2015  5:41PM","","",""
"W_TB_H_04","PCC","ERRF","","","","","","PHD.NFI_18_3096Z","-1","Feb 20 2015  5:41PM","","",""
"W_TB_H_04","PCC","MODUS","","","","","","PHD.HS_18_3006B","-1","Feb 20 2015  5:41PM","","",""
"W_TB_H_04","PCC","STATUS","","","","","","PHD.NI_18_3063","-1","Feb 20 2015  5:41PM","","",""
"W_TB_H_04","PCC","ROUTING","","","","","","PHD.GS_18_3009P","-1","Feb 20 2015  5:41PM","","",""
"W_TB_H_04","PCC","MeOH","","","","","","PHD.OFI_18_3096G","-1","Feb 20 2015  5:41PM","","",""
"W_TB_H_04","PCC","DHSVL","","","","","","PHD.GSH_18_3001","-1","Feb 20 2015  5:41PM","","",""
"W_TB_H_04","PCC","DHSVU","","","","","","PHD.GSH_18_3002","-1","Feb 20 2015  5:41PM","","",""
"W_TB_H_04","PCC","PMV","","","","","","PHD.GSH_18_3003","-1","Feb 20 2015  5:41PM","","",""
"W_TB_H_04","PCC","PWV","","","","","","PHD.GSH_18_3004","-1","Feb 20 2015  5:41PM","","",""
"W_TB_H_04","PCC","AMV","","","","","","PHD.GSH_18_3018","-1","Feb 20 2015  5:41PM","","",""
"W_TB_H_04","PCC","AWV","","","","","","PHD.GSH_18_3012","-1","Feb 20 2015  5:41PM","","",""
"W_TB_H_04","PCC","XOV","","","","","","PHD.GSH_18_3019","-1","Feb 20 2015  5:41PM","","",""
"W_TB_H_04","PCC","GLV","","","","","","PHD.GI_18_3045","-1","Feb 20 2015  5:41PM","","",""
"W_TB_H_04","PCC","PCV","","","","","","PHD.GSL_18_30_06","-1","Feb 20 2015  5:41PM","","",""
"W_TB_H_04","PCC","PFORM_CALC","","","","","","PHD.NPY_18_3096A","-1","Feb 20 2015  5:41PM","","",""
"W_TB_H_04","PCC","TFORM_CALC","","","","","","PHD.NTY_18_3096A","-1","Feb 20 2015  5:41PM","","",""
"W_TB_H_04","PCC","CHOKE_POS_PER","","","","","","PHD.GI_18_3006E","-1","Feb 20 2015  5:41PM","","",""
"W_TB_H_04","PCC","TAG_32","","","","","","PHD.OFC_18_3096A","-1","Feb 20 2015  5:41PM","","",""
"W_TB_H_04","PCC","TAG_33","","","","","","PHD.OFC_18_3096B","-1","Feb 20 2015  5:41PM","","",""
"W_TB_H_04","PCC","TAG_34","","","","","","PHD.OFC_18_3096C","-1","Feb 20 2015  5:41PM","","",""
"W_TB_H_04","PCC","TAG_35","","","","","","PHD.OFC_18_3096D","-1","Feb 20 2015  5:41PM","","",""
"W_TB_H_04","PCC","TAG_36","","","","","","PHD.OFFI_18_3096C","-1","Feb 20 2015  5:41PM","","",""
"W_TB_H_04","PCC","GROUP","","","","","","","-1","Feb 20 2015  5:41PM","","",""
"W_TB_H_04","PCC","CLUSTER","","","","","","","-1","Feb 20 2015  5:41PM","","",""
"W_TB_H_04","PCC","QOILTARGET","","","","","","PHD.UR_18_3101A_X","-1","Feb 20 2015  5:41PM","","",""
"W_TB_H_04","PCC","QOILMIN","","","","","","PHD.URL_18_3101A_X","-1","Feb 20 2015  5:41PM","","",""
"W_TB_H_04","PCC","QOILMAX","","","","","","PHD.URH_18_3101A_X","-1","Feb 20 2015  5:41PM","","",""
"W_TB_H_04","PCC","QLIQTARGET","","","","","","PHD.UR_18_3101C_X","-1","Feb 20 2015  5:41PM","","",""
"W_TB_H_04","PCC","LIQMIN","","","","","","PHD.URL_18_3101C_X","-1","Feb 20 2015  5:41PM","","",""
"W_TB_H_04","PCC","QLIQMAX","","","","","","PHD.URH_18_3101C_X","-1","Feb 20 2015  5:41PM","","",""
"W_TB_H_05","PCC","EQUIPMENT_NAME","H5","","","","","","-1","Feb 20 2015  5:41PM","","",""
"W_TB_H_05","PCC","EQUIPMENT_DESC","H5- Troll B","","","","","","-1","Feb 20 2015  5:41PM","","",""
"W_TB_H_05","PCC","QOIL","","","","","","PHD.OFI_18_3196A","-1","Feb 20 2015  5:41PM","","",""
"W_TB_H_05","PCC","QWAT","","","","","","PHD.OFI_18_3196B","-1","Feb 20 2015  5:41PM","","",""
"W_TB_H_05","PCC","QLIQ","","","","","","PHD.OFI_18_3196C","-1","Feb 20 2015  5:41PM","","",""
"PL_TB_D_P","PCC","QGAS","","","","","","PHD.OFI_18_6196PD","-1","Feb 20 2015  5:41PM","","",""
"PL_TB_D_P","PCC","WC","","","","","","PHD.OFFI_18_6196PA","-1","Feb 20 2015  5:41PM","","",""
"PL_TB_D_P","PCC","GOR","","","","","","PHD.OFFI_18_6196PB","-1","Feb 20 2015  5:41PM","","",""
"PL_TB_D_P","PCC","UCP","","","","","","PHD.PZTI_16_0012","-1","Feb 20 2015  5:41PM","","",""
"PL_TB_D_P","PCC","UCT","","","","","","PHD.TT_16_0011","-1","Feb 20 2015  5:41PM","","",""
"PL_TB_D_P","PCC","DCP","","","","","","PHD.PZTI_16_0013","-1","Feb 20 2015  5:41PM","","",""
"PL_TB_D_P","PCC","DP","","","","","","PHD.PDI_16_0010","-1","Feb 20 2015  5:41PM","","",""
"PL_TB_D_P","PCC","CHOKE","","","","","","PHD.HC_16_0008","-1","Feb 20 2015  5:41PM","","",""
"PL_TB_D_P","PCC","ROUTING","","","","","","PHD.HY_16_0030","-1","Feb 20 2015  5:41PM","","",""
"PL_TB_D_P","PCC","PMFLD","","","","","","","-1","Feb 20 2015  5:41PM","","",""
"PL_TB_D_P","PCC","GASLIFT","","","","","","PHD.FIC_23_0251","-1","Feb 20 2015  5:41PM","","",""
"PL_TB_D_P","PCC","GROUP","","","","","","","-1","Feb 20 2015  5:41PM","","",""
"PL_TB_D_P","PCC","CLUSTER","","","","","","","-1","Feb 20 2015  5:41PM","","",""
"PL_TB_D_T","PCC","EQUIPMENT_NAME","D_T","","","","","","-1","Feb 20 2015  5:41PM","","",""
"PL_TB_D_T","PCC","EQUIPMENT_DESC","D Test - Troll B","","","","","","-1","Feb 20 2015  5:41PM","","",""
"PL_TB_D_T","PCC","QOIL","","","","","","PHD.OFI_18_6196TA","-1","Feb 20 2015  5:41PM","","",""
"PL_TB_D_T","PCC","QWAT","","","","","","PHD.OFI_18_6196TB","-1","Feb 20 2015  5:41PM","","",""
"PL_TB_D_T","PCC","QLIQ","","","","","","PHD.OFI_18_6196TC","-1","Feb 20 2015  5:41PM","","",""
"PL_TB_D_T","PCC","QGAS","","","","","","PHD.OFI_18_6196TD","-1","Feb 20 2015  5:41PM","","",""
"PL_TB_D_T","PCC","WC","","","","","","PHD.OFFI_18_6196TA","-1","Feb 20 2015  5:41PM","","",""
"PL_TB_D_T","PCC","GOR","","","","","","PHD.OFFI_18_6196TB","-1","Feb 20 2015  5:41PM","","",""
"PL_TB_D_T","PCC","UCP","","","","","","PHD.PZTI_16_0062","-1","Feb 20 2015  5:41PM","","",""
"PL_TB_D_T","PCC","UCT","","","","","","PHD.TT_16_0061","-1","Feb 20 2015  5:41PM","","",""
"PL_TB_D_T","PCC","DCP","","","","","","PHD.PZTI_16_0063","-1","Feb 20 2015  5:41PM","","",""
"PL_TB_D_T","PCC","DP","","","","","","PHD.PDI_16_0060","-1","Feb 20 2015  5:41PM","","",""
"PL_TB_D_T","PCC","CHOKE","","","","","","PHD.HC_16_0058","-1","Feb 20 2015  5:41PM","","",""
"PL_TB_D_T","PCC","ROUTING","","","","","","PHD.HY_16_0080","-1","Feb 20 2015  5:41PM","","",""
"PL_TB_D_T","PCC","PMFLD","","","","","","","-1","Feb 20 2015  5:41PM","","",""
"PL_TB_D_T","PCC","GASLIFT","","","","","","PHD.FIC_23_0751","-1","Feb 20 2015  5:41PM","","",""
"PL_TB_D_T","PCC","GROUP","","","","","","","-1","Feb 20 2015  5:41PM","","",""
"PL_TB_D_T","PCC","CLUSTER","","","","","","","-1","Feb 20 2015  5:41PM","","",""
"PL_TB_E_P","PCC","EQUIPMENT_NAME","E_P","","","","","","-1","Feb 20 2015  5:41PM","","",""
"PL_TB_E_P","PCC","EQUIPMENT_DESC","E Prod - Troll B","","","","","","-1","Feb 20 2015  5:41PM","","",""
"PL_TB_E_P","PCC","QOIL","","","","","","PHD.OFI_18_6296PA","-1","Feb 20 2015  5:41PM","","",""
"PL_TB_E_P","PCC","QWAT","","","","","","PHD.OFI_18_6296PB","-1","Feb 20 2015  5:41PM","","",""
"PL_TB_E_P","PCC","QLIQ","","","","","","PHD.OFI_18_6296PC","-1","Feb 20 2015  5:41PM","","",""
"PL_TB_E_P","PCC","QGAS","","","","","","PHD.OFI_18_6296PD","-1","Feb 20 2015  5:41PM","","",""
"PL_TB_E_P","PCC","WC","","","","","","PHD.OFFI_18_6296PA","-1","Feb 20 2015  5:41PM","","",""
"PL_TB_E_P","PCC","GOR","","","","","","PHD.OFFI_18_6296PB","-1","Feb 20 2015  5:41PM","","",""
"PL_TB_E_P","PCC","UCP","","","","","","PHD.PZTI_16_0112","-1","Feb 20 2015  5:41PM","","",""
"PL_TB_E_P","PCC","UCT","","","","","","PHD.TT_16_0111","-1","Feb 20 2015  5:41PM","","",""
"PL_TB_E_P","PCC","DCP","","","","","","PHD.PZTI_16_0113","-1","Feb 20 2015  5:41PM","","",""
"PL_TB_E_P","PCC","DP","","","","","","PHD.PDI_16_0110","-1","Feb 20 2015  5:41PM","","",""
"PL_TB_E_P","PCC","CHOKE","","","","","","PHD.HC_16_0108","-1","Feb 20 2015  5:41PM","","",""
"PL_TB_E_P","PCC","ROUTING","","","","","","PHD.HY_16_0130","-1","Feb 20 2015  5:41PM","","",""
"PL_TB_E_P","PCC","PMFLD","","","","","","","-1","Feb 20 2015  5:41PM","","",""
"PL_TB_E_P","PCC","GASLIFT","","","","","","PHD.FIC_23_0256","-1","Feb 20 2015  5:41PM","","",""
"PL_TB_E_P","PCC","GROUP","","","","","","","-1","Feb 20 2015  5:41PM","","",""
"PL_TB_E_P","PCC","CLUSTER","","","","","","","-1","Feb 20 2015  5:41PM","","",""
"PL_TB_E_T","PCC","EQUIPMENT_NAME","E_T","","","","","","-1","Feb 20 2015  5:41PM","","",""
"PL_TB_E_T","PCC","EQUIPMENT_DESC","E Test - Troll B","","","","","","-1","Feb 20 2015  5:41PM","","",""
"PL_TB_E_T","PCC","QOIL","","","","","","PHD.OFI_18_6296TA","-1","Feb 20 2015  5:41PM","","",""
"PL_TB_E_T","PCC","QWAT","","","","","","PHD.OFI_18_6296TB","-1","Feb 20 2015  5:41PM","","",""
"PL_TB_E_T","PCC","QLIQ","","","","","","PHD.OFI_18_6296TC","-1","Feb 20 2015  5:41PM","","",""
"PL_TB_E_T","PCC","QGAS","","","","","","PHD.OFI_18_6296TD","-1","Feb 20 2015  5:41PM","","",""
"PL_TB_E_T","PCC","WC","","","","","","PHD.OFFI_18_6296TA","-1","Feb 20 2015  5:41PM","","",""
"PL_TB_E_T","PCC","GOR","","","","","","PHD.OFFI_18_6296TB","-1","Feb 20 2015  5:41PM","","",""
"PL_TB_E_T","PCC","UCP","","","","","","PHD.PZTI_16_0162","-1","Feb 20 2015  5:41PM","","",""
"PL_TB_E_T","PCC","UCT","","","","","","PHD.TT_16_0161","-1","Feb 20 2015  5:41PM","","",""
"PL_TB_E_T","PCC","DCP","","","","","","PHD.PZTI_16_0163","-1","Feb 20 2015  5:41PM","","",""
"PL_TB_E_T","PCC","DP","","","","","","PHD.PDI_16_0160","-1","Feb 20 2015  5:41PM","","",""
"PL_TB_E_T","PCC","CHOKE","","","","","","PHD.HC_16_0158","-1","Feb 20 2015  5:41PM","","",""
"PL_TB_E_T","PCC","ROUTING","","","","","","PHD.HY_16_0180","-1","Feb 20 2015  5:41PM","","",""
"PL_TB_E_T","PCC","PMFLD","","","","","","","-1","Feb 20 2015  5:41PM","","",""
"PL_TB_E_T","PCC","GASLIFT","","","","","","PHD.FIC_23_0756","-1","Feb 20 2015  5:41PM","","",""
"PL_TB_E_T","PCC","GROUP","","","","","","","-1","Feb 20 2015  5:41PM","","",""
"PL_TB_E_T","PCC","CLUSTER","","","","","","","-1","Feb 20 2015  5:41PM","","",""
"PL_TB_F_P","PCC","EQUIPMENT_NAME","F_P","","","","","","-1","Feb 20 2015  5:41PM","","",""
"PL_TB_F_P","PCC","EQUIPMENT_DESC","F Prod - Troll B","","","","","","-1","Feb 20 2015  5:41PM","","",""
"PL_TB_F_P","PCC","QOIL","","","","","","PHD.OFI_18_6396PA","-1","Feb 20 2015  5:41PM","","",""
"PL_TB_F_P","PCC","QWAT","","","","","","PHD.OFI_18_6396PB","-1","Feb 20 2015  5:41PM","","",""
"PL_TB_F_P","PCC","QLIQ","","","","","","PHD.OFI_18_6396PC","-1","Feb 20 2015  5:41PM","","",""
"PL_TB_F_P","PCC","QGAS","","","","","","PHD.OFI_18_6396PD","-1","Feb 20 2015  5:41PM","","",""
"PL_TB_F_P","PCC","WC","","","","","","PHD.OFFI_18_6396PA","-1","Feb 20 2015  5:41PM","","",""
"PL_TB_F_P","PCC","GOR","","","","","","PHD.OFFI_18_6396PB","-1","Feb 20 2015  5:41PM","","",""
"PL_TB_F_P","PCC","UCP","","","","","","PHD.PZTI_16_0212","-1","Feb 20 2015  5:41PM","","",""
"PL_TB_F_P","PCC","UCT","","","","","","PHD.TT_16_0211","-1","Feb 20 2015  5:41PM","","",""
"PL_TB_F_P","PCC","DCP","","","","","","PHD.PZTI_16_0213","-1","Feb 20 2015  5:41PM","","",""
"PL_TB_F_P","PCC","DP","","","","","","PHD.PDI_16_0210","-1","Feb 20 2015  5:41PM","","",""
"PL_TB_F_P","PCC","CHOKE","","","","","","PHD.HC_16_0208","-1","Feb 20 2015  5:41PM","","",""
"PL_TB_F_P","PCC","ROUTING","","","","","","PHD.HY_16_0230","-1","Feb 20 2015  5:41PM","","",""
"PL_TB_F_P","PCC","PMFLD","","","","","","","-1","Feb 20 2015  5:41PM","","",""
"PL_TB_F_P","PCC","GASLIFT","","","","","","PHD.FIC_23_0261","-1","Feb 20 2015  5:41PM","","",""
"PL_TB_F_P","PCC","GROUP","","","","","","","-1","Feb 20 2015  5:41PM","","",""
"PL_TB_F_P","PCC","CLUSTER","","","","","","","-1","Feb 20 2015  5:41PM","","",""
"PL_TB_F_T","PCC","EQUIPMENT_NAME","F_T","","","","","","-1","Feb 20 2015  5:41PM","","",""
"PL_TB_F_T","PCC","EQUIPMENT_DESC","F Test - Troll B","","","","","","-1","Feb 20 2015  5:41PM","","",""
"PL_TB_F_T","PCC","QOIL","","","","","","PHD.OFI_18_6396TA","-1","Feb 20 2015  5:41PM","","",""
"PL_TB_F_T","PCC","QWAT","","","","","","PHD.OFI_18_6396TB","-1","Feb 20 2015  5:41PM","","",""
"PL_TB_F_T","PCC","QLIQ","","","","","","PHD.OFI_18_6396TC","-1","Feb 20 2015  5:41PM","","",""
"PL_TB_F_T","PCC","WC","","","","","","PHD.OFFI_18_6396TA","-1","Feb 20 2015  5:41PM","","",""
"PL_TB_F_T","PCC","GOR","","","","","","PHD.OFFI_18_6396TB","-1","Feb 20 2015  5:41PM","","",""
"PL_TB_F_T","PCC","UCP","","","","","","PHD.PZTI_16_0262","-1","Feb 20 2015  5:41PM","","",""
"PL_TB_F_T","PCC","UCT","","","","","","PHD.TT_16_0261","-1","Feb 20 2015  5:41PM","","",""
"PL_TB_F_T","PCC","DCP","","","","","","PHD.PZTI_16_0263","-1","Feb 20 2015  5:41PM","","",""
"PL_TB_F_T","PCC","DP","","","","","","PHD.PDI_16_0260","-1","Feb 20 2015  5:41PM","","",""
"PL_TB_F_T","PCC","CHOKE","","","","","","PHD.HC_16_0258","-1","Feb 20 2015  5:41PM","","",""
"PL_TB_F_T","PCC","ROUTING","","","","","","PHD.HY_16_0280","-1","Feb 20 2015  5:41PM","","",""
"PL_TB_F_T","PCC","PMFLD","","","","","","","-1","Feb 20 2015  5:41PM","","",""
"PL_TB_F_T","PCC","GASLIFT","","","","","","PHD.FIC_23_0761","-1","Feb 20 2015  5:41PM","","",""
"PL_TB_F_T","PCC","GROUP","","","","","","","-1","Feb 20 2015  5:41PM","","",""
"PL_TB_F_T","PCC","CLUSTER","","","","","","","-1","Feb 20 2015  5:41PM","","",""
"PL_TB_G_P","PCC","EQUIPMENT_NAME","G_P","","","","","","-1","Feb 20 2015  5:41PM","","",""
"PL_TB_G_P","PCC","EQUIPMENT_DESC","G Prod - Troll B","","","","","","-1","Feb 20 2015  5:41PM","","",""
"PL_TB_G_P","PCC","QOIL","","","","","","PHD.OFI_18_6496PA","-1","Feb 20 2015  5:41PM","","",""
"PL_TB_G_P","PCC","QWAT","","","","","","PHD.OFI_18_6496PB","-1","Feb 20 2015  5:41PM","","",""
"PL_TB_G_P","PCC","QLIQ","","","","","","PHD.OFI_18_6496PC","-1","Feb 20 2015  5:41PM","","",""
"PL_TB_G_P","PCC","QGAS","","","","","","PHD.OFI_18_6496PD","-1","Feb 20 2015  5:41PM","","",""
"PL_TB_G_P","PCC","WC","","","","","","PHD.OFFI_18_6496PA","-1","Feb 20 2015  5:41PM","","",""
"PL_TB_G_P","PCC","GOR","","","","","","PHD.OFFI_18_6496PB","-1","Feb 20 2015  5:41PM","","",""
"PL_TB_G_P","PCC","UCP","","","","","","PHD.PZTI_16_0312","-1","Feb 20 2015  5:41PM","","",""
"PL_TB_G_P","PCC","UCT","","","","","","PHD.TT_16_0311","-1","Feb 20 2015  5:41PM","","",""
"PL_TB_G_P","PCC","DCP","","","","","","PHD.PZTI_16_0313","-1","Feb 20 2015  5:41PM","","",""
"PL_TB_G_P","PCC","DP","","","","","","PHD.PDI_16_0310","-1","Feb 20 2015  5:41PM","","",""
"PL_TB_G_P","PCC","CHOKE","","","","","","PHD.HC_16_0308","-1","Feb 20 2015  5:41PM","","",""
"PL_TB_G_P","PCC","ROUTING","","","","","","PHD.HY_16_0330","-1","Feb 20 2015  5:41PM","","",""
"PL_TB_G_P","PCC","PMFLD","","","","","","","-1","Feb 20 2015  5:41PM","","",""
"PL_TB_G_P","PCC","GASLIFT","","","","","","PHD.FIC_23_0266","-1","Feb 20 2015  5:41PM","","",""
"PL_TB_G_P","PCC","GROUP","","","","","","","-1","Feb 20 2015  5:41PM","","",""
"PL_TB_G_P","PCC","CLUSTER","","","","","","","-1","Feb 20 2015  5:41PM","","",""
"PL_TB_G_T","PCC","EQUIPMENT_NAME","G_T","","","","","","-1","Feb 20 2015  5:41PM","","",""
"PL_TB_G_T","PCC","EQUIPMENT_DESC","G Test - Troll B","","","","","","-1","Feb 20 2015  5:41PM","","",""
"PL_TB_G_T","PCC","QOIL","","","","","","PHD.OFI_18_6496TA","-1","Feb 20 2015  5:41PM","","",""
"PL_TB_G_T","PCC","QWAT","","","","","","PHD.OFI_18_6496TB","-1","Feb 20 2015  5:41PM","","",""
"PL_TB_G_T","PCC","QLIQ","","","","","","PHD.OFI_18_6496TC","-1","Feb 20 2015  5:41PM","","",""
"PL_TB_G_T","PCC","QGAS","","","","","","PHD.OFI_18_6496TD","-1","Feb 20 2015  5:41PM","","",""
"PL_TB_G_T","PCC","WC","","","","","","PHD.OFFI_18_6496TA","-1","Feb 20 2015  5:41PM","","",""
"PL_TB_G_T","PCC","GOR","","","","","","PHD.OFFI_18_6496TB","-1","Feb 20 2015  5:41PM","","",""
"PL_TB_G_T","PCC","UCP","","","","","","PHD.PZTI_16_0362","-1","Feb 20 2015  5:41PM","","",""
"PL_TB_G_T","PCC","UCT","","","","","","PHD.TT_16_0361","-1","Feb 20 2015  5:41PM","","",""
"PL_TB_G_T","PCC","DCP","","","","","","PHD.PZTI_16_0363","-1","Feb 20 2015  5:41PM","","",""
"PL_TB_G_T","PCC","DP","","","","","","PHD.PDI_16_0360","-1","Feb 20 2015  5:41PM","","",""
"PL_TB_G_T","PCC","CHOKE","","","","","","PHD.HC_16_0358","-1","Feb 20 2015  5:41PM","","",""
"PL_TB_G_T","PCC","ROUTING","","","","","","PHD.HY_16_0380","-1","Feb 20 2015  5:41PM","","",""
"PL_TB_G_T","PCC","PMFLD","","","","","","","-1","Feb 20 2015  5:41PM","","",""
"PL_TB_G_T","PCC","GASLIFT","","","","","","PHD.FIC_23_0766","-1","Feb 20 2015  5:41PM","","",""
"PL_TB_G_T","PCC","GROUP","","","","","","","-1","Feb 20 2015  5:41PM","","",""
"PL_TB_G_T","PCC","CLUSTER","","","","","","","-1","Feb 20 2015  5:41PM","","",""
"PL_TB_H_P","PCC","EQUIPMENT_NAME","H_P","","","","","","-1","Feb 20 2015  5:41PM","","",""
"PL_TB_H_P","PCC","EQUIPMENT_DESC","H Prod - Troll B","","","","","","-1","Feb 20 2015  5:41PM","","",""
"PL_TB_H_P","PCC","QOIL","","","","","","PHD.OFI_18_6796PA","-1","Feb 20 2015  5:41PM","","",""
"PL_TB_H_P","PCC","QWAT","","","","","","PHD.OFI_18_6796PB","-1","Feb 20 2015  5:41PM","","",""
"PL_TB_H_P","PCC","QLIQ","","","","","","PHD.OFI_18_6796PC","-1","Feb 20 2015  5:41PM","","",""
"PL_TB_H_P","PCC","QGAS","","","","","","PHD.OFI_18_6796PD","-1","Feb 20 2015  5:41PM","","",""
"PL_TB_H_P","PCC","WC","","","","","","PHD.OFFI_18_6796PA","-1","Feb 20 2015  5:41PM","","",""
"PL_TB_H_P","PCC","GOR","","","","","","PHD.OFFI_18_6796PB","-1","Feb 20 2015  5:41PM","","",""
"PL_TB_H_P","PCC","UCP","","","","","","PHD.PZTI_16_0612","-1","Feb 20 2015  5:41PM","","",""
"PL_TB_H_P","PCC","UCT","","","","","","PHD.TT_16_0611","-1","Feb 20 2015  5:41PM","","",""
"PL_TB_H_P","PCC","DCP","","","","","","PHD.PZTI_16_0613","-1","Feb 20 2015  5:41PM","","",""
"PL_TB_H_P","PCC","DP","","","","","","PHD.PDI_16_0610","-1","Feb 20 2015  5:41PM","","",""
"PL_TB_H_P","PCC","CHOKE","","","","","","PHD.HC_16_0608","-1","Feb 20 2015  5:41PM","","",""
"PL_TB_H_P","PCC","ROUTING","","","","","","PHD.HY_16_0630","-1","Feb 20 2015  5:41PM","","",""
"PL_TB_H_P","PCC","PMFLD","","","","","","PHD.PI_18_6701P","-1","Feb 20 2015  5:41PM","","",""
"PL_TB_H_P","PCC","GASLIFT","","","","","","PHD.FIC_23_0281","-1","Feb 20 2015  5:41PM","","",""
"PL_TB_H_P","PCC","GROUP","","","","","","","-1","Feb 20 2015  5:41PM","","",""
"PL_TB_H_P","PCC","CLUSTER","","","","","","","-1","Feb 20 2015  5:41PM","","",""
"PL_TB_H_T","PCC","EQUIPMENT_NAME","H_T","","","","","","-1","Feb 20 2015  5:41PM","","",""
"PL_TB_H_T","PCC","EQUIPMENT_DESC","H Test - Troll B","","","","","","-1","Feb 20 2015  5:41PM","","",""
"PL_TB_H_T","PCC","QOIL","","","","","","PHD.OFI_18_6796TA","-1","Feb 20 2015  5:41PM","","",""
"PL_TB_H_T","PCC","QWAT","","","","","","PHD.OFI_18_6796TB","-1","Feb 20 2015  5:41PM","","",""
"PL_TB_H_T","PCC","QLIQ","","","","","","PHD.OFI_18_6796TC","-1","Feb 20 2015  5:41PM","","",""
"PL_TB_H_T","PCC","QGAS","","","","","","PHD.OFI_18_6796TD","-1","Feb 20 2015  5:41PM","","",""
"PL_TB_H_T","PCC","WC","","","","","","PHD.OFFI_18_6796TA","-1","Feb 20 2015  5:41PM","","",""
"PL_TB_H_T","PCC","GOR","","","","","","PHD.OFFI_18_6796TB","-1","Feb 20 2015  5:41PM","","",""
"PL_TB_H_T","PCC","UCP","","","","","","PHD.PZTI_16_0662","-1","Feb 20 2015  5:41PM","","",""
"PL_TB_H_T","PCC","UCT","","","","","","PHD.TT_16_0661","-1","Feb 20 2015  5:41PM","","",""
"PL_TB_H_T","PCC","DCP","","","","","","PHD.PZTI_16_0663","-1","Feb 20 2015  5:41PM","","",""
"PL_TB_H_T","PCC","DP","","","","","","PHD.PDI_16_0660","-1","Feb 20 2015  5:41PM","","",""
"PL_TB_H_T","PCC","CHOKE","","","","","","PHD.HC_16_0658","-1","Feb 20 2015  5:41PM","","",""
"PL_TB_H_T","PCC","ROUTING","","","","","","PHD.HY_16_0680","-1","Feb 20 2015  5:41PM","","",""
"PL_TB_H_T","PCC","PMFLD","","","","","","PHD.PI_18_6701T","-1","Feb 20 2015  5:41PM","","",""
"PL_TB_H_T","PCC","GASLIFT","","","","","","PHD.FIC_23_0781","-1","Feb 20 2015  5:41PM","","",""
"PL_TB_H_T","PCC","GROUP","","","","","","","-1","Feb 20 2015  5:41PM","","",""
"PL_TB_H_T","PCC","CLUSTER","","","","","","","-1","Feb 20 2015  5:41PM","","",""
"PL_TB_I_P","PCC","EQUIPMENT_NAME","I_P","","","","","","-1","Feb 20 2015  5:41PM","","",""
"PL_TB_I_P","PCC","EQUIPMENT_DESC","I Prod - Troll B","","","","","","-1","Feb 20 2015  5:41PM","","",""
"PL_TB_I_P","PCC","QOIL","","","","","","PHD.OFI_18_6896PA","-1","Feb 20 2015  5:41PM","","",""
"PL_TB_I_P","PCC","QWAT","","","","","","PHD.OFI_18_6896PB","-1","Feb 20 2015  5:41PM","","",""
"PL_TB_I_P","PCC","QLIQ","","","","","","PHD.OFI_18_6896PC","-1","Feb 20 2015  5:41PM","","",""
"PL_TB_I_P","PCC","QGAS","","","","","","PHD.OFI_18_6896PD","-1","Feb 20 2015  5:41PM","","",""
"PL_TB_I_P","PCC","GOR","","","","","","PHD.OFFI_18_6896PB","-1","Feb 20 2015  5:41PM","","",""
"PL_TB_I_P","PCC","UCP","","","","","","PHD.PZTI_16_0712","-1","Feb 20 2015  5:41PM","","",""
"PL_TB_I_P","PCC","UCT","","","","","","PHD.TT_16_0711","-1","Feb 20 2015  5:41PM","","",""
"PL_TB_I_P","PCC","DCP","","","","","","PHD.PZTI_16_0713","-1","Feb 20 2015  5:41PM","","",""
"PL_TB_I_P","PCC","DP","","","","","","PHD.PDI_16_0710","-1","Feb 20 2015  5:41PM","","",""
"PL_TB_I_P","PCC","CHOKE","","","","","","PHD.HC_16_0708","-1","Feb 20 2015  5:41PM","","",""
"PL_TB_I_P","PCC","ROUTING","","","","","","PHD.HY_16_0730","-1","Feb 20 2015  5:41PM","","",""
"PL_TB_I_P","PCC","PMFLD","","","","","","PHD.PI_18_6801P","-1","Feb 20 2015  5:41PM","","",""
"PL_TB_I_P","PCC","GASLIFT","","","","","","PHD.FIC_23_0286","-1","Feb 20 2015  5:41PM","","",""
"PL_TB_I_P","PCC","GROUP","","","","","","","-1","Feb 20 2015  5:41PM","","",""
"PL_TB_I_P","PCC","CLUSTER","","","","","","","-1","Feb 20 2015  5:41PM","","",""
"PL_TB_I_T","PCC","EQUIPMENT_NAME","I_T","","","","","","-1","Feb 20 2015  5:41PM","","",""
"PL_TB_I_T","PCC","EQUIPMENT_DESC","I Test - Troll B","","","","","","-1","Feb 20 2015  5:41PM","","",""
"PL_TB_I_T","PCC","QOIL","","","","","","PHD.OFI_18_6896TA","-1","Feb 20 2015  5:41PM","","",""
"PL_TB_I_T","PCC","QWAT","","","","","","PHD.OFI_18_6896TB","-1","Feb 20 2015  5:41PM","","",""
"PL_TB_I_T","PCC","QLIQ","","","","","","PHD.OFI_18_6896TC","-1","Feb 20 2015  5:41PM","","",""
"PL_TB_I_T","PCC","QGAS","","","","","","PHD.OFI_18_6896TD","-1","Feb 20 2015  5:41PM","","",""
"PL_TB_I_T","PCC","WC","","","","","","PHD.OFFI_18_6896TA","-1","Feb 20 2015  5:41PM","","",""
"PL_TB_I_T","PCC","GOR","","","","","","PHD.OFFI_18_6896TB","-1","Feb 20 2015  5:41PM","","",""
"PL_TB_I_T","PCC","UCP","","","","","","PHD.PZTI_16_0762","-1","Feb 20 2015  5:41PM","","",""
"PL_TB_I_T","PCC","UCT","","","","","","PHD.TT_16_0761","-1","Feb 20 2015  5:41PM","","",""
"PL_TB_I_T","PCC","DCP","","","","","","PHD.PZTI_16_0763","-1","Feb 20 2015  5:41PM","","",""
"PL_TB_I_T","PCC","DP","","","","","","PHD.PDI_16_0760","-1","Feb 20 2015  5:41PM","","",""
"PL_TB_I_T","PCC","CHOKE","","","","","","PHD.HC_16_0758","-1","Feb 20 2015  5:41PM","","",""
"PL_TB_I_T","PCC","ROUTING","","","","","","PHD.HY_16_0780","-1","Feb 20 2015  5:41PM","","",""
"PL_TB_I_T","PCC","PMFLD","","","","","","PHD.PI_18_6801T","-1","Feb 20 2015  5:41PM","","",""
"PL_TB_I_T","PCC","GASLIFT","","","","","","PHD.FIC_23_0786","-1","Feb 20 2015  5:41PM","","",""
"PL_TB_I_T","PCC","GROUP","","","","","","","-1","Feb 20 2015  5:41PM","","",""
"PL_TB_I_T","PCC","CLUSTER","","","","","","","-1","Feb 20 2015  5:41PM","","",""
"PL_TB_J_P","PCC","EQUIPMENT_NAME","J_P","","","","","","-1","Feb 20 2015  5:41PM","","",""
"PL_TB_J_P","PCC","EQUIPMENT_DESC","J Prod - Troll B","","","","","","-1","Feb 20 2015  5:41PM","","",""
"PL_TB_J_P","PCC","QOIL","","","","","","PHD.OFI_18_6996PA","-1","Feb 20 2015  5:41PM","","",""
"PL_TB_J_P","PCC","QWAT","","","","","","PHD.OFI_18_6996PB","-1","Feb 20 2015  5:41PM","","",""
"PL_TB_J_P","PCC","QLIQ","","","","","","PHD.OFI_18_6996PC","-1","Feb 20 2015  5:41PM","","",""
"PL_TB_J_P","PCC","QGAS","","","","","","PHD.OFI_18_6996PD","-1","Feb 20 2015  5:41PM","","",""
"PL_TB_J_P","PCC","WC","","","","","","PHD.OFFI_18_6996PA","-1","Feb 20 2015  5:41PM","","",""
"PL_TB_J_P","PCC","GOR","","","","","","PHD.OFFI_18_6996PB","-1","Feb 20 2015  5:41PM","","",""
"PL_TB_J_P","PCC","UCP","","","","","","PHD.PZTI_16_0812","-1","Feb 20 2015  5:41PM","","",""
"PL_TB_J_P","PCC","UCT","","","","","","PHD.TT_16_0811","-1","Feb 20 2015  5:41PM","","",""
"PL_TB_J_P","PCC","DCP","","","","","","PHD.PZTI_16_0813","-1","Feb 20 2015  5:41PM","","",""
"PL_TB_J_P","PCC","DP","","","","","","PHD.PDI_16_0810","-1","Feb 20 2015  5:41PM","","",""
"PL_TB_J_P","PCC","CHOKE","","","","","","PHD.HC_16_0808","-1","Feb 20 2015  5:41PM","","",""
"PL_TB_J_P","PCC","ROUTING","","","","","","PHD.HY_16_0830","-1","Feb 20 2015  5:41PM","","",""
"PL_TB_J_P","PCC","PMFLD","","","","","","PHD.PI_18_6901P","-1","Feb 20 2015  5:41PM","","",""
"PL_TB_J_P","PCC","GASLIFT","","","","","","PHD.FIC_23_0291","-1","Feb 20 2015  5:41PM","","",""
"PL_TB_J_P","PCC","GROUP","","","","","","","-1","Feb 20 2015  5:41PM","","",""
"PL_TB_J_P","PCC","CLUSTER","","","","","","","-1","Feb 20 2015  5:41PM","","",""
"PL_TB_J_T","PCC","EQUIPMENT_NAME","J_T","","","","","","-1","Feb 20 2015  5:41PM","","",""
"PL_TB_J_T","PCC","EQUIPMENT_DESC","J Test - Troll B","","","","","","-1","Feb 20 2015  5:41PM","","",""
"PL_TB_J_T","PCC","QOIL","","","","","","PHD.OFI_18_6996TA","-1","Feb 20 2015  5:41PM","","",""
"PL_TB_J_T","PCC","QWAT","","","","","","PHD.OFI_18_6996TB","-1","Feb 20 2015  5:41PM","","",""
"PL_TB_J_T","PCC","QLIQ","","","","","","PHD.OFI_18_6996TC","-1","Feb 20 2015  5:41PM","","",""
"PL_TB_J_T","PCC","QGAS","","","","","","PHD.OFI_18_6996TD","-1","Feb 20 2015  5:41PM","","",""
"PL_TB_J_T","PCC","WC","","","","","","PHD.OFFI_18_6996TA","-1","Feb 20 2015  5:41PM","","",""
"PL_TB_J_T","PCC","GOR","","","","","","PHD.OFFI_18_6996TB","-1","Feb 20 2015  5:41PM","","",""
"PL_TB_J_T","PCC","UCP","","","","","","PHD.PZTI_16_0862","-1","Feb 20 2015  5:41PM","","",""
"PL_TB_J_T","PCC","UCT","","","","","","PHD.TT_16_0861","-1","Feb 20 2015  5:41PM","","",""
"PL_TB_J_T","PCC","DCP","","","","","","PHD.PZTI_16_0863","-1","Feb 20 2015  5:41PM","","",""
"PL_TB_J_T","PCC","DP","","","","","","PHD.PDI_16_0860","-1","Feb 20 2015  5:41PM","","",""
"PL_TB_J_T","PCC","CHOKE","","","","","","PHD.HC_16_0858","-1","Feb 20 2015  5:41PM","","",""
"PL_TB_J_T","PCC","ROUTING","","","","","","PHD.HY_16_0880","-1","Feb 20 2015  5:41PM","","",""
"PL_TB_J_T","PCC","PMFLD","","","","","","PHD.PI_18_6901T","-1","Feb 20 2015  5:41PM","","",""
"PL_TB_J_T","PCC","GASLIFT","","","","","","PHD.FIC_23_0791","-1","Feb 20 2015  5:41PM","","",""
"PL_TB_J_T","PCC","GROUP","","","","","","","-1","Feb 20 2015  5:41PM","","",""
"PL_TB_J_T","PCC","CLUSTER","","","","","","","-1","Feb 20 2015  5:41PM","","",""
"PL_TB_K_P","PCC","EQUIPMENT_NAME","K_P","","","","","","-1","Feb 20 2015  5:41PM","","",""
"PL_TB_K_P","PCC","EQUIPMENT_DESC","K Prod - Troll B","","","","","","-1","Feb 20 2015  5:41PM","","",""
"PL_TB_K_P","PCC","QOIL","","","","","","PHD.OFI_18_7096PA","-1","Feb 20 2015  5:41PM","","",""
"PL_TB_K_P","PCC","QWAT","","","","","","PHD.OFI_18_7096PB","-1","Feb 20 2015  5:41PM","","",""
"PL_TB_K_P","PCC","QLIQ","","","","","","PHD.OFI_18_7096PC","-1","Feb 20 2015  5:41PM","","",""
"PL_TB_K_P","PCC","QGAS","","","","","","PHD.OFI_18_7096PD","-1","Feb 20 2015  5:41PM","","",""
"PL_TB_K_P","PCC","WC","","","","","","PHD.OFFI_18_7096PA","-1","Feb 20 2015  5:41PM","","",""
"PL_TB_K_P","PCC","GOR","","","","","","PHD.OFFI_18_7096PB","-1","Feb 20 2015  5:41PM","","",""
"PL_TB_K_P","PCC","UCP","","","","","","PHD.PZTI_16_0512","-1","Feb 20 2015  5:41PM","","",""
"PL_TB_K_P","PCC","UCT","","","","","","PHD.TT_16_0511","-1","Feb 20 2015  5:41PM","","",""
"PL_TB_K_P","PCC","DCP","","","","","","PHD.PZTI_16_0513","-1","Feb 20 2015  5:41PM","","",""
"PL_TB_K_P","PCC","DP","","","","","","PHD.PDI_16_0510","-1","Feb 20 2015  5:41PM","","",""
"PL_TB_K_P","PCC","CHOKE","","","","","","PHD.HC_16_0508","-1","Feb 20 2015  5:41PM","","",""
"PL_TB_K_P","PCC","ROUTING","","","","","","PHD.HY_16_0530","-1","Feb 20 2015  5:41PM","","",""
"PL_TB_K_P","PCC","PMFLD","","","","","","PHD.PI_18_7001P","-1","Feb 20 2015  5:41PM","","",""
"PL_TB_K_P","PCC","GASLIFT","","","","","","PHD.FIC_23_0276","-1","Feb 20 2015  5:41PM","","",""
"PL_TB_K_P","PCC","GROUP","","","","","","","-1","Feb 20 2015  5:41PM","","",""
"PL_TB_K_P","PCC","CLUSTER","","","","","","","-1","Feb 20 2015  5:41PM","","",""
"PL_TB_K_T","PCC","EQUIPMENT_NAME","K_T","","","","","","-1","Feb 20 2015  5:41PM","","",""
"PL_TB_K_T","PCC","EQUIPMENT_DESC","K Test - Troll B","","","","","","-1","Feb 20 2015  5:41PM","","",""
"PL_TB_K_T","PCC","QOIL","","","","","","PHD.OFI_18_7096TA","-1","Feb 20 2015  5:41PM","","",""
"PL_TB_K_T","PCC","QWAT","","","","","","PHD.OFI_18_7096TB","-1","Feb 20 2015  5:41PM","","",""
"PL_TB_K_T","PCC","QLIQ","","","","","","PHD.OFI_18_7096TC","-1","Feb 20 2015  5:41PM","","",""
"PL_TB_K_T","PCC","QGAS","","","","","","PHD.OFI_18_7096TD","-1","Feb 20 2015  5:41PM","","",""
"PL_TB_K_T","PCC","GOR","","","","","","PHD.OFFI_18_7096TB","-1","Feb 20 2015  5:41PM","","",""
"PL_TB_K_T","PCC","UCP","","","","","","PHD.PZTI_16_0562","-1","Feb 20 2015  5:41PM","","",""
"PL_TB_K_T","PCC","UCT","","","","","","PHD.TT_16_0561","-1","Feb 20 2015  5:41PM","","",""
"PL_TB_K_T","PCC","DCP","","","","","","PHD.PZTI_16_0563","-1","Feb 20 2015  5:41PM","","",""
"PL_TB_K_T","PCC","DP","","","","","","PHD.PDI_16_0560","-1","Feb 20 2015  5:41PM","","",""
"PL_TB_K_T","PCC","CHOKE","","","","","","PHD.HC_16_0558","-1","Feb 20 2015  5:41PM","","",""
"PL_TB_K_T","PCC","ROUTING","","","","","","PHD.HY_16_0580","-1","Feb 20 2015  5:41PM","","",""
"PL_TB_K_T","PCC","PMFLD","","","","","","PHD.PI_18_7001T","-1","Feb 20 2015  5:41PM","","",""
"PL_TB_K_T","PCC","GASLIFT","","","","","","PHD.FIC_23_0776","-1","Feb 20 2015  5:41PM","","",""
"PL_TB_K_T","PCC","GROUP","","","","","","","-1","Feb 20 2015  5:41PM","","",""
"PL_TB_K_T","PCC","CLUSTER","","","","","","","-1","Feb 20 2015  5:41PM","","",""
"PL_TB_L_P","PCC","EQUIPMENT_NAME","L_P","","","","","","-1","Feb 20 2015  5:41PM","","",""
"PL_TB_L_P","PCC","EQUIPMENT_DESC","L Prod - Troll B","","","","","","-1","Feb 20 2015  5:41PM","","",""
"PL_TB_L_P","PCC","QOIL","","","","","","PHD.OFI_18_7196PA","-1","Feb 20 2015  5:41PM","","",""
"PL_TB_L_P","PCC","QWAT","","","","","","PHD.OFI_18_7196PB","-1","Feb 20 2015  5:41PM","","",""
"PL_TB_L_P","PCC","QLIQ","","","","","","PHD.OFI_18_7196PC","-1","Feb 20 2015  5:41PM","","",""
"PL_TB_L_P","PCC","QGAS","","","","","","PHD.OFI_18_7196PD","-1","Feb 20 2015  5:41PM","","",""
"PL_TB_L_P","PCC","WC","","","","","","PHD.OFFI_18_7196PA","-1","Feb 20 2015  5:41PM","","",""
"PL_TB_L_P","PCC","GOR","","","","","","PHD.OFFI_18_7196PB","-1","Feb 20 2015  5:41PM","","",""
"PL_TB_L_P","PCC","UCP","","","","","","PHD.PZTI_16_0412","-1","Feb 20 2015  5:41PM","","",""
"PL_TB_L_P","PCC","UCT","","","","","","PHD.TT_16_0411","-1","Feb 20 2015  5:41PM","","",""
"PL_TB_L_P","PCC","DCP","","","","","","PHD.PZTI_16_0413","-1","Feb 20 2015  5:41PM","","",""
"PL_TB_L_P","PCC","DP","","","","","","PHD.PDI_16_0410","-1","Feb 20 2015  5:41PM","","",""
"PL_TB_L_P","PCC","CHOKE","","","","","","PHD.HC_16_0408","-1","Feb 20 2015  5:41PM","","",""
"PL_TB_L_P","PCC","ROUTING","","","","","","PHD.HY_16_0430","-1","Feb 20 2015  5:41PM","","",""
"PL_TB_L_P","PCC","PMFLD","","","","","","PHD.PI_18_7101P","-1","Feb 20 2015  5:41PM","","",""
"PL_TB_L_P","PCC","GASLIFT","","","","","","PHD.FIC_23_0271","-1","Feb 20 2015  5:41PM","","",""
"PL_TB_L_P","PCC","GROUP","","","","","","","-1","Feb 20 2015  5:41PM","","",""
"PL_TB_L_P","PCC","CLUSTER","","","","","","","-1","Feb 20 2015  5:41PM","","",""
"PL_TB_L_T","PCC","EQUIPMENT_NAME","L_T","","","","","","-1","Feb 20 2015  5:41PM","","",""
"PL_TB_L_T","PCC","EQUIPMENT_DESC","L Test - Troll B","","","","","","-1","Feb 20 2015  5:41PM","","",""
"PL_TB_L_T","PCC","QOIL","","","","","","PHD.OFI_18_7196TA","-1","Feb 20 2015  5:41PM","","",""
"PL_TB_L_T","PCC","QWAT","","","","","","PHD.OFI_18_7196TB","-1","Feb 20 2015  5:41PM","","",""
"PL_TB_L_T","PCC","QLIQ","","","","","","PHD.OFI_18_7196TC","-1","Feb 20 2015  5:41PM","","",""
"PL_TB_L_T","PCC","QGAS","","","","","","PHD.OFI_18_7196TD","-1","Feb 20 2015  5:41PM","","",""
"PL_TB_L_T","PCC","WC","","","","","","PHD.OFFI_18_7196TA","-1","Feb 20 2015  5:41PM","","",""
"PL_TB_L_T","PCC","GOR","","","","","","PHD.OFFI_18_7196TB","-1","Feb 20 2015  5:41PM","","",""
"PL_TB_L_T","PCC","UCP","","","","","","PHD.PZTI_16_0462","-1","Feb 20 2015  5:41PM","","",""
"PL_TB_L_T","PCC","UCT","","","","","","PHD.TT_16_0461","-1","Feb 20 2015  5:41PM","","",""
"PL_TB_L_T","PCC","DCP","","","","","","PHD.PZTI_16_0463","-1","Feb 20 2015  5:41PM","","",""
"PL_TB_L_T","PCC","DP","","","","","","PHD.PDI_16_0460","-1","Feb 20 2015  5:41PM","","",""
"PL_TB_L_T","PCC","CHOKE","","","","","","PHD.HC_16_0458","-1","Feb 20 2015  5:41PM","","",""
"PL_TB_L_T","PCC","ROUTING","","","","","","PHD.HY_16_0480","-1","Feb 20 2015  5:41PM","","",""
"PL_TB_L_T","PCC","PMFLD","","","","","","PHD.PI_18_7101T","-1","Feb 20 2015  5:41PM","","",""
"PL_TB_L_T","PCC","GASLIFT","","","","","","PHD.FIC_23_0771","-1","Feb 20 2015  5:41PM","","",""
"PL_TB_L_T","PCC","GROUP","","","","","","","-1","Feb 20 2015  5:41PM","","",""
"PL_TB_L_T","PCC","CLUSTER","","","","","","","-1","Feb 20 2015  5:41PM","","",""
"ROOT","PCC","EQUIPMENT_NAME","ROOT","","","","","","-1","Feb 20 2015  5:41PM","","",""
"ROOT","PCC","EQUIPMENT_DESC","ROOT","","","","","","-1","Feb 20 2015  5:41PM","","",""
"W_TB_D_01","PCC","EQUIPMENT_NAME","D1","","","","","","-1","Feb 20 2015  5:41PM","","",""
"W_TB_D_01","PCC","EQUIPMENT_DESC","D1- Troll B","","","","","","-1","Feb 20 2015  5:41PM","","",""
"W_TB_D_01","PCC","QOIL","","","","","","PHD.OFI_18_0196A","-1","Feb 20 2015  5:41PM","","",""
"W_TB_D_01","PCC","QWAT","","","","","","PHD.OFI_18_0196B","-1","Feb 20 2015  5:41PM","","",""
"W_TB_D_01","PCC","QLIQ","","","","","","PHD.OFI_18_0196C","-1","Feb 20 2015  5:41PM","","",""
"W_TB_D_01","PCC","QGAS","","","","","","PHD.OFI_18_0196D","-1","Feb 20 2015  5:41PM","","",""
"W_TB_D_01","PCC","WC","","","","","","PHD.OFFI_18_0196A","-1","Feb 20 2015  5:41PM","","",""
"W_TB_D_01","PCC","GOR","","","","","","PHD.OFFI_18_0196B","-1","Feb 20 2015  5:41PM","","",""
"W_TB_D_01","PCC","UCP","","","","","","PHD.PZI_18_0115","-1","Feb 20 2015  5:41PM","","",""
"W_TB_D_01","PCC","UCT","","","","","","PHD.TI_18_0123","-1","Feb 20 2015  5:41PM","","",""
"W_TB_D_01","PCC","DCP","","","","","","PHD.PZI_18_0117","-1","Feb 20 2015  5:41PM","","",""
"W_TB_D_01","PCC","DCT","","","","","","PHD.TI_18_0116","-1","Feb 20 2015  5:41PM","","",""
"W_TB_D_01","PCC","UCP_CALC","","","","","","PHD.NPY_18_0196B","-1","Feb 20 2015  5:41PM","","",""
"W_TB_D_01","PCC","UCT_CALC","","","","","","PHD.NTY_18_0196B","-1","Feb 20 2015  5:41PM","","",""
"W_TB_D_01","PCC","DCP_CALC","","","","","","PHD.NPY_18_0196C","-1","Feb 20 2015  5:41PM","","",""
"W_TB_D_01","PCC","DCT_CALC","","","","","","PHD.NTY_18_0196C","-1","Feb 20 2015  5:41PM","","",""
"W_TB_D_01","PCC","DP","","","","","","PHD.PDI_18_0106","-1","Feb 20 2015  5:41PM","","",""
"W_TB_D_01","PCC","CHOKE","","","","","","PHD.GI_18_0106A","-1","Feb 20 2015  5:41PM","","",""
"W_TB_D_01","PCC","CHOKE_CMD","","","","","","PHD.GI_18_0106B","-1","Feb 20 2015  5:41PM","","",""
"W_TB_D_01","PCC","CHOKE_CALC","","","","","","PHD.NGI_18_0106B","-1","Feb 20 2015  5:41PM","","",""
"W_TB_D_01","PCC","ERRF","","","","","","PHD.NFI_18_0196Z","-1","Feb 20 2015  5:41PM","","",""
"W_TB_D_01","PCC","MODUS","","","","","","PHD.HS_18_0106B","-1","Feb 20 2015  5:41PM","","",""
"W_TB_D_01","PCC","STATUS","","","","","","PHD.NI_18_0163","-1","Feb 20 2015  5:41PM","","",""
"W_TB_D_01","PCC","ROUTING","","","","","","PHD.GS_18_0109P","-1","Feb 20 2015  5:41PM","","",""
"W_TB_D_01","PCC","MeOH","","","","","","PHD.OFI_18_0196G","-1","Feb 20 2015  5:41PM","","",""
"W_TB_D_01","PCC","DHSVL","","","","","","PHD.GSH_18_0101","-1","Feb 20 2015  5:41PM","","",""
"W_TB_D_01","PCC","DHSVU","","","","","","PHD.GSH_18_0102","-1","Feb 20 2015  5:41PM","","",""
"W_TB_D_01","PCC","PMV","","","","","","PHD.GSH_18_0103","-1","Feb 20 2015  5:41PM","","",""
"W_TB_D_01","PCC","PWV","","","","","","PHD.GSH_18_0104","-1","Feb 20 2015  5:41PM","","",""
"W_TB_D_01","PCC","AMV","","","","","","PHD.GSH_18_0118","-1","Feb 20 2015  5:41PM","","",""
"W_TB_D_01","PCC","AWV","","","","","","PHD.GSH_18_0112","-1","Feb 20 2015  5:41PM","","",""
"W_TB_D_01","PCC","XOV","","","","","","PHD.GSH_18_0119","-1","Feb 20 2015  5:41PM","","",""
"W_TB_D_01","PCC","GLV","","","","","","PHD.GI_18_0145","-1","Feb 20 2015  5:41PM","","",""
"W_TB_D_01","PCC","PCV","","","","","","PHD.GSL_18_01_06","-1","Feb 20 2015  5:41PM","","",""
"W_TB_D_01","PCC","PFORM_CALC","","","","","","PHD.NPY_18_0196A","-1","Feb 20 2015  5:41PM","","",""
"W_TB_D_01","PCC","TFORM_CALC","","","","","","PHD.NTY_18_0196A","-1","Feb 20 2015  5:41PM","","",""
"W_TB_D_01","PCC","CHOKE_POS_PER","","","","","","PHD.GI_18_0106E","-1","Feb 20 2015  5:41PM","","",""
"W_TB_D_01","PCC","TAG_32","","","","","","PHD.OFC_18_0196A","-1","Feb 20 2015  5:41PM","","",""
"W_TB_D_01","PCC","TAG_33","","","","","","PHD.OFC_18_0196B","-1","Feb 20 2015  5:41PM","","",""
"W_TB_D_01","PCC","TAG_35","","","","","","PHD.OFC_18_0196D","-1","Feb 20 2015  5:41PM","","",""
"W_TB_D_01","PCC","TAG_36","","","","","","PHD.OFFI_18_0196C","-1","Feb 20 2015  5:41PM","","",""
"W_TB_D_01","PCC","GROUP","","","","","","","-1","Feb 20 2015  5:41PM","","",""
"W_TB_D_01","PCC","CLUSTER","","","","","","","-1","Feb 20 2015  5:41PM","","",""
"W_TB_D_01","PCC","QOILTARGET","","","","","","PHD.UR_18_0101A_X","-1","Feb 20 2015  5:41PM","","",""
"W_TB_D_01","PCC","QOILMIN","","","","","","PHD.URL_18_0101A_X","-1","Feb 20 2015  5:41PM","","",""
"W_TB_D_01","PCC","QOILMAX","","","","","","PHD.URH_18_0101A_X","-1","Feb 20 2015  5:41PM","","",""
"W_TB_D_01","PCC","QLIQTARGET","","","","","","PHD.UR_18_0101C_X","-1","Feb 20 2015  5:41PM","","",""
"W_TB_D_01","PCC","LIQMIN","","","","","","PHD.URL_18_0101C_X","-1","Feb 20 2015  5:41PM","","",""
"W_TB_D_01","PCC","QLIQMAX","","","","","","PHD.URH_18_0101C_X","-1","Feb 20 2015  5:41PM","","",""
"W_TB_D_02","PCC","EQUIPMENT_NAME","D2","","","","","","-1","Feb 20 2015  5:41PM","","",""
"W_TB_D_02","PCC","EQUIPMENT_DESC","D2- Troll B","","","","","","-1","Feb 20 2015  5:41PM","","",""
"W_TB_D_02","PCC","QOIL","","","","","","PHD.OFI_18_0296A","-1","Feb 20 2015  5:41PM","","",""
"W_TB_D_02","PCC","QWAT","","","","","","PHD.OFI_18_0296B","-1","Feb 20 2015  5:41PM","","",""
"W_TB_D_02","PCC","QLIQ","","","","","","PHD.OFI_18_0296C","-1","Feb 20 2015  5:41PM","","",""
"W_TB_D_02","PCC","QGAS","","","","","","PHD.OFI_18_0296D","-1","Feb 20 2015  5:41PM","","",""
"W_TB_D_02","PCC","WC","","","","","","PHD.OFFI_18_0296A","-1","Feb 20 2015  5:41PM","","",""
"W_TB_D_02","PCC","GOR","","","","","","PHD.OFFI_18_0296B","-1","Feb 20 2015  5:41PM","","",""
"W_TB_D_02","PCC","UCP","","","","","","PHD.PZI_18_0215","-1","Feb 20 2015  5:41PM","","",""
"W_TB_D_02","PCC","UCT","","","","","","PHD.TI_18_0223","-1","Feb 20 2015  5:41PM","","",""
"W_TB_D_02","PCC","DCP","","","","","","PHD.PZI_18_0217","-1","Feb 20 2015  5:41PM","","",""
"W_TB_D_02","PCC","DCT","","","","","","PHD.TI_18_0216","-1","Feb 20 2015  5:41PM","","",""
"W_TB_D_02","PCC","UCP_CALC","","","","","","PHD.NPY_18_0296B","-1","Feb 20 2015  5:41PM","","",""
"W_TB_D_02","PCC","UCT_CALC","","","","","","PHD.NTY_18_0296B","-1","Feb 20 2015  5:41PM","","",""
"W_TB_D_02","PCC","DCP_CALC","","","","","","PHD.NPY_18_0296C","-1","Feb 20 2015  5:41PM","","",""
"W_TB_D_02","PCC","DCT_CALC","","","","","","PHD.NTY_18_0296C","-1","Feb 20 2015  5:41PM","","",""
"W_TB_D_02","PCC","DP","","","","","","PHD.PDI_18_0206","-1","Feb 20 2015  5:41PM","","",""
"W_TB_D_02","PCC","CHOKE","","","","","","PHD.GI_18_0206A","-1","Feb 20 2015  5:41PM","","",""
"W_TB_D_02","PCC","CHOKE_CMD","","","","","","PHD.GI_18_0206B","-1","Feb 20 2015  5:41PM","","",""
"W_TB_D_02","PCC","CHOKE_CALC","","","","","","PHD.NGI_18_0206B","-1","Feb 20 2015  5:41PM","","",""
"W_TB_D_02","PCC","ERRF","","","","","","PHD.NFI_18_0296Z","-1","Feb 20 2015  5:41PM","","",""
"W_TB_D_02","PCC","MODUS","","","","","","PHD.HS_18_0206B","-1","Feb 20 2015  5:41PM","","",""
"W_TB_D_02","PCC","STATUS","","","","","","PHD.NI_18_6363","-1","Feb 20 2015  5:41PM","","",""
"W_TB_D_02","PCC","ROUTING","","","","","","PHD.GS_18_0209P","-1","Feb 20 2015  5:41PM","","",""
"W_TB_D_02","PCC","MeOH","","","","","","PHD.OFI_18_0296G","-1","Feb 20 2015  5:41PM","","",""
"W_TB_D_02","PCC","DHSVL","","","","","","PHD.GSH_18_0201","-1","Feb 20 2015  5:41PM","","",""
"W_TB_D_02","PCC","DHSVU","","","","","","PHD.GSH_18_0202","-1","Feb 20 2015  5:41PM","","",""
"W_TB_D_02","PCC","PMV","","","","","","PHD.GSH_18_0203","-1","Feb 20 2015  5:41PM","","",""
"W_TB_D_02","PCC","PWV","","","","","","PHD.GSH_18_0204","-1","Feb 20 2015  5:41PM","","",""
"W_TB_D_02","PCC","AMV","","","","","","PHD.GSH_18_0218","-1","Feb 20 2015  5:41PM","","",""
"W_TB_D_02","PCC","AWV","","","","","","PHD.GSH_18_0212","-1","Feb 20 2015  5:41PM","","",""
"W_TB_D_02","PCC","XOV","","","","","","PHD.GSH_18_0219","-1","Feb 20 2015  5:41PM","","",""
"W_TB_D_02","PCC","GLV","","","","","","PHD.GI_18_0245","-1","Feb 20 2015  5:41PM","","",""
"W_TB_D_02","PCC","PCV","","","","","","PHD.GSL_18_02_06","-1","Feb 20 2015  5:41PM","","",""
"W_TB_D_02","PCC","PFORM_CALC","","","","","","PHD.NPY_18_0296A","-1","Feb 20 2015  5:41PM","","",""
"W_TB_D_02","PCC","TFORM_CALC","","","","","","PHD.NTY_18_0296A","-1","Feb 20 2015  5:41PM","","",""
"W_TB_D_02","PCC","CHOKE_POS_PER","","","","","","PHD.GI_18_0206E","-1","Feb 20 2015  5:41PM","","",""
"W_TB_D_02","PCC","TAG_32","","","","","","PHD.OFC_18_0296A","-1","Feb 20 2015  5:41PM","","",""
"W_TB_D_02","PCC","TAG_33","","","","","","PHD.OFC_18_0296B","-1","Feb 20 2015  5:41PM","","",""
"W_TB_D_02","PCC","TAG_34","","","","","","PHD.OFC_18_0296C","-1","Feb 20 2015  5:41PM","","",""
"W_TB_D_02","PCC","TAG_35","","","","","","PHD.OFC_18_0296D","-1","Feb 20 2015  5:41PM","","",""
"W_TB_D_02","PCC","TAG_36","","","","","","PHD.OFFI_18_0296C","-1","Feb 20 2015  5:41PM","","",""
"W_TB_D_02","PCC","GROUP","","","","","","","-1","Feb 20 2015  5:41PM","","",""
"W_TB_D_02","PCC","CLUSTER","","","","","","","-1","Feb 20 2015  5:41PM","","",""
"W_TB_D_02","PCC","QOILTARGET","","","","","","PHD.UR_18_0201A_X","-1","Feb 20 2015  5:41PM","","",""
"W_TB_D_02","PCC","QOILMIN","","","","","","PHD.URL_18_0201A_X","-1","Feb 20 2015  5:41PM","","",""
"W_TB_D_02","PCC","QOILMAX","","","","","","PHD.URH_18_0201A_X","-1","Feb 20 2015  5:41PM","","",""
"W_TB_D_02","PCC","QLIQTARGET","","","","","","PHD.UR_18_0201C_X","-1","Feb 20 2015  5:41PM","","",""
"W_TB_D_02","PCC","LIQMIN","","","","","","PHD.URL_18_0201C_X","-1","Feb 20 2015  5:41PM","","",""
"W_TB_D_02","PCC","QLIQMAX","","","","","","PHD.URH_18_0201C_X","-1","Feb 20 2015  5:41PM","","",""
"W_TB_D_03","PCC","EQUIPMENT_NAME","D3","","","","","","-1","Feb 20 2015  5:41PM","","",""
"W_TB_D_03","PCC","EQUIPMENT_DESC","D3- Troll B","","","","","","-1","Feb 20 2015  5:41PM","","",""
"W_TB_D_03","PCC","QOIL","","","","","","PHD.OFI_18_0396A","-1","Feb 20 2015  5:41PM","","",""
"W_TB_D_03","PCC","QWAT","","","","","","PHD.OFI_18_0396B","-1","Feb 20 2015  5:41PM","","",""
"W_TB_D_03","PCC","QLIQ","","","","","","PHD.OFI_18_0396C","-1","Feb 20 2015  5:41PM","","",""
"W_TB_D_03","PCC","QGAS","","","","","","PHD.OFI_18_0396D","-1","Feb 20 2015  5:41PM","","",""
"W_TB_D_03","PCC","WC","","","","","","PHD.OFFI_18_0396A","-1","Feb 20 2015  5:41PM","","",""
"W_TB_D_03","PCC","GOR","","","","","","PHD.OFFI_18_0396B","-1","Feb 20 2015  5:41PM","","",""
"W_TB_D_03","PCC","UCP","","","","","","PHD.PZI_18_0315","-1","Feb 20 2015  5:41PM","","",""
"W_TB_D_03","PCC","UCT","","","","","","PHD.TI_18_0323","-1","Feb 20 2015  5:41PM","","",""
"W_TB_D_03","PCC","DCP","","","","","","PHD.PZI_18_0317","-1","Feb 20 2015  5:41PM","","",""
"W_TB_D_03","PCC","DCT","","","","","","PHD.TI_18_0316","-1","Feb 20 2015  5:41PM","","",""
"W_TB_D_03","PCC","UCP_CALC","","","","","","PHD.NPY_18_0396B","-1","Feb 20 2015  5:41PM","","",""
"W_TB_D_03","PCC","UCT_CALC","","","","","","PHD.NTY_18_0396B","-1","Feb 20 2015  5:41PM","","",""
"W_TB_D_03","PCC","DCP_CALC","","","","","","PHD.NPY_18_0396C","-1","Feb 20 2015  5:41PM","","",""
"W_TB_D_03","PCC","DCT_CALC","","","","","","PHD.NTY_18_0396C","-1","Feb 20 2015  5:41PM","","",""
"W_TB_D_03","PCC","DP","","","","","","PHD.PDI_18_0306","-1","Feb 20 2015  5:41PM","","",""
"W_TB_D_03","PCC","CHOKE","","","","","","PHD.GI_18_0306A","-1","Feb 20 2015  5:41PM","","",""
"W_TB_D_03","PCC","CHOKE_CMD","","","","","","PHD.GI_18_0306B","-1","Feb 20 2015  5:41PM","","",""
"W_TB_D_03","PCC","CHOKE_CALC","","","","","","PHD.NGI_18_0306B","-1","Feb 20 2015  5:41PM","","",""
"W_TB_D_03","PCC","ERRF","","","","","","PHD.NFI_18_0396Z","-1","Feb 20 2015  5:41PM","","",""
"W_TB_D_03","PCC","MODUS","","","","","","PHD.HS_18_0306B","-1","Feb 20 2015  5:41PM","","",""
"W_TB_D_03","PCC","STATUS","","","","","","PHD.NI_18_0363","-1","Feb 20 2015  5:41PM","","",""
"W_TB_D_03","PCC","ROUTING","","","","","","PHD.GS_18_0309P","-1","Feb 20 2015  5:41PM","","",""
"W_TB_D_03","PCC","MeOH","","","","","","PHD.OFI_18_0396G","-1","Feb 20 2015  5:41PM","","",""
